법정동코드,시도명,시군구명,읍면동명,리명,순번,생성일자
1100000000,서울특별시,,,,11,1988-04-23
1111000000,서울특별시,종로구,,,1,1988-04-23
1111010100,서울특별시,종로구,청운동,,1,1988-04-23
1111010200,서울특별시,종로구,신교동,,2,1988-04-23
1111010300,서울특별시,종로구,궁정동,,3,1988-04-23
1111010400,서울특별시,종로구,효자동,,4,1988-04-23
1111010500,서울특별시,종로구,창성동,,5,1988-04-23
1111010600,서울특별시,종로구,통의동,,6,1988-04-23
1111010700,서울특별시,종로구,적선동,,7,1988-04-23
1111010800,서울특별시,종로구,통인동,,8,1988-04-23
1111010900,서울특별시,종로구,누상동,,9,1988-04-23
1111011000,서울특별시,종로구,누하동,,10,1988-04-23
1111011100,서울특별시,종로구,옥인동,,11,1988-04-23
1111011200,서울특별시,종로구,체부동,,12,1988-04-23
1111011300,서울특별시,종로구,필운동,,13,1988-04-23
1111011400,서울특별시,종로구,내자동,,14,1988-04-23
1111011500,서울특별시,종로구,사직동,,15,1988-04-23
1111011600,서울특별시,종로구,도렴동,,16,1998-12-01
1111011700,서울특별시,종로구,당주동,,17,1998-12-01
1111011800,서울특별시,종로구,내수동,,18,1998-12-01
1111011900,서울특별시,종로구,세종로,,19,1998-12-01
1111012000,서울특별시,종로구,신문로1가,,20,1998-12-01
1111012100,서울특별시,종로구,신문로2가,,21,1998-12-01
1111012200,서울특별시,종로구,청진동,,22,1998-12-01
1111012300,서울특별시,종로구,서린동,,23,1998-12-01
1111012400,서울특별시,종로구,수송동,,24,1998-12-01
1111012500,서울특별시,종로구,중학동,,25,1998-12-01
1111012600,서울특별시,종로구,종로1가,,26,1998-12-01
1111012700,서울특별시,종로구,공평동,,27,1998-12-01
1111012800,서울특별시,종로구,관훈동,,28,1998-12-01
1111012900,서울특별시,종로구,견지동,,29,1998-12-01
1111013000,서울특별시,종로구,와룡동,,30,1998-12-01
1111013100,서울특별시,종로구,권농동,,31,1998-12-01
1111013200,서울특별시,종로구,운니동,,32,1998-12-01
1111013300,서울특별시,종로구,익선동,,33,1998-12-01
1111013400,서울특별시,종로구,경운동,,34,1998-12-01
1111013500,서울특별시,종로구,관철동,,35,1998-12-01
1111013600,서울특별시,종로구,인사동,,36,1998-12-01
1111013700,서울특별시,종로구,낙원동,,37,1998-12-01
1111013800,서울특별시,종로구,종로2가,,38,1998-12-01
1111013900,서울특별시,종로구,팔판동,,39,1988-04-23
1111014000,서울특별시,종로구,삼청동,,40,1988-04-23
1111014100,서울특별시,종로구,안국동,,41,1988-04-23
1111014200,서울특별시,종로구,소격동,,42,1988-04-23
1111014300,서울특별시,종로구,화동,,43,1988-04-23
1111014400,서울특별시,종로구,사간동,,44,1988-04-23
1111014500,서울특별시,종로구,송현동,,45,1988-04-23
1111014600,서울특별시,종로구,가회동,,46,1988-04-23
1111014700,서울특별시,종로구,재동,,47,1988-04-23
1111014800,서울특별시,종로구,계동,,48,1988-04-23
1111014900,서울특별시,종로구,원서동,,49,1988-04-23
1111015000,서울특별시,종로구,훈정동,,50,1998-12-01
1111015100,서울특별시,종로구,묘동,,51,1998-12-01
1111015200,서울특별시,종로구,봉익동,,52,1998-12-01
1111015300,서울특별시,종로구,돈의동,,53,1998-12-01
1111015400,서울특별시,종로구,장사동,,54,1998-12-01
1111015500,서울특별시,종로구,관수동,,55,1998-12-01
1111015600,서울특별시,종로구,종로3가,,56,1998-12-01
1111015700,서울특별시,종로구,인의동,,57,1998-12-01
1111015800,서울특별시,종로구,예지동,,58,1998-12-01
1111015900,서울특별시,종로구,원남동,,59,1998-12-01
1111016000,서울특별시,종로구,연지동,,60,1988-04-23
1111016100,서울특별시,종로구,종로4가,,61,1998-12-01
1111016200,서울특별시,종로구,효제동,,62,1988-04-23
1111016300,서울특별시,종로구,종로5가,,63,1988-04-23
1111016400,서울특별시,종로구,종로6가,,64,1988-04-23
1111016500,서울특별시,종로구,이화동,,65,1988-04-23
1111016600,서울특별시,종로구,연건동,,66,1988-04-23
1111016700,서울특별시,종로구,충신동,,67,1988-04-23
1111016800,서울특별시,종로구,동숭동,,68,1988-04-23
1111016900,서울특별시,종로구,혜화동,,69,1988-04-23
1111017000,서울특별시,종로구,명륜1가,,70,1988-04-23
1111017100,서울특별시,종로구,명륜2가,,71,1988-04-23
1111017200,서울특별시,종로구,명륜4가,,72,1988-04-23
1111017300,서울특별시,종로구,명륜3가,,73,1988-04-23
1111017400,서울특별시,종로구,창신동,,74,1988-04-23
1111017500,서울특별시,종로구,숭인동,,75,1988-04-23
1111017600,서울특별시,종로구,교남동,,76,1988-04-23
1111017700,서울특별시,종로구,평동,,77,1988-04-23
1111017800,서울특별시,종로구,송월동,,78,1988-04-23
1111017900,서울특별시,종로구,홍파동,,79,1988-04-23
1111018000,서울특별시,종로구,교북동,,80,1988-04-23
1111018100,서울특별시,종로구,행촌동,,81,1988-04-23
1111018200,서울특별시,종로구,구기동,,82,1988-04-23
1111018300,서울특별시,종로구,평창동,,83,1988-04-23
1111018400,서울특별시,종로구,부암동,,84,1988-04-23
1111018500,서울특별시,종로구,홍지동,,85,1988-04-23
1111018600,서울특별시,종로구,신영동,,86,1988-04-23
1111018700,서울특별시,종로구,무악동,,87,1988-04-23
1114000000,서울특별시,중구,,,2,1988-04-23
1114010100,서울특별시,중구,무교동,,1,1998-09-14
1114010200,서울특별시,중구,다동,,2,1998-09-14
1114010300,서울특별시,중구,태평로1가,,3,1998-09-14
1114010400,서울특별시,중구,을지로1가,,4,1998-09-14
1114010500,서울특별시,중구,을지로2가,,5,1998-09-14
1114010600,서울특별시,중구,남대문로1가,,6,1998-09-14
1114010700,서울특별시,중구,삼각동,,7,1998-09-14
1114010800,서울특별시,중구,수하동,,8,1998-09-14
1114010900,서울특별시,중구,장교동,,9,1998-09-14
1114011000,서울특별시,중구,수표동,,10,1998-09-14
1114011100,서울특별시,중구,소공동,,11,1988-04-23
1114011200,서울특별시,중구,남창동,,12,1988-04-23
1114011300,서울특별시,중구,북창동,,13,1988-04-23
1114011400,서울특별시,중구,태평로2가,,14,1988-04-23
1114011500,서울특별시,중구,남대문로2가,,15,1998-09-14
1114011600,서울특별시,중구,남대문로3가,,16,1988-04-23
1114011700,서울특별시,중구,남대문로4가,,17,1988-04-23
1114011800,서울특별시,중구,남대문로5가,,18,1998-09-14
1114011900,서울특별시,중구,봉래동1가,,19,1998-09-14
1114012000,서울특별시,중구,봉래동2가,,20,1998-09-14
1114012100,서울특별시,중구,회현동1가,,21,1988-04-23
1114012200,서울특별시,중구,회현동2가,,22,1988-04-23
1114012300,서울특별시,중구,회현동3가,,23,1988-04-23
1114012400,서울특별시,중구,충무로1가,,24,1988-04-23
1114012500,서울특별시,중구,충무로2가,,25,1988-04-23
1114012600,서울특별시,중구,명동1가,,26,1988-04-23
1114012700,서울특별시,중구,명동2가,,27,1988-04-23
1114012800,서울특별시,중구,남산동1가,,28,1988-04-23
1114012900,서울특별시,중구,남산동2가,,29,1988-04-23
1114013000,서울특별시,중구,남산동3가,,30,1988-04-23
1114013100,서울특별시,중구,저동1가,,31,1988-04-23
1114013200,서울특별시,중구,충무로4가,,32,1998-09-14
1114013300,서울특별시,중구,충무로5가,,33,1998-09-14
1114013400,서울특별시,중구,인현동2가,,34,1998-09-14
1114013500,서울특별시,중구,예관동,,35,1998-09-14
1114013600,서울특별시,중구,묵정동,,36,1988-04-23
1114013700,서울특별시,중구,필동1가,,37,1988-04-23
1114013800,서울특별시,중구,필동2가,,38,1988-04-23
1114013900,서울특별시,중구,필동3가,,39,1988-04-23
1114014000,서울특별시,중구,남학동,,40,1988-04-23
1114014100,서울특별시,중구,주자동,,41,1988-04-23
1114014200,서울특별시,중구,예장동,,42,1988-04-23
1114014300,서울특별시,중구,장충동1가,,43,1988-04-23
1114014400,서울특별시,중구,장충동2가,,44,1988-04-23
1114014500,서울특별시,중구,광희동1가,,45,1988-04-23
1114014600,서울특별시,중구,광희동2가,,46,1988-04-23
1114014700,서울특별시,중구,쌍림동,,47,1988-04-23
1114014800,서울특별시,중구,을지로6가,,48,1988-04-23
1114014900,서울특별시,중구,을지로7가,,49,1988-04-23
1114015000,서울특별시,중구,을지로4가,,50,1988-04-23
1114015100,서울특별시,중구,을지로5가,,51,1988-04-23
1114015200,서울특별시,중구,주교동,,52,1988-04-23
1114015300,서울특별시,중구,방산동,,53,1988-04-23
1114015400,서울특별시,중구,오장동,,54,1998-09-14
1114015500,서울특별시,중구,을지로3가,,55,1988-04-23
1114015600,서울특별시,중구,입정동,,56,1988-04-23
1114015700,서울특별시,중구,산림동,,57,1988-04-23
1114015800,서울특별시,중구,충무로3가,,58,1988-04-23
1114015900,서울특별시,중구,초동,,59,1988-04-23
1114016000,서울특별시,중구,인현동1가,,60,1988-04-23
1114016100,서울특별시,중구,저동2가,,61,1988-04-23
1114016200,서울특별시,중구,신당동,,62,1988-04-23
1114016300,서울특별시,중구,흥인동,,63,1988-04-23
1114016400,서울특별시,중구,무학동,,64,1988-04-23
1114016500,서울특별시,중구,황학동,,65,1988-04-23
1114016600,서울특별시,중구,서소문동,,66,1988-04-23
1114016700,서울특별시,중구,정동,,67,1988-04-23
1114016800,서울특별시,중구,순화동,,68,1998-09-14
1114016900,서울특별시,중구,의주로1가,,69,1988-04-23
1114017000,서울특별시,중구,충정로1가,,70,1988-04-23
1114017100,서울특별시,중구,중림동,,71,1988-04-23
1114017200,서울특별시,중구,의주로2가,,72,1988-04-23
1114017300,서울특별시,중구,만리동1가,,73,1988-04-23
1114017400,서울특별시,중구,만리동2가,,74,1988-04-23
1117000000,서울특별시,용산구,,,3,1988-04-23
1117010100,서울특별시,용산구,후암동,,1,1988-04-23
1117010200,서울특별시,용산구,용산동2가,,2,1988-04-23
1117010300,서울특별시,용산구,용산동4가,,3,1988-04-23
1117010400,서울특별시,용산구,갈월동,,4,1988-04-23
1117010500,서울특별시,용산구,남영동,,5,1988-04-23
1117010600,서울특별시,용산구,용산동1가,,6,1988-04-23
1117010700,서울특별시,용산구,동자동,,7,1988-04-23
1117010800,서울특별시,용산구,서계동,,8,1988-04-23
1117010900,서울특별시,용산구,청파동1가,,9,1988-04-23
1117011000,서울특별시,용산구,청파동2가,,10,1988-04-23
1117011100,서울특별시,용산구,청파동3가,,11,1988-04-23
1117011200,서울특별시,용산구,원효로1가,,12,1988-04-23
1117011300,서울특별시,용산구,원효로2가,,13,1988-04-23
1117011400,서울특별시,용산구,신창동,,14,1988-04-23
1117011500,서울특별시,용산구,산천동,,15,1988-04-23
1117011600,서울특별시,용산구,청암동,,16,1988-04-23
1117011700,서울특별시,용산구,원효로3가,,17,1988-04-23
1117011800,서울특별시,용산구,원효로4가,,18,1988-04-23
1117011900,서울특별시,용산구,효창동,,19,1988-04-23
1117012000,서울특별시,용산구,도원동,,20,1988-04-23
1117012100,서울특별시,용산구,용문동,,21,1988-04-23
1117012200,서울특별시,용산구,문배동,,22,1988-04-23
1117012300,서울특별시,용산구,신계동,,23,1988-04-23
1117012400,서울특별시,용산구,한강로1가,,24,1988-04-23
1117012500,서울특별시,용산구,한강로2가,,25,1988-04-23
1117012600,서울특별시,용산구,용산동3가,,26,1988-04-23
1117012700,서울특별시,용산구,용산동5가,,27,1988-04-23
1117012800,서울특별시,용산구,한강로3가,,28,1988-04-23
1117012900,서울특별시,용산구,이촌동,,29,1988-04-23
1117013000,서울특별시,용산구,이태원동,,30,1988-04-23
1117013100,서울특별시,용산구,한남동,,31,1988-04-23
1117013200,서울특별시,용산구,동빙고동,,32,1988-04-23
1117013300,서울특별시,용산구,서빙고동,,33,1988-04-23
1117013400,서울특별시,용산구,주성동,,34,1988-04-23
1117013500,서울특별시,용산구,용산동6가,,35,1988-04-23
1117013600,서울특별시,용산구,보광동,,36,1988-04-23
1120000000,서울특별시,성동구,,,4,1988-04-23
1120010100,서울특별시,성동구,상왕십리동,,1,1988-04-23
1120010200,서울특별시,성동구,하왕십리동,,2,1988-04-23
1120010300,서울특별시,성동구,홍익동,,3,1988-04-23
1120010400,서울특별시,성동구,도선동,,4,1988-04-23
1120010500,서울특별시,성동구,마장동,,5,1988-04-23
1120010600,서울특별시,성동구,사근동,,6,1988-04-23
1120010700,서울특별시,성동구,행당동,,7,1988-04-23
1120010800,서울특별시,성동구,응봉동,,8,1988-04-23
1120010900,서울특별시,성동구,금호동1가,,9,1988-04-23
1120011000,서울특별시,성동구,금호동2가,,10,1988-04-23
1120011100,서울특별시,성동구,금호동3가,,11,1988-04-23
1120011200,서울특별시,성동구,금호동4가,,12,1988-04-23
1120011300,서울특별시,성동구,옥수동,,13,1988-04-23
1120011400,서울특별시,성동구,성수동1가,,14,1988-04-23
1120011500,서울특별시,성동구,성수동2가,,15,1988-04-23
1120011800,서울특별시,성동구,송정동,,16,1988-04-23
1120012200,서울특별시,성동구,용답동,,17,1988-04-23
1121500000,서울특별시,광진구,,,5,1995-03-01
1121510100,서울특별시,광진구,중곡동,,1,1995-03-01
1121510200,서울특별시,광진구,능동,,2,1995-03-01
1121510300,서울특별시,광진구,구의동,,3,1995-03-01
1121510400,서울특별시,광진구,광장동,,4,1995-03-01
1121510500,서울특별시,광진구,자양동,,5,1995-03-01
1121510700,서울특별시,광진구,화양동,,7,1995-03-01
1121510900,서울특별시,광진구,군자동,,9,1995-03-01
1123000000,서울특별시,동대문구,,,6,1988-04-23
1123010100,서울특별시,동대문구,신설동,,1,1988-04-23
1123010200,서울특별시,동대문구,용두동,,2,1988-04-23
1123010300,서울특별시,동대문구,제기동,,3,1988-04-23
1123010400,서울특별시,동대문구,전농동,,4,1988-04-23
1123010500,서울특별시,동대문구,답십리동,,5,1988-04-23
1123010600,서울특별시,동대문구,장안동,,6,1988-04-23
1123010700,서울특별시,동대문구,청량리동,,7,1988-04-23
1123010800,서울특별시,동대문구,회기동,,8,1988-04-23
1123010900,서울특별시,동대문구,휘경동,,9,1988-04-23
1123011000,서울특별시,동대문구,이문동,,10,1988-04-23
1126000000,서울특별시,중랑구,,,7,1988-04-23
1126010100,서울특별시,중랑구,면목동,,1,1988-04-23
1126010200,서울특별시,중랑구,상봉동,,2,1988-04-23
1126010300,서울특별시,중랑구,중화동,,3,1988-04-23
1126010400,서울특별시,중랑구,묵동,,4,1988-04-23
1126010500,서울특별시,중랑구,망우동,,5,1988-04-23
1126010600,서울특별시,중랑구,신내동,,6,1996-03-01
1129000000,서울특별시,성북구,,,8,1988-04-23
1129010100,서울특별시,성북구,성북동,,1,1988-04-23
1129010200,서울특별시,성북구,성북동1가,,2,1988-04-23
1129010300,서울특별시,성북구,돈암동,,3,1988-04-23
1129010400,서울특별시,성북구,동소문동1가,,4,1988-04-23
1129010500,서울특별시,성북구,동소문동2가,,5,1988-04-23
1129010600,서울특별시,성북구,동소문동3가,,6,1988-04-23
1129010700,서울특별시,성북구,동소문동4가,,7,1988-04-23
1129010800,서울특별시,성북구,동소문동5가,,8,1988-04-23
1129010900,서울특별시,성북구,동소문동6가,,9,1988-04-23
1129011000,서울특별시,성북구,동소문동7가,,10,1988-04-23
1129011100,서울특별시,성북구,삼선동1가,,11,1988-04-23
1129011200,서울특별시,성북구,삼선동2가,,12,1988-04-23
1129011300,서울특별시,성북구,삼선동3가,,13,1988-04-23
1129011400,서울특별시,성북구,삼선동4가,,14,1988-04-23
1129011500,서울특별시,성북구,삼선동5가,,15,1988-04-23
1129011600,서울특별시,성북구,동선동1가,,16,1988-04-23
1129011700,서울특별시,성북구,동선동2가,,17,1988-04-23
1129011800,서울특별시,성북구,동선동3가,,18,1988-04-23
1129011900,서울특별시,성북구,동선동4가,,19,1988-04-23
1129012000,서울특별시,성북구,동선동5가,,20,1988-04-23
1129012100,서울특별시,성북구,안암동1가,,21,1988-04-23
1129012200,서울특별시,성북구,안암동2가,,22,1988-04-23
1129012300,서울특별시,성북구,안암동3가,,23,1988-04-23
1129012400,서울특별시,성북구,안암동4가,,24,1988-04-23
1129012500,서울특별시,성북구,안암동5가,,25,1988-04-23
1129012600,서울특별시,성북구,보문동4가,,26,1988-04-23
1129012700,서울특별시,성북구,보문동5가,,27,1988-04-23
1129012800,서울특별시,성북구,보문동6가,,28,1988-04-23
1129012900,서울특별시,성북구,보문동7가,,29,1988-04-23
1129013000,서울특별시,성북구,보문동1가,,30,1988-04-23
1129013100,서울특별시,성북구,보문동2가,,31,1988-04-23
1129013200,서울특별시,성북구,보문동3가,,32,1988-04-23
1129013300,서울특별시,성북구,정릉동,,33,1988-04-23
1129013400,서울특별시,성북구,길음동,,34,1988-04-23
1129013500,서울특별시,성북구,종암동,,35,1988-04-23
1129013600,서울특별시,성북구,하월곡동,,36,1989-04-27
1129013700,서울특별시,성북구,상월곡동,,37,1988-04-23
1129013800,서울특별시,성북구,장위동,,38,1988-04-23
1129013900,서울특별시,성북구,석관동,,39,1988-04-23
1130500000,서울특별시,강북구,,,9,1995-03-01
1130510100,서울특별시,강북구,미아동,,1,1998-09-28
1130510200,서울특별시,강북구,번동,,2,1995-03-01
1130510300,서울특별시,강북구,수유동,,3,1995-03-01
1130510400,서울특별시,강북구,우이동,,4,1995-03-01
1132000000,서울특별시,도봉구,,,10,1988-04-23
1132010500,서울특별시,도봉구,쌍문동,,1,1988-04-23
1132010600,서울특별시,도봉구,방학동,,2,1988-04-23
1132010700,서울특별시,도봉구,창동,,3,1989-01-01
1132010800,서울특별시,도봉구,도봉동,,4,1989-01-01
1135000000,서울특별시,노원구,,,11,1988-04-23
1135010200,서울특별시,노원구,월계동,,1,1988-04-23
1135010300,서울특별시,노원구,공릉동,,2,1988-04-23
1135010400,서울특별시,노원구,하계동,,3,1989-09-01
1135010500,서울특별시,노원구,상계동,,4,1992-07-01
1135010600,서울특별시,노원구,중계동,,5,1992-07-01
1138000000,서울특별시,은평구,,,12,1988-04-23
1138010100,서울특별시,은평구,수색동,,1,1988-04-23
1138010200,서울특별시,은평구,녹번동,,2,1988-04-23
1138010300,서울특별시,은평구,불광동,,3,1988-04-23
1138010400,서울특별시,은평구,갈현동,,4,1989-06-01
1138010500,서울특별시,은평구,구산동,,5,1988-04-23
1138010600,서울특별시,은평구,대조동,,6,1988-04-23
1138010700,서울특별시,은평구,응암동,,7,1988-04-23
1138010800,서울특별시,은평구,역촌동,,8,1988-04-23
1138010900,서울특별시,은평구,신사동,,9,1989-09-01
1138011000,서울특별시,은평구,증산동,,10,1988-04-23
1138011400,서울특별시,은평구,진관동,,0,2007-08-13
1141000000,서울특별시,서대문구,,,13,1988-04-23
1141010100,서울특별시,서대문구,충정로2가,,1,1988-04-23
1141010200,서울특별시,서대문구,충정로3가,,2,1988-04-23
1141010300,서울특별시,서대문구,합동,,3,1988-04-23
1141010400,서울특별시,서대문구,미근동,,4,1988-04-23
1141010500,서울특별시,서대문구,냉천동,,5,1988-04-23
1141010600,서울특별시,서대문구,천연동,,6,1988-04-23
1141010700,서울특별시,서대문구,옥천동,,7,1988-04-23
1141010800,서울특별시,서대문구,영천동,,8,1988-04-23
1141010900,서울특별시,서대문구,현저동,,9,1998-10-01
1141011000,서울특별시,서대문구,북아현동,,10,1988-04-23
1141011100,서울특별시,서대문구,홍제동,,11,1988-04-23
1141011200,서울특별시,서대문구,대현동,,12,1988-04-23
1141011300,서울특별시,서대문구,대신동,,13,1988-04-23
1141011400,서울특별시,서대문구,신촌동,,14,1988-04-23
1141011500,서울특별시,서대문구,봉원동,,15,1988-04-23
1141011600,서울특별시,서대문구,창천동,,16,1988-04-23
1141011700,서울특별시,서대문구,연희동,,17,1988-04-23
1141011800,서울특별시,서대문구,홍은동,,18,1988-04-23
1141011900,서울특별시,서대문구,북가좌동,,19,1988-04-23
1141012000,서울특별시,서대문구,남가좌동,,20,1988-04-23
1144000000,서울특별시,마포구,,,14,1988-04-23
1144010100,서울특별시,마포구,아현동,,1,1988-04-23
1144010200,서울특별시,마포구,공덕동,,2,1988-04-23
1144010300,서울특별시,마포구,신공덕동,,3,1988-04-23
1144010400,서울특별시,마포구,도화동,,4,1988-04-23
1144010500,서울특별시,마포구,용강동,,5,1988-04-23
1144010600,서울특별시,마포구,토정동,,6,1988-04-23
1144010700,서울특별시,마포구,마포동,,7,1988-04-23
1144010800,서울특별시,마포구,대흥동,,8,1988-04-23
1144010900,서울특별시,마포구,염리동,,9,1988-04-23
1144011000,서울특별시,마포구,노고산동,,10,1988-04-23
1144011100,서울특별시,마포구,신수동,,11,1988-04-23
1144011200,서울특별시,마포구,현석동,,12,1988-04-23
1144011300,서울특별시,마포구,구수동,,13,1988-04-23
1144011400,서울특별시,마포구,창전동,,14,1988-04-23
1144011500,서울특별시,마포구,상수동,,15,1988-04-23
1144011600,서울특별시,마포구,하중동,,16,1988-04-23
1144011700,서울특별시,마포구,신정동,,17,1988-04-23
1144011800,서울특별시,마포구,당인동,,18,1988-04-23
1144012000,서울특별시,마포구,서교동,,19,1988-04-23
1144012100,서울특별시,마포구,동교동,,20,1988-04-23
1144012200,서울특별시,마포구,합정동,,21,1988-04-23
1144012300,서울특별시,마포구,망원동,,22,1988-04-23
1144012400,서울특별시,마포구,연남동,,23,1988-04-23
1144012500,서울특별시,마포구,성산동,,24,1988-04-23
1144012600,서울특별시,마포구,중동,,25,1988-04-23
1144012700,서울특별시,마포구,상암동,,26,1988-04-23
1147000000,서울특별시,양천구,,,15,1988-04-23
1147010100,서울특별시,양천구,신정동,,1,1988-04-23
1147010200,서울특별시,양천구,목동,,2,1988-04-23
1147010300,서울특별시,양천구,신월동,,3,1988-04-23
1150000000,서울특별시,강서구,,,16,1988-04-23
1150010100,서울특별시,강서구,염창동,,1,1988-04-23
1150010200,서울특별시,강서구,등촌동,,2,1988-04-23
1150010300,서울특별시,강서구,화곡동,,3,1988-04-23
1150010400,서울특별시,강서구,가양동,,4,1993-04-01
1150010500,서울특별시,강서구,마곡동,,5,1993-04-01
1150010600,서울특별시,강서구,내발산동,,6,1989-09-01
1150010700,서울특별시,강서구,외발산동,,7,1989-09-01
1150010800,서울특별시,강서구,공항동,,8,1988-04-23
1150010900,서울특별시,강서구,방화동,,9,1988-04-23
1150011000,서울특별시,강서구,개화동,,10,1988-04-23
1150011100,서울특별시,강서구,과해동,,11,1998-12-01
1150011200,서울특별시,강서구,오곡동,,12,1998-12-01
1150011300,서울특별시,강서구,오쇠동,,13,1998-12-01
1153000000,서울특별시,구로구,,,17,1988-04-23
1153010100,서울특별시,구로구,신도림동,,1,1988-04-23
1153010200,서울특별시,구로구,구로동,,2,1988-04-23
1153010300,서울특별시,구로구,가리봉동,,3,1988-04-23
1153010600,서울특별시,구로구,고척동,,4,1988-04-23
1153010700,서울특별시,구로구,개봉동,,5,1988-04-23
1153010800,서울특별시,구로구,오류동,,6,1988-04-23
1153010900,서울특별시,구로구,궁동,,7,1988-07-01
1153011000,서울특별시,구로구,온수동,,8,1988-07-01
1153011100,서울특별시,구로구,천왕동,,9,1988-04-23
1153011200,서울특별시,구로구,항동,,10,1988-04-23
1154500000,서울특별시,금천구,,,18,1995-03-01
1154510100,서울특별시,금천구,가산동,,1,1995-03-01
1154510200,서울특별시,금천구,독산동,,2,1995-03-01
1154510300,서울특별시,금천구,시흥동,,3,1995-03-01
1156000000,서울특별시,영등포구,,,19,1988-04-23
1156010100,서울특별시,영등포구,영등포동,,1,1988-04-23
1156010200,서울특별시,영등포구,영등포동1가,,2,1988-04-23
1156010300,서울특별시,영등포구,영등포동2가,,3,1988-04-23
1156010400,서울특별시,영등포구,영등포동3가,,4,1988-04-23
1156010500,서울특별시,영등포구,영등포동4가,,5,1988-04-23
1156010600,서울특별시,영등포구,영등포동5가,,6,1988-04-23
1156010700,서울특별시,영등포구,영등포동6가,,7,1988-04-23
1156010800,서울특별시,영등포구,영등포동7가,,8,1988-04-23
1156010900,서울특별시,영등포구,영등포동8가,,9,1988-04-23
1156011000,서울특별시,영등포구,여의도동,,10,1988-04-23
1156011100,서울특별시,영등포구,당산동1가,,11,1988-04-23
1156011200,서울특별시,영등포구,당산동2가,,12,1988-04-23
1156011300,서울특별시,영등포구,당산동3가,,13,1988-04-23
1156011400,서울특별시,영등포구,당산동4가,,14,1988-04-23
1156011500,서울특별시,영등포구,당산동5가,,15,1988-04-23
1156011600,서울특별시,영등포구,당산동6가,,16,1988-04-23
1156011700,서울특별시,영등포구,당산동,,17,1988-04-23
1156011800,서울특별시,영등포구,도림동,,18,1988-04-23
1156011900,서울특별시,영등포구,문래동1가,,19,1988-04-23
1156012000,서울특별시,영등포구,문래동2가,,20,1988-04-23
1156012100,서울특별시,영등포구,문래동3가,,21,1988-04-23
1156012200,서울특별시,영등포구,문래동4가,,22,1988-04-23
1156012300,서울특별시,영등포구,문래동5가,,23,1988-04-23
1156012400,서울특별시,영등포구,문래동6가,,24,1988-04-23
1156012500,서울특별시,영등포구,양평동1가,,25,1988-04-23
1156012600,서울특별시,영등포구,양평동2가,,26,1988-04-23
1156012700,서울특별시,영등포구,양평동3가,,27,1991-09-07
1156012800,서울특별시,영등포구,양평동4가,,28,1988-04-23
1156012900,서울특별시,영등포구,양평동5가,,29,1988-04-23
1156013000,서울특별시,영등포구,양평동6가,,30,1988-04-23
1156013100,서울특별시,영등포구,양화동,,31,1988-04-23
1156013200,서울특별시,영등포구,신길동,,32,1988-04-23
1156013300,서울특별시,영등포구,대림동,,33,1988-04-23
1156013400,서울특별시,영등포구,양평동,,34,1998-04-20
1159000000,서울특별시,동작구,,,20,1988-04-23
1159010100,서울특별시,동작구,노량진동,,1,1988-04-23
1159010200,서울특별시,동작구,상도동,,2,1988-04-23
1159010300,서울특별시,동작구,상도1동,,3,1988-04-23
1159010400,서울특별시,동작구,본동,,4,1988-04-23
1159010500,서울특별시,동작구,흑석동,,5,1988-04-23
1159010600,서울특별시,동작구,동작동,,6,1988-04-23
1159010700,서울특별시,동작구,사당동,,7,1988-04-23
1159010800,서울특별시,동작구,대방동,,8,1988-04-23
1159010900,서울특별시,동작구,신대방동,,9,1988-04-23
1162000000,서울특별시,관악구,,,21,1988-04-23
1162010100,서울특별시,관악구,봉천동,,1,1988-04-23
1162010200,서울특별시,관악구,신림동,,2,1988-04-23
1162010300,서울특별시,관악구,남현동,,3,1988-04-23
1165000000,서울특별시,서초구,,,22,1988-04-23
1165010100,서울특별시,서초구,방배동,,1,1989-04-27
1165010200,서울특별시,서초구,양재동,,2,1992-07-01
1165010300,서울특별시,서초구,우면동,,3,1992-07-01
1165010400,서울특별시,서초구,원지동,,4,1992-07-01
1165010600,서울특별시,서초구,잠원동,,5,1988-04-23
1165010700,서울특별시,서초구,반포동,,6,1988-04-23
1165010800,서울특별시,서초구,서초동,,7,1988-04-23
1165010900,서울특별시,서초구,내곡동,,8,1988-04-23
1165011000,서울특별시,서초구,염곡동,,9,1988-04-23
1165011100,서울특별시,서초구,신원동,,10,1988-04-23
1168000000,서울특별시,강남구,,,23,1988-04-23
1168010100,서울특별시,강남구,역삼동,,1,1988-04-23
1168010300,서울특별시,강남구,개포동,,3,1988-04-23
1168010400,서울특별시,강남구,청담동,,4,1988-07-01
1168010500,서울특별시,강남구,삼성동,,5,1988-04-23
1168010600,서울특별시,강남구,대치동,,6,1988-04-23
1168010700,서울특별시,강남구,신사동,,7,1988-04-23
1168010800,서울특별시,강남구,논현동,,8,1992-10-01
1168011000,서울특별시,강남구,압구정동,,9,1988-04-23
1168011100,서울특별시,강남구,세곡동,,10,1988-04-23
1168011200,서울특별시,강남구,자곡동,,11,1988-04-23
1168011300,서울특별시,강남구,율현동,,12,1988-04-23
1168011400,서울특별시,강남구,일원동,,13,1988-04-23
1168011500,서울특별시,강남구,수서동,,14,1992-10-01
1168011800,서울특별시,강남구,도곡동,,15,1989-01-01
1171000000,서울특별시,송파구,,,24,1988-04-23
1171010100,서울특별시,송파구,잠실동,,1,1988-04-23
1171010200,서울특별시,송파구,신천동,,2,1988-04-23
1171010300,서울특별시,송파구,풍납동,,3,1988-04-23
1171010400,서울특별시,송파구,송파동,,4,1988-04-23
1171010500,서울특별시,송파구,석촌동,,5,1988-04-23
1171010600,서울특별시,송파구,삼전동,,6,1988-07-01
1171010700,서울특별시,송파구,가락동,,7,1988-07-01
1171010800,서울특별시,송파구,문정동,,8,1989-09-01
1171010900,서울특별시,송파구,장지동,,9,1989-09-01
1171011100,서울특별시,송파구,방이동,,10,1992-07-01
1171011200,서울특별시,송파구,오금동,,11,1988-04-23
1171011300,서울특별시,송파구,거여동,,12,1992-07-01
1171011400,서울특별시,송파구,마천동,,13,1988-04-23
1174000000,서울특별시,강동구,,,25,1988-04-23
1174010100,서울특별시,강동구,명일동,,2,1988-05-01
1174010200,서울특별시,강동구,고덕동,,3,1988-04-23
1174010300,서울특별시,강동구,상일동,,4,1988-04-23
1174010500,서울특별시,강동구,길동,,6,1988-04-23
1174010600,서울특별시,강동구,둔촌동,,7,1988-04-23
1174010700,서울특별시,강동구,암사동,,8,1988-04-23
1174010800,서울특별시,강동구,성내동,,9,1988-04-23
1174010900,서울특별시,강동구,천호동,,10,1988-04-23
1174011000,서울특별시,강동구,강일동,,0,2007-01-01
1200000000,전남광주통합특별시,,,,13,2026-06-30
1211000000,전남광주통합특별시,목포시,,,1,2026-06-30
1211010100,전남광주통합특별시,목포시,용당동,,1,2026-06-30
1211010200,전남광주통합특별시,목포시,산정동,,2,2026-06-30
1211010300,전남광주통합특별시,목포시,연산동,,3,2026-06-30
1211010400,전남광주통합특별시,목포시,대성동,,4,2026-06-30
1211010500,전남광주통합특별시,목포시,양동,,5,2026-06-30
1211010600,전남광주통합특별시,목포시,북교동,,6,2026-06-30
1211010700,전남광주통합특별시,목포시,남교동,,7,2026-06-30
1211010800,전남광주통합특별시,목포시,호남동,,8,2026-06-30
1211010900,전남광주통합특별시,목포시,대안동,,9,2026-06-30
1211011000,전남광주통합특별시,목포시,창평동,,10,2026-06-30
1211011100,전남광주통합특별시,목포시,명륜동,,11,2026-06-30
1211011200,전남광주통합특별시,목포시,죽동,,12,2026-06-30
1211011300,전남광주통합특별시,목포시,무안동,,13,2026-06-30
1211011400,전남광주통합특별시,목포시,측후동,,14,2026-06-30
1211011500,전남광주통합특별시,목포시,상락동1가,,15,2026-06-30
1211011600,전남광주통합특별시,목포시,상락동2가,,16,2026-06-30
1211011700,전남광주통합특별시,목포시,복만동,,17,2026-06-30
1211011800,전남광주통합특별시,목포시,동명동,,18,2026-06-30
1211011900,전남광주통합특별시,목포시,광동1가,,19,2026-06-30
1211012000,전남광주통합특별시,목포시,광동2가,,20,2026-06-30
1211012100,전남광주통합특별시,목포시,광동3가,,21,2026-06-30
1211012200,전남광주통합특별시,목포시,영해동1가,,22,2026-06-30
1211012300,전남광주통합특별시,목포시,영해동2가,,23,2026-06-30
1211012400,전남광주통합특별시,목포시,행복동1가,,24,2026-06-30
1211012500,전남광주통합특별시,목포시,행복동2가,,25,2026-06-30
1211012600,전남광주통합특별시,목포시,축복동1가,,26,2026-06-30
1211012700,전남광주통합특별시,목포시,축복동2가,,27,2026-06-30
1211012800,전남광주통합특별시,목포시,축복동3가,,28,2026-06-30
1211012900,전남광주통합특별시,목포시,보광동1가,,29,2026-06-30
1211013000,전남광주통합특별시,목포시,보광동2가,,30,2026-06-30
1211013100,전남광주통합특별시,목포시,보광동3가,,31,2026-06-30
1211013200,전남광주통합특별시,목포시,유달동,,32,2026-06-30
1211013300,전남광주통합특별시,목포시,대의동1가,,33,2026-06-30
1211013400,전남광주통합특별시,목포시,대의동2가,,34,2026-06-30
1211013500,전남광주통합특별시,목포시,대의동3가,,35,2026-06-30
1211013600,전남광주통합특별시,목포시,중앙동1가,,36,2026-06-30
1211013700,전남광주통합특별시,목포시,중앙동2가,,37,2026-06-30
1211013800,전남광주통합특별시,목포시,중앙동3가,,38,2026-06-30
1211013900,전남광주통합특별시,목포시,만호동,,39,2026-06-30
1211014000,전남광주통합특별시,목포시,수강동1가,,40,2026-06-30
1211014100,전남광주통합특별시,목포시,수강동2가,,41,2026-06-30
1211014200,전남광주통합특별시,목포시,해안동1가,,42,2026-06-30
1211014300,전남광주통합특별시,목포시,해안동2가,,43,2026-06-30
1211014400,전남광주통합특별시,목포시,해안동3가,,44,2026-06-30
1211014500,전남광주통합특별시,목포시,해안동4가,,45,2026-06-30
1211014600,전남광주통합특별시,목포시,항동,,46,2026-06-30
1211014700,전남광주통합특별시,목포시,중동1가,,47,2026-06-30
1211014800,전남광주통합특별시,목포시,중동2가,,48,2026-06-30
1211014900,전남광주통합특별시,목포시,유동,,49,2026-06-30
1211015000,전남광주통합특별시,목포시,금동1가,,50,2026-06-30
1211015100,전남광주통합특별시,목포시,금동2가,,51,2026-06-30
1211015200,전남광주통합특별시,목포시,경동1가,,52,2026-06-30
1211015300,전남광주통합특별시,목포시,경동2가,,53,2026-06-30
1211015400,전남광주통합특별시,목포시,서산동,,54,2026-06-30
1211015500,전남광주통합특별시,목포시,금화동,,55,2026-06-30
1211015600,전남광주통합특별시,목포시,온금동,,56,2026-06-30
1211015700,전남광주통합특별시,목포시,죽교동,,57,2026-06-30
1211015800,전남광주통합특별시,목포시,상동,,58,2026-06-30
1211015900,전남광주통합특별시,목포시,용해동,,59,2026-06-30
1211016000,전남광주통합특별시,목포시,석현동,,60,2026-06-30
1211016100,전남광주통합특별시,목포시,달동,,61,2026-06-30
1211016200,전남광주통합특별시,목포시,율도동,,62,2026-06-30
1211016300,전남광주통합특별시,목포시,대양동,,63,2026-06-30
1211016400,전남광주통합특별시,목포시,옥암동,,64,2026-06-30
1213000000,전남광주통합특별시,여수시,,,2,2026-06-30
1213010100,전남광주통합특별시,여수시,종화동,,1,2026-06-30
1213010200,전남광주통합특별시,여수시,수정동,,2,2026-06-30
1213010300,전남광주통합특별시,여수시,공화동,,3,2026-06-30
1213010400,전남광주통합특별시,여수시,관문동,,4,2026-06-30
1213010500,전남광주통합특별시,여수시,고소동,,5,2026-06-30
1213010600,전남광주통합특별시,여수시,동산동,,6,2026-06-30
1213010700,전남광주통합특별시,여수시,중앙동,,7,2026-06-30
1213010800,전남광주통합특별시,여수시,교동,,8,2026-06-30
1213010900,전남광주통합특별시,여수시,군자동,,9,2026-06-30
1213011000,전남광주통합특별시,여수시,충무동,,10,2026-06-30
1213011100,전남광주통합특별시,여수시,연등동,,11,2026-06-30
1213011200,전남광주통합특별시,여수시,광무동,,12,2026-06-30
1213011300,전남광주통합특별시,여수시,서교동,,13,2026-06-30
1213011400,전남광주통합특별시,여수시,봉강동,,14,2026-06-30
1213011500,전남광주통합특별시,여수시,봉산동,,15,2026-06-30
1213011600,전남광주통합특별시,여수시,남산동,,16,2026-06-30
1213011700,전남광주통합특별시,여수시,국동,,17,2026-06-30
1213011800,전남광주통합특별시,여수시,신월동,,18,2026-06-30
1213011900,전남광주통합특별시,여수시,여서동,,19,2026-06-30
1213012000,전남광주통합특별시,여수시,문수동,,20,2026-06-30
1213012100,전남광주통합특별시,여수시,오림동,,21,2026-06-30
1213012200,전남광주통합특별시,여수시,미평동,,22,2026-06-30
1213012300,전남광주통합특별시,여수시,둔덕동,,23,2026-06-30
1213012400,전남광주통합특별시,여수시,오천동,,24,2026-06-30
1213012500,전남광주통합특별시,여수시,만흥동,,25,2026-06-30
1213012600,전남광주통합특별시,여수시,덕충동,,26,2026-06-30
1213012700,전남광주통합특별시,여수시,경호동,,27,2026-06-30
1213012800,전남광주통합특별시,여수시,학동,,28,2026-06-30
1213012900,전남광주통합특별시,여수시,학용동,,29,2026-06-30
1213013000,전남광주통합특별시,여수시,안산동,,30,2026-06-30
1213013100,전남광주통합특별시,여수시,소호동,,31,2026-06-30
1213013200,전남광주통합특별시,여수시,시전동,,32,2026-06-30
1213013300,전남광주통합특별시,여수시,신기동,,33,2026-06-30
1213013400,전남광주통합특별시,여수시,웅천동,,34,2026-06-30
1213013500,전남광주통합특별시,여수시,선원동,,35,2026-06-30
1213013600,전남광주통합특별시,여수시,여천동,,36,2026-06-30
1213013700,전남광주통합특별시,여수시,화장동,,37,2026-06-30
1213013800,전남광주통합특별시,여수시,주삼동,,38,2026-06-30
1213013900,전남광주통합특별시,여수시,봉계동,,39,2026-06-30
1213014000,전남광주통합특별시,여수시,해산동,,40,2026-06-30
1213014100,전남광주통합특별시,여수시,화치동,,41,2026-06-30
1213014200,전남광주통합특별시,여수시,월하동,,42,2026-06-30
1213014300,전남광주통합특별시,여수시,평여동,,43,2026-06-30
1213014400,전남광주통합특별시,여수시,중흥동,,44,2026-06-30
1213014500,전남광주통합특별시,여수시,적량동,,45,2026-06-30
1213014600,전남광주통합특별시,여수시,월내동,,46,2026-06-30
1213014700,전남광주통합특별시,여수시,묘도동,,47,2026-06-30
1213014800,전남광주통합특별시,여수시,낙포동,,48,2026-06-30
1213014900,전남광주통합특별시,여수시,신덕동,,49,2026-06-30
1213015000,전남광주통합특별시,여수시,상암동,,50,2026-06-30
1213015100,전남광주통합특별시,여수시,호명동,,51,2026-06-30
1213025000,전남광주통합특별시,여수시,돌산읍,,52,2026-06-30
1213025021,전남광주통합특별시,여수시,돌산읍,군내리,1,2026-06-30
1213025022,전남광주통합특별시,여수시,돌산읍,신복리,2,2026-06-30
1213025023,전남광주통합특별시,여수시,돌산읍,금성리,3,2026-06-30
1213025024,전남광주통합특별시,여수시,돌산읍,율림리,4,2026-06-30
1213025025,전남광주통합특별시,여수시,돌산읍,죽포리,5,2026-06-30
1213025026,전남광주통합특별시,여수시,돌산읍,서덕리,6,2026-06-30
1213025027,전남광주통합특별시,여수시,돌산읍,금봉리,7,2026-06-30
1213025028,전남광주통합특별시,여수시,돌산읍,둔전리,8,2026-06-30
1213025029,전남광주통합특별시,여수시,돌산읍,평사리,9,2026-06-30
1213025030,전남광주통합특별시,여수시,돌산읍,우두리,10,2026-06-30
1213031000,전남광주통합특별시,여수시,소라면,,53,2026-06-30
1213031021,전남광주통합특별시,여수시,소라면,덕양리,1,2026-06-30
1213031022,전남광주통합특별시,여수시,소라면,죽림리,2,2026-06-30
1213031023,전남광주통합특별시,여수시,소라면,관기리,3,2026-06-30
1213031024,전남광주통합특별시,여수시,소라면,현천리,4,2026-06-30
1213031025,전남광주통합특별시,여수시,소라면,복산리,5,2026-06-30
1213031026,전남광주통합특별시,여수시,소라면,사곡리,6,2026-06-30
1213031027,전남광주통합특별시,여수시,소라면,봉두리,7,2026-06-30
1213031028,전남광주통합특별시,여수시,소라면,대포리,8,2026-06-30
1213032000,전남광주통합특별시,여수시,율촌면,,54,2026-06-30
1213032021,전남광주통합특별시,여수시,율촌면,조화리,1,2026-06-30
1213032022,전남광주통합특별시,여수시,율촌면,월산리,2,2026-06-30
1213032023,전남광주통합특별시,여수시,율촌면,산수리,3,2026-06-30
1213032024,전남광주통합특별시,여수시,율촌면,가장리,4,2026-06-30
1213032025,전남광주통합특별시,여수시,율촌면,봉전리,5,2026-06-30
1213032026,전남광주통합특별시,여수시,율촌면,반월리,6,2026-06-30
1213032027,전남광주통합특별시,여수시,율촌면,취적리,7,2026-06-30
1213032028,전남광주통합특별시,여수시,율촌면,신풍리,8,2026-06-30
1213032029,전남광주통합특별시,여수시,율촌면,상봉리,9,2026-06-30
1213032030,전남광주통합특별시,여수시,율촌면,여동리,10,2026-06-30
1213033000,전남광주통합특별시,여수시,화양면,,55,2026-06-30
1213033021,전남광주통합특별시,여수시,화양면,나진리,1,2026-06-30
1213033022,전남광주통합특별시,여수시,화양면,용주리,2,2026-06-30
1213033023,전남광주통합특별시,여수시,화양면,창무리,3,2026-06-30
1213033024,전남광주통합특별시,여수시,화양면,이천리,4,2026-06-30
1213033025,전남광주통합특별시,여수시,화양면,옥적리,5,2026-06-30
1213033026,전남광주통합특별시,여수시,화양면,화동리,6,2026-06-30
1213033027,전남광주통합특별시,여수시,화양면,서촌리,7,2026-06-30
1213033028,전남광주통합특별시,여수시,화양면,이목리,8,2026-06-30
1213033029,전남광주통합특별시,여수시,화양면,장수리,9,2026-06-30
1213033030,전남광주통합특별시,여수시,화양면,안포리,10,2026-06-30
1213034000,전남광주통합특별시,여수시,남면,,56,2026-06-30
1213034021,전남광주통합특별시,여수시,남면,우학리,1,2026-06-30
1213034022,전남광주통합특별시,여수시,남면,심장리,2,2026-06-30
1213034023,전남광주통합특별시,여수시,남면,두모리,3,2026-06-30
1213034024,전남광주통합특별시,여수시,남면,유송리,4,2026-06-30
1213034025,전남광주통합특별시,여수시,남면,안도리,5,2026-06-30
1213034026,전남광주통합특별시,여수시,남면,연도리,6,2026-06-30
1213034027,전남광주통합특별시,여수시,남면,두라리,7,2026-06-30
1213034028,전남광주통합특별시,여수시,남면,화태리,8,2026-06-30
1213034029,전남광주통합특별시,여수시,남면,횡간리,9,2026-06-30
1213035000,전남광주통합특별시,여수시,화정면,,57,2026-06-30
1213035021,전남광주통합특별시,여수시,화정면,백야리,1,2026-06-30
1213035022,전남광주통합특별시,여수시,화정면,월호리,2,2026-06-30
1213035023,전남광주통합특별시,여수시,화정면,개도리,3,2026-06-30
1213035024,전남광주통합특별시,여수시,화정면,제도리,4,2026-06-30
1213035025,전남광주통합특별시,여수시,화정면,상화리,5,2026-06-30
1213035026,전남광주통합특별시,여수시,화정면,하화리,6,2026-06-30
1213035027,전남광주통합특별시,여수시,화정면,낭도리,7,2026-06-30
1213035028,전남광주통합특별시,여수시,화정면,조발리,8,2026-06-30
1213035029,전남광주통합특별시,여수시,화정면,적금리,9,2026-06-30
1213035030,전남광주통합특별시,여수시,화정면,여자리,10,2026-06-30
1213036000,전남광주통합특별시,여수시,삼산면,,58,2026-06-30
1213036021,전남광주통합특별시,여수시,삼산면,거문리,1,2026-06-30
1213036022,전남광주통합특별시,여수시,삼산면,덕촌리,2,2026-06-30
1213036023,전남광주통합특별시,여수시,삼산면,서도리,3,2026-06-30
1213036024,전남광주통합특별시,여수시,삼산면,동도리,4,2026-06-30
1213036025,전남광주통합특별시,여수시,삼산면,초도리,5,2026-06-30
1213036026,전남광주통합특별시,여수시,삼산면,손죽리,6,2026-06-30
1215000000,전남광주통합특별시,순천시,,,3,2026-06-30
1215010100,전남광주통합특별시,순천시,삼거동,,1,2026-06-30
1215010200,전남광주통합특별시,순천시,와룡동,,2,2026-06-30
1215010300,전남광주통합특별시,순천시,영동,,3,2026-06-30
1215010400,전남광주통합특별시,순천시,옥천동,,4,2026-06-30
1215010500,전남광주통합특별시,순천시,행동,,5,2026-06-30
1215010600,전남광주통합특별시,순천시,금곡동,,6,2026-06-30
1215010700,전남광주통합특별시,순천시,매곡동,,7,2026-06-30
1215010800,전남광주통합특별시,순천시,석현동,,8,2026-06-30
1215010900,전남광주통합특별시,순천시,가곡동,,9,2026-06-30
1215011000,전남광주통합특별시,순천시,용당동,,10,2026-06-30
1215011100,전남광주통합특별시,순천시,조곡동,,11,2026-06-30
1215011200,전남광주통합특별시,순천시,생목동,,12,2026-06-30
1215011300,전남광주통합특별시,순천시,덕암동,,13,2026-06-30
1215011400,전남광주통합특별시,순천시,연향동,,14,2026-06-30
1215011500,전남광주통합특별시,순천시,풍덕동,,15,2026-06-30
1215011600,전남광주통합특별시,순천시,남정동,,16,2026-06-30
1215011700,전남광주통합특별시,순천시,인제동,,17,2026-06-30
1215011800,전남광주통합특별시,순천시,저전동,,18,2026-06-30
1215011900,전남광주통합특별시,순천시,장천동,,19,2026-06-30
1215012000,전남광주통합특별시,순천시,남내동,,20,2026-06-30
1215012100,전남광주통합특별시,순천시,중앙동,,21,2026-06-30
1215012200,전남광주통합특별시,순천시,동외동,,22,2026-06-30
1215012300,전남광주통합특별시,순천시,교량동,,23,2026-06-30
1215012400,전남광주통합특별시,순천시,대룡동,,24,2026-06-30
1215012500,전남광주통합특별시,순천시,홍내동,,25,2026-06-30
1215012600,전남광주통합특별시,순천시,오천동,,26,2026-06-30
1215012700,전남광주통합특별시,순천시,덕월동,,27,2026-06-30
1215012800,전남광주통합특별시,순천시,야흥동,,28,2026-06-30
1215012900,전남광주통합특별시,순천시,인월동,,29,2026-06-30
1215013000,전남광주통합특별시,순천시,안풍동,,30,2026-06-30
1215013100,전남광주통합특별시,순천시,대대동,,31,2026-06-30
1215013200,전남광주통합특별시,순천시,왕지동,,32,2026-06-30
1215013300,전남광주통합특별시,순천시,조례동,,33,2026-06-30
1215025000,전남광주통합특별시,순천시,승주읍,,34,2026-06-30
1215025021,전남광주통합특별시,순천시,승주읍,두월리,1,2026-06-30
1215025022,전남광주통합특별시,순천시,승주읍,신전리,2,2026-06-30
1215025023,전남광주통합특별시,순천시,승주읍,유흥리,3,2026-06-30
1215025024,전남광주통합특별시,순천시,승주읍,봉덕리,4,2026-06-30
1215025025,전남광주통합특별시,순천시,승주읍,평중리,5,2026-06-30
1215025026,전남광주통합특별시,순천시,승주읍,구강리,6,2026-06-30
1215025027,전남광주통합특별시,순천시,승주읍,도정리,7,2026-06-30
1215025028,전남광주통합특별시,순천시,승주읍,월계리,8,2026-06-30
1215025029,전남광주통합특별시,순천시,승주읍,서평리,9,2026-06-30
1215025030,전남광주통합특별시,순천시,승주읍,신성리,10,2026-06-30
1215025031,전남광주통합특별시,순천시,승주읍,신학리,11,2026-06-30
1215025032,전남광주통합특별시,순천시,승주읍,죽학리,12,2026-06-30
1215025033,전남광주통합특별시,순천시,승주읍,유평리,13,2026-06-30
1215025034,전남광주통합특별시,순천시,승주읍,남강리,14,2026-06-30
1215031000,전남광주통합특별시,순천시,해룡면,,35,2026-06-30
1215031021,전남광주통합특별시,순천시,해룡면,복성리,1,2026-06-30
1215031022,전남광주통합특별시,순천시,해룡면,신대리,2,2026-06-30
1215031023,전남광주통합특별시,순천시,해룡면,상삼리,3,2026-06-30
1215031024,전남광주통합특별시,순천시,해룡면,대안리,4,2026-06-30
1215031025,전남광주통합특별시,순천시,해룡면,남가리,5,2026-06-30
1215031026,전남광주통합특별시,순천시,해룡면,월전리,6,2026-06-30
1215031027,전남광주통합특별시,순천시,해룡면,성산리,7,2026-06-30
1215031028,전남광주통합특별시,순천시,해룡면,선월리,8,2026-06-30
1215031029,전남광주통합특별시,순천시,해룡면,신성리,9,2026-06-30
1215031030,전남광주통합특별시,순천시,해룡면,호두리,10,2026-06-30
1215031031,전남광주통합특별시,순천시,해룡면,용전리,11,2026-06-30
1215031032,전남광주통합특별시,순천시,해룡면,도롱리,12,2026-06-30
1215031033,전남광주통합특별시,순천시,해룡면,중흥리,13,2026-06-30
1215031034,전남광주통합특별시,순천시,해룡면,해창리,14,2026-06-30
1215031035,전남광주통합특별시,순천시,해룡면,선학리,15,2026-06-30
1215031036,전남광주통합특별시,순천시,해룡면,농주리,16,2026-06-30
1215031037,전남광주통합특별시,순천시,해룡면,상내리,17,2026-06-30
1215031038,전남광주통합특별시,순천시,해룡면,하사리,18,2026-06-30
1215032000,전남광주통합특별시,순천시,서면,,36,2026-06-30
1215032021,전남광주통합특별시,순천시,서면,학구리,1,2026-06-30
1215032022,전남광주통합특별시,순천시,서면,대구리,2,2026-06-30
1215032023,전남광주통합특별시,순천시,서면,구만리,3,2026-06-30
1215032024,전남광주통합특별시,순천시,서면,비월리,4,2026-06-30
1215032025,전남광주통합특별시,순천시,서면,동산리,5,2026-06-30
1215032026,전남광주통합특별시,순천시,서면,운평리,6,2026-06-30
1215032027,전남광주통합특별시,순천시,서면,죽평리,7,2026-06-30
1215032028,전남광주통합특별시,순천시,서면,선평리,8,2026-06-30
1215032029,전남광주통합특별시,순천시,서면,압곡리,9,2026-06-30
1215032030,전남광주통합특별시,순천시,서면,구상리,10,2026-06-30
1215032031,전남광주통합특별시,순천시,서면,흥대리,11,2026-06-30
1215032032,전남광주통합특별시,순천시,서면,지본리,12,2026-06-30
1215032033,전남광주통합특별시,순천시,서면,판교리,13,2026-06-30
1215032034,전남광주통합특별시,순천시,서면,청소리,14,2026-06-30
1215033000,전남광주통합특별시,순천시,황전면,,37,2026-06-30
1215033021,전남광주통합특별시,순천시,황전면,죽청리,1,2026-06-30
1215033022,전남광주통합특별시,순천시,황전면,평촌리,2,2026-06-30
1215033023,전남광주통합특별시,순천시,황전면,수평리,3,2026-06-30
1215033024,전남광주통합특별시,순천시,황전면,괴목리,4,2026-06-30
1215033025,전남광주통합특별시,순천시,황전면,죽내리,5,2026-06-30
1215033026,전남광주통합특별시,순천시,황전면,황학리,6,2026-06-30
1215033027,전남광주통합특별시,순천시,황전면,월산리,7,2026-06-30
1215033028,전남광주통합특별시,순천시,황전면,내구리,8,2026-06-30
1215033029,전남광주통합특별시,순천시,황전면,봉덕리,9,2026-06-30
1215033030,전남광주통합특별시,순천시,황전면,선변리,10,2026-06-30
1215033031,전남광주통합특별시,순천시,황전면,비촌리,11,2026-06-30
1215033032,전남광주통합특별시,순천시,황전면,금평리,12,2026-06-30
1215033033,전남광주통합특별시,순천시,황전면,대치리,13,2026-06-30
1215033034,전남광주통합특별시,순천시,황전면,모전리,14,2026-06-30
1215033035,전남광주통합특별시,순천시,황전면,회룡리,15,2026-06-30
1215033036,전남광주통합특별시,순천시,황전면,덕림리,16,2026-06-30
1215034000,전남광주통합특별시,순천시,월등면,,38,2026-06-30
1215034021,전남광주통합특별시,순천시,월등면,대평리,1,2026-06-30
1215034022,전남광주통합특별시,순천시,월등면,농선리,2,2026-06-30
1215034023,전남광주통합특별시,순천시,월등면,월용리,3,2026-06-30
1215034024,전남광주통합특별시,순천시,월등면,신월리,4,2026-06-30
1215034025,전남광주통합특별시,순천시,월등면,운월리,5,2026-06-30
1215034026,전남광주통합특별시,순천시,월등면,갈평리,6,2026-06-30
1215034027,전남광주통합특별시,순천시,월등면,송천리,7,2026-06-30
1215034028,전남광주통합특별시,순천시,월등면,망용리,8,2026-06-30
1215034029,전남광주통합특별시,순천시,월등면,계월리,9,2026-06-30
1215034030,전남광주통합특별시,순천시,월등면,월림리,10,2026-06-30
1215035000,전남광주통합특별시,순천시,주암면,,39,2026-06-30
1215035021,전남광주통합특별시,순천시,주암면,행정리,1,2026-06-30
1215035022,전남광주통합특별시,순천시,주암면,갈마리,2,2026-06-30
1215035023,전남광주통합특별시,순천시,주암면,주암리,3,2026-06-30
1215035024,전남광주통합특별시,순천시,주암면,오산리,4,2026-06-30
1215035025,전남광주통합특별시,순천시,주암면,창촌리,5,2026-06-30
1215035026,전남광주통합특별시,순천시,주암면,복다리,6,2026-06-30
1215035028,전남광주통합특별시,순천시,주암면,요곡리,7,2026-06-30
1215035029,전남광주통합특별시,순천시,주암면,구산리,8,2026-06-30
1215035030,전남광주통합특별시,순천시,주암면,죽림리,9,2026-06-30
1215035031,전남광주통합특별시,순천시,주암면,고산리,10,2026-06-30
1215035032,전남광주통합특별시,순천시,주암면,대광리,11,2026-06-30
1215035033,전남광주통합특별시,순천시,주암면,광천리,12,2026-06-30
1215035034,전남광주통합특별시,순천시,주암면,비룡리,13,2026-06-30
1215035035,전남광주통합특별시,순천시,주암면,한곡리,14,2026-06-30
1215035036,전남광주통합특별시,순천시,주암면,어왕리,15,2026-06-30
1215035037,전남광주통합특별시,순천시,주암면,백록리,16,2026-06-30
1215035038,전남광주통합특별시,순천시,주암면,대구리,17,2026-06-30
1215035039,전남광주통합특별시,순천시,주암면,궁각리,18,2026-06-30
1215035040,전남광주통합특별시,순천시,주암면,운룡리,19,2026-06-30
1215035041,전남광주통합특별시,순천시,주암면,문길리,20,2026-06-30
1215036000,전남광주통합특별시,순천시,송광면,,40,2026-06-30
1215036021,전남광주통합특별시,순천시,송광면,오봉리,1,2026-06-30
1215036022,전남광주통합특별시,순천시,송광면,신흥리,2,2026-06-30
1215036023,전남광주통합특별시,순천시,송광면,신평리,3,2026-06-30
1215036024,전남광주통합특별시,순천시,송광면,낙수리,4,2026-06-30
1215036025,전남광주통합특별시,순천시,송광면,삼청리,5,2026-06-30
1215036026,전남광주통합특별시,순천시,송광면,후곡리,6,2026-06-30
1215036027,전남광주통합특별시,순천시,송광면,월산리,7,2026-06-30
1215036028,전남광주통합특별시,순천시,송광면,대곡리,8,2026-06-30
1215036029,전남광주통합특별시,순천시,송광면,우산리,9,2026-06-30
1215036030,전남광주통합특별시,순천시,송광면,덕산리,10,2026-06-30
1215036031,전남광주통합특별시,순천시,송광면,봉산리,11,2026-06-30
1215036032,전남광주통합특별시,순천시,송광면,이읍리,12,2026-06-30
1215036033,전남광주통합특별시,순천시,송광면,장안리,13,2026-06-30
1215036034,전남광주통합특별시,순천시,송광면,구룡리,14,2026-06-30
1215036035,전남광주통합특별시,순천시,송광면,대흥리,15,2026-06-30
1215037000,전남광주통합특별시,순천시,외서면,,41,2026-06-30
1215037021,전남광주통합특별시,순천시,외서면,신덕리,1,2026-06-30
1215037022,전남광주통합특별시,순천시,외서면,쌍율리,2,2026-06-30
1215037023,전남광주통합특별시,순천시,외서면,금성리,3,2026-06-30
1215037024,전남광주통합특별시,순천시,외서면,월암리,4,2026-06-30
1215037025,전남광주통합특별시,순천시,외서면,도신리,5,2026-06-30
1215037026,전남광주통합특별시,순천시,외서면,반용리,6,2026-06-30
1215037027,전남광주통합특별시,순천시,외서면,화전리,7,2026-06-30
1215037028,전남광주통합특별시,순천시,외서면,장산리,8,2026-06-30
1215038000,전남광주통합특별시,순천시,낙안면,,42,2026-06-30
1215038021,전남광주통합특별시,순천시,낙안면,동내리,1,2026-06-30
1215038022,전남광주통합특별시,순천시,낙안면,남내리,2,2026-06-30
1215038023,전남광주통합특별시,순천시,낙안면,서내리,3,2026-06-30
1215038024,전남광주통합특별시,순천시,낙안면,성북리,4,2026-06-30
1215038025,전남광주통합특별시,순천시,낙안면,상송리,5,2026-06-30
1215038026,전남광주통합특별시,순천시,낙안면,하송리,6,2026-06-30
1215038027,전남광주통합특별시,순천시,낙안면,검암리,7,2026-06-30
1215038028,전남광주통합특별시,순천시,낙안면,옥산리,8,2026-06-30
1215038029,전남광주통합특별시,순천시,낙안면,평촌리,9,2026-06-30
1215038030,전남광주통합특별시,순천시,낙안면,교촌리,10,2026-06-30
1215038031,전남광주통합특별시,순천시,낙안면,신기리,11,2026-06-30
1215038032,전남광주통합특별시,순천시,낙안면,이곡리,12,2026-06-30
1215038033,전남광주통합특별시,순천시,낙안면,용능리,13,2026-06-30
1215038034,전남광주통합특별시,순천시,낙안면,내운리,14,2026-06-30
1215038035,전남광주통합특별시,순천시,낙안면,창녕리,15,2026-06-30
1215038036,전남광주통합특별시,순천시,낙안면,금산리,16,2026-06-30
1215038037,전남광주통합특별시,순천시,낙안면,평사리,17,2026-06-30
1215038038,전남광주통합특별시,순천시,낙안면,목촌리,18,2026-06-30
1215038039,전남광주통합특별시,순천시,낙안면,석흥리,19,2026-06-30
1215039000,전남광주통합특별시,순천시,별량면,,43,2026-06-30
1215039021,전남광주통합특별시,순천시,별량면,봉림리,1,2026-06-30
1215039022,전남광주통합특별시,순천시,별량면,운천리,2,2026-06-30
1215039023,전남광주통합특별시,순천시,별량면,송학리,3,2026-06-30
1215039024,전남광주통합특별시,순천시,별량면,덕정리,4,2026-06-30
1215039025,전남광주통합특별시,순천시,별량면,우산리,5,2026-06-30
1215039026,전남광주통합특별시,순천시,별량면,쌍림리,6,2026-06-30
1215039027,전남광주통합특별시,순천시,별량면,학산리,7,2026-06-30
1215039028,전남광주통합특별시,순천시,별량면,대곡리,8,2026-06-30
1215039029,전남광주통합특별시,순천시,별량면,무풍리,9,2026-06-30
1215039030,전남광주통합특별시,순천시,별량면,마산리,10,2026-06-30
1215039031,전남광주통합특별시,순천시,별량면,동송리,11,2026-06-30
1215039032,전남광주통합특별시,순천시,별량면,원창리,12,2026-06-30
1215039033,전남광주통합특별시,순천시,별량면,두고리,13,2026-06-30
1215039034,전남광주통합특별시,순천시,별량면,구룡리,14,2026-06-30
1215039035,전남광주통합특별시,순천시,별량면,송기리,15,2026-06-30
1215039036,전남광주통합특별시,순천시,별량면,죽산리,16,2026-06-30
1215039037,전남광주통합특별시,순천시,별량면,금치리,17,2026-06-30
1215039038,전남광주통합특별시,순천시,별량면,대룡리,18,2026-06-30
1215040000,전남광주통합특별시,순천시,상사면,,44,2026-06-30
1215040021,전남광주통합특별시,순천시,상사면,흘산리,1,2026-06-30
1215040022,전남광주통합특별시,순천시,상사면,응령리,2,2026-06-30
1215040023,전남광주통합특별시,순천시,상사면,용계리,3,2026-06-30
1215040024,전남광주통합특별시,순천시,상사면,도월리,4,2026-06-30
1215040025,전남광주통합특별시,순천시,상사면,봉래리,5,2026-06-30
1215040026,전남광주통합특별시,순천시,상사면,쌍지리,6,2026-06-30
1215040027,전남광주통합특별시,순천시,상사면,초곡리,7,2026-06-30
1215040028,전남광주통합특별시,순천시,상사면,용암리,8,2026-06-30
1215040029,전남광주통합특별시,순천시,상사면,비촌리,9,2026-06-30
1215040030,전남광주통합특별시,순천시,상사면,오곡리,10,2026-06-30
1215040031,전남광주통합특별시,순천시,상사면,마륜리,11,2026-06-30
1217000000,전남광주통합특별시,나주시,,,4,2026-06-30
1217010100,전남광주통합특별시,나주시,토계동,,1,2026-06-30
1217010200,전남광주통합특별시,나주시,송월동,,2,2026-06-30
1217010300,전남광주통합특별시,나주시,안창동,,3,2026-06-30
1217010400,전남광주통합특별시,나주시,삼영동,,4,2026-06-30
1217010500,전남광주통합특별시,나주시,교동,,5,2026-06-30
1217010600,전남광주통합특별시,나주시,서내동,,6,2026-06-30
1217010700,전남광주통합특별시,나주시,산정동,,7,2026-06-30
1217010800,전남광주통합특별시,나주시,경현동,,8,2026-06-30
1217010900,전남광주통합특별시,나주시,보산동,,9,2026-06-30
1217011000,전남광주통합특별시,나주시,금계동,,10,2026-06-30
1217011100,전남광주통합특별시,나주시,금성동,,11,2026-06-30
1217011200,전남광주통합특별시,나주시,남내동,,12,2026-06-30
1217011300,전남광주통합특별시,나주시,과원동,,13,2026-06-30
1217011400,전남광주통합특별시,나주시,성북동,,14,2026-06-30
1217011500,전남광주통합특별시,나주시,중앙동,,15,2026-06-30
1217011600,전남광주통합특별시,나주시,대호동,,16,2026-06-30
1217011700,전남광주통합특별시,나주시,송촌동,,17,2026-06-30
1217011800,전남광주통합특별시,나주시,석현동,,18,2026-06-30
1217011900,전남광주통합특별시,나주시,청동,,19,2026-06-30
1217012000,전남광주통합특별시,나주시,남외동,,20,2026-06-30
1217012100,전남광주통합특별시,나주시,죽림동,,21,2026-06-30
1217012200,전남광주통합특별시,나주시,삼도동,,22,2026-06-30
1217012300,전남광주통합특별시,나주시,영산동,,23,2026-06-30
1217012400,전남광주통합특별시,나주시,용산동,,24,2026-06-30
1217012500,전남광주통합특별시,나주시,관정동,,25,2026-06-30
1217012600,전남광주통합특별시,나주시,평산동,,26,2026-06-30
1217012700,전남광주통합특별시,나주시,부덕동,,27,2026-06-30
1217012800,전남광주통합특별시,나주시,이창동,,28,2026-06-30
1217012900,전남광주통합특별시,나주시,대기동,,29,2026-06-30
1217013000,전남광주통합특별시,나주시,운곡동,,30,2026-06-30
1217013100,전남광주통합특별시,나주시,동수동,,31,2026-06-30
1217013200,전남광주통합특별시,나주시,오량동,,32,2026-06-30
1217013300,전남광주통합특별시,나주시,진포동,,33,2026-06-30
1217013400,전남광주통합특별시,나주시,빛가람동,,,2026-06-30
1217025000,전남광주통합특별시,나주시,남평읍,,34,2026-06-30
1217025021,전남광주통합특별시,나주시,남평읍,남평리,1,2026-06-30
1217025022,전남광주통합특별시,나주시,남평읍,대교리,2,2026-06-30
1217025023,전남광주통합특별시,나주시,남평읍,동사리,3,2026-06-30
1217025024,전남광주통합특별시,나주시,남평읍,교촌리,4,2026-06-30
1217025025,전남광주통합특별시,나주시,남평읍,교원리,5,2026-06-30
1217025026,전남광주통합특별시,나주시,남평읍,서산리,6,2026-06-30
1217025027,전남광주통합특별시,나주시,남평읍,오계리,7,2026-06-30
1217025028,전남광주통합특별시,나주시,남평읍,상곡리,8,2026-06-30
1217025029,전남광주통합특별시,나주시,남평읍,우산리,9,2026-06-30
1217025030,전남광주통합특별시,나주시,남평읍,남석리,10,2026-06-30
1217025031,전남광주통합특별시,나주시,남평읍,풍림리,11,2026-06-30
1217025032,전남광주통합특별시,나주시,남평읍,노동리,12,2026-06-30
1217025033,전남광주통합특별시,나주시,남평읍,광촌리,13,2026-06-30
1217025034,전남광주통합특별시,나주시,남평읍,수원리,14,2026-06-30
1217025035,전남광주통합특별시,나주시,남평읍,광이리,15,2026-06-30
1217025036,전남광주통합특별시,나주시,남평읍,평산리,16,2026-06-30
1217031000,전남광주통합특별시,나주시,세지면,,35,2026-06-30
1217031021,전남광주통합특별시,나주시,세지면,오봉리,1,2026-06-30
1217031022,전남광주통합특별시,나주시,세지면,대산리,2,2026-06-30
1217031023,전남광주통합특별시,나주시,세지면,내정리,3,2026-06-30
1217031024,전남광주통합특별시,나주시,세지면,동곡리,4,2026-06-30
1217031025,전남광주통합특별시,나주시,세지면,죽동리,5,2026-06-30
1217031026,전남광주통합특별시,나주시,세지면,송제리,6,2026-06-30
1217031027,전남광주통합특별시,나주시,세지면,교산리,7,2026-06-30
1217031028,전남광주통합특별시,나주시,세지면,벽산리,8,2026-06-30
1217031029,전남광주통합특별시,나주시,세지면,성산리,9,2026-06-30
1217032000,전남광주통합특별시,나주시,왕곡면,,36,2026-06-30
1217032021,전남광주통합특별시,나주시,왕곡면,덕산리,1,2026-06-30
1217032022,전남광주통합특별시,나주시,왕곡면,본양리,2,2026-06-30
1217032023,전남광주통합특별시,나주시,왕곡면,옥곡리,3,2026-06-30
1217032024,전남광주통합특별시,나주시,왕곡면,송죽리,4,2026-06-30
1217032025,전남광주통합특별시,나주시,왕곡면,신포리,5,2026-06-30
1217032026,전남광주통합특별시,나주시,왕곡면,월천리,6,2026-06-30
1217032027,전남광주통합특별시,나주시,왕곡면,화정리,7,2026-06-30
1217032028,전남광주통합특별시,나주시,왕곡면,행전리,8,2026-06-30
1217032029,전남광주통합특별시,나주시,왕곡면,신원리,9,2026-06-30
1217032030,전남광주통합특별시,나주시,왕곡면,신가리,10,2026-06-30
1217032031,전남광주통합특별시,나주시,왕곡면,양산리,11,2026-06-30
1217032032,전남광주통합특별시,나주시,왕곡면,장산리,12,2026-06-30
1217033000,전남광주통합특별시,나주시,반남면,,37,2026-06-30
1217033021,전남광주통합특별시,나주시,반남면,흥덕리,1,2026-06-30
1217033022,전남광주통합특별시,나주시,반남면,석천리,2,2026-06-30
1217033024,전남광주통합특별시,나주시,반남면,덕산리,3,2026-06-30
1217033025,전남광주통합특별시,나주시,반남면,신촌리,4,2026-06-30
1217033026,전남광주통합특별시,나주시,반남면,대안리,5,2026-06-30
1217033027,전남광주통합특별시,나주시,반남면,청송리,6,2026-06-30
1217033028,전남광주통합특별시,나주시,반남면,성계리,7,2026-06-30
1217034000,전남광주통합특별시,나주시,공산면,,38,2026-06-30
1217034021,전남광주통합특별시,나주시,공산면,금곡리,1,2026-06-30
1217034022,전남광주통합특별시,나주시,공산면,남창리,2,2026-06-30
1217034023,전남광주통합특별시,나주시,공산면,백사리,3,2026-06-30
1217034024,전남광주통합특별시,나주시,공산면,신곡리,4,2026-06-30
1217034025,전남광주통합특별시,나주시,공산면,중포리,5,2026-06-30
1217034026,전남광주통합특별시,나주시,공산면,가송리,6,2026-06-30
1217034027,전남광주통합특별시,나주시,공산면,동촌리,7,2026-06-30
1217034028,전남광주통합특별시,나주시,공산면,화성리,8,2026-06-30
1217034029,전남광주통합특별시,나주시,공산면,상방리,9,2026-06-30
1217034030,전남광주통합특별시,나주시,공산면,복용리,10,2026-06-30
1217035000,전남광주통합특별시,나주시,동강면,,39,2026-06-30
1217035021,전남광주통합특별시,나주시,동강면,인동리,1,2026-06-30
1217035022,전남광주통합특별시,나주시,동강면,월양리,2,2026-06-30
1217035023,전남광주통합특별시,나주시,동강면,진천리,3,2026-06-30
1217035024,전남광주통합특별시,나주시,동강면,대전리,4,2026-06-30
1217035025,전남광주통합특별시,나주시,동강면,장동리,5,2026-06-30
1217035026,전남광주통합특별시,나주시,동강면,옥정리,6,2026-06-30
1217035027,전남광주통합특별시,나주시,동강면,곡천리,7,2026-06-30
1217035028,전남광주통합특별시,나주시,동강면,대지리,8,2026-06-30
1217035029,전남광주통합특별시,나주시,동강면,월송리,9,2026-06-30
1217035030,전남광주통합특별시,나주시,동강면,양지리,10,2026-06-30
1217035031,전남광주통합특별시,나주시,동강면,운산리,11,2026-06-30
1217036000,전남광주통합특별시,나주시,다시면,,40,2026-06-30
1217036021,전남광주통합특별시,나주시,다시면,영동리,1,2026-06-30
1217036022,전남광주통합특별시,나주시,다시면,월태리,2,2026-06-30
1217036023,전남광주통합특별시,나주시,다시면,가운리,3,2026-06-30
1217036025,전남광주통합특별시,나주시,다시면,복암리,4,2026-06-30
1217036026,전남광주통합특별시,나주시,다시면,가흥리,5,2026-06-30
1217036027,전남광주통합특별시,나주시,다시면,신석리,6,2026-06-30
1217036028,전남광주통합특별시,나주시,다시면,죽산리,7,2026-06-30
1217036029,전남광주통합특별시,나주시,다시면,문동리,8,2026-06-30
1217036030,전남광주통합특별시,나주시,다시면,동당리,9,2026-06-30
1217036031,전남광주통합특별시,나주시,다시면,송촌리,10,2026-06-30
1217036032,전남광주통합특별시,나주시,다시면,동곡리,11,2026-06-30
1217036033,전남광주통합특별시,나주시,다시면,청정리,12,2026-06-30
1217036034,전남광주통합특별시,나주시,다시면,운봉리,13,2026-06-30
1217036035,전남광주통합특별시,나주시,다시면,신광리,14,2026-06-30
1217036036,전남광주통합특별시,나주시,다시면,회진리,15,2026-06-30
1217037000,전남광주통합특별시,나주시,문평면,,41,2026-06-30
1217037021,전남광주통합특별시,나주시,문평면,안곡리,1,2026-06-30
1217037022,전남광주통합특별시,나주시,문평면,송산리,2,2026-06-30
1217037023,전남광주통합특별시,나주시,문평면,북동리,3,2026-06-30
1217037024,전남광주통합특별시,나주시,문평면,동원리,4,2026-06-30
1217037025,전남광주통합특별시,나주시,문평면,대도리,5,2026-06-30
1217037026,전남광주통합특별시,나주시,문평면,계로리,6,2026-06-30
1217037027,전남광주통합특별시,나주시,문평면,학교리,7,2026-06-30
1217037028,전남광주통합특별시,나주시,문평면,국동리,8,2026-06-30
1217037029,전남광주통합특별시,나주시,문평면,옥당리,9,2026-06-30
1217037030,전남광주통합특별시,나주시,문평면,산호리,10,2026-06-30
1217037031,전남광주통합특별시,나주시,문평면,학동리,11,2026-06-30
1217037032,전남광주통합특별시,나주시,문평면,오룡리,12,2026-06-30
1217038000,전남광주통합특별시,나주시,노안면,,42,2026-06-30
1217038021,전남광주통합특별시,나주시,노안면,금동리,1,2026-06-30
1217038022,전남광주통합특별시,나주시,노안면,장동리,2,2026-06-30
1217038023,전남광주통합특별시,나주시,노안면,학산리,3,2026-06-30
1217038024,전남광주통합특별시,나주시,노안면,도산리,4,2026-06-30
1217038025,전남광주통합특별시,나주시,노안면,유곡리,5,2026-06-30
1217038026,전남광주통합특별시,나주시,노안면,계림리,6,2026-06-30
1217038027,전남광주통합특별시,나주시,노안면,안산리,7,2026-06-30
1217038028,전남광주통합특별시,나주시,노안면,용산리,8,2026-06-30
1217038029,전남광주통합특별시,나주시,노안면,구정리,9,2026-06-30
1217038030,전남광주통합특별시,나주시,노안면,영평리,10,2026-06-30
1217038031,전남광주통합특별시,나주시,노안면,금안리,11,2026-06-30
1217038032,전남광주통합특별시,나주시,노안면,오정리,12,2026-06-30
1217038033,전남광주통합특별시,나주시,노안면,양천리,13,2026-06-30
1217039000,전남광주통합특별시,나주시,금천면,,43,2026-06-30
1217039021,전남광주통합특별시,나주시,금천면,오강리,1,2026-06-30
1217039022,전남광주통합특별시,나주시,금천면,고동리,2,2026-06-30
1217039023,전남광주통합특별시,나주시,금천면,광암리,3,2026-06-30
1217039024,전남광주통합특별시,나주시,금천면,신천리,4,2026-06-30
1217039025,전남광주통합특별시,나주시,금천면,죽촌리,5,2026-06-30
1217039026,전남광주통합특별시,나주시,금천면,월산리,6,2026-06-30
1217039027,전남광주통합특별시,나주시,금천면,동악리,7,2026-06-30
1217039028,전남광주통합특별시,나주시,금천면,석전리,8,2026-06-30
1217039029,전남광주통합특별시,나주시,금천면,촌곡리,9,2026-06-30
1217039030,전남광주통합특별시,나주시,금천면,신가리,10,2026-06-30
1217039031,전남광주통합특별시,나주시,금천면,원곡리,11,2026-06-30
1217040000,전남광주통합특별시,나주시,산포면,,44,2026-06-30
1217040021,전남광주통합특별시,나주시,산포면,매성리,1,2026-06-30
1217040022,전남광주통합특별시,나주시,산포면,신도리,2,2026-06-30
1217040023,전남광주통합특별시,나주시,산포면,송림리,3,2026-06-30
1217040024,전남광주통합특별시,나주시,산포면,화지리,4,2026-06-30
1217040025,전남광주통합특별시,나주시,산포면,산제리,5,2026-06-30
1217040026,전남광주통합특별시,나주시,산포면,등수리,6,2026-06-30
1217040027,전남광주통합특별시,나주시,산포면,등정리,7,2026-06-30
1217040028,전남광주통합특별시,나주시,산포면,내기리,8,2026-06-30
1217040029,전남광주통합특별시,나주시,산포면,덕례리,9,2026-06-30
1217042000,전남광주통합특별시,나주시,다도면,,45,2026-06-30
1217042021,전남광주통합특별시,나주시,다도면,판촌리,1,2026-06-30
1217042022,전남광주통합특별시,나주시,다도면,송학리,2,2026-06-30
1217042023,전남광주통합특별시,나주시,다도면,풍산리,3,2026-06-30
1217042024,전남광주통합특별시,나주시,다도면,덕동리,4,2026-06-30
1217042025,전남광주통합특별시,나주시,다도면,궁원리,5,2026-06-30
1217042026,전남광주통합특별시,나주시,다도면,신동리,6,2026-06-30
1217042027,전남광주통합특별시,나주시,다도면,방산리,7,2026-06-30
1217042028,전남광주통합특별시,나주시,다도면,마산리,8,2026-06-30
1217042029,전남광주통합특별시,나주시,다도면,암정리,9,2026-06-30
1217042030,전남광주통합특별시,나주시,다도면,덕림리,10,2026-06-30
1217042031,전남광주통합특별시,나주시,다도면,도동리,11,2026-06-30
1217043000,전남광주통합특별시,나주시,봉황면,,46,2026-06-30
1217043021,전남광주통합특별시,나주시,봉황면,죽석리,1,2026-06-30
1217043022,전남광주통합특별시,나주시,봉황면,철천리,2,2026-06-30
1217043023,전남광주통합특별시,나주시,봉황면,각동리,3,2026-06-30
1217043024,전남광주통합특별시,나주시,봉황면,송현리,4,2026-06-30
1217043025,전남광주통합특별시,나주시,봉황면,장성리,5,2026-06-30
1217043026,전남광주통합특별시,나주시,봉황면,유곡리,6,2026-06-30
1217043027,전남광주통합특별시,나주시,봉황면,옥산리,7,2026-06-30
1217043028,전남광주통합특별시,나주시,봉황면,용전리,8,2026-06-30
1217043029,전남광주통합특별시,나주시,봉황면,와우리,9,2026-06-30
1217043030,전남광주통합특별시,나주시,봉황면,황용리,10,2026-06-30
1217043031,전남광주통합특별시,나주시,봉황면,신동리,11,2026-06-30
1217043032,전남광주통합특별시,나주시,봉황면,욱곡리,12,2026-06-30
1217043033,전남광주통합특별시,나주시,봉황면,오림리,13,2026-06-30
1217043034,전남광주통합특별시,나주시,봉황면,덕림리,14,2026-06-30
1217043035,전남광주통합특별시,나주시,봉황면,운곡리,15,2026-06-30
1217043036,전남광주통합특별시,나주시,봉황면,용곡리,16,2026-06-30
1217043037,전남광주통합특별시,나주시,봉황면,만봉리,17,2026-06-30
1217043038,전남광주통합특별시,나주시,봉황면,덕곡리,18,2026-06-30
1219000000,전남광주통합특별시,광양시,,,5,2026-06-30
1219010100,전남광주통합특별시,광양시,황금동,,1,2026-06-30
1219010200,전남광주통합특별시,광양시,황길동,,2,2026-06-30
1219010300,전남광주통합특별시,광양시,도이동,,3,2026-06-30
1219010400,전남광주통합특별시,광양시,성황동,,4,2026-06-30
1219010500,전남광주통합특별시,광양시,중군동,,5,2026-06-30
1219010600,전남광주통합특별시,광양시,중동,,6,2026-06-30
1219010700,전남광주통합특별시,광양시,마동,,7,2026-06-30
1219010800,전남광주통합특별시,광양시,광영동,,8,2026-06-30
1219010900,전남광주통합특별시,광양시,태인동,,9,2026-06-30
1219011000,전남광주통합특별시,광양시,금호동,,10,2026-06-30
1219025000,전남광주통합특별시,광양시,광양읍,,11,2026-06-30
1219025021,전남광주통합특별시,광양시,광양읍,우산리,1,2026-06-30
1219025022,전남광주통합특별시,광양시,광양읍,구산리,2,2026-06-30
1219025023,전남광주통합특별시,광양시,광양읍,칠성리,3,2026-06-30
1219025024,전남광주통합특별시,광양시,광양읍,읍내리,4,2026-06-30
1219025025,전남광주통합특별시,광양시,광양읍,목성리,5,2026-06-30
1219025026,전남광주통합특별시,광양시,광양읍,초남리,6,2026-06-30
1219025027,전남광주통합특별시,광양시,광양읍,익신리,7,2026-06-30
1219025028,전남광주통합특별시,광양시,광양읍,사곡리,8,2026-06-30
1219025029,전남광주통합특별시,광양시,광양읍,죽림리,9,2026-06-30
1219025030,전남광주통합특별시,광양시,광양읍,용강리,10,2026-06-30
1219025031,전남광주통합특별시,광양시,광양읍,인동리,11,2026-06-30
1219025032,전남광주통합특별시,광양시,광양읍,인서리,12,2026-06-30
1219025033,전남광주통합특별시,광양시,광양읍,도월리,13,2026-06-30
1219025034,전남광주통합특별시,광양시,광양읍,세풍리,14,2026-06-30
1219025035,전남광주통합특별시,광양시,광양읍,덕례리,15,2026-06-30
1219031000,전남광주통합특별시,광양시,봉강면,,12,2026-06-30
1219031021,전남광주통합특별시,광양시,봉강면,석사리,1,2026-06-30
1219031022,전남광주통합특별시,광양시,봉강면,지곡리,2,2026-06-30
1219031023,전남광주통합특별시,광양시,봉강면,봉당리,3,2026-06-30
1219031024,전남광주통합특별시,광양시,봉강면,부저리,4,2026-06-30
1219031025,전남광주통합특별시,광양시,봉강면,구서리,5,2026-06-30
1219031026,전남광주통합특별시,광양시,봉강면,조령리,6,2026-06-30
1219031027,전남광주통합특별시,광양시,봉강면,신룡리,7,2026-06-30
1219032000,전남광주통합특별시,광양시,옥룡면,,13,2026-06-30
1219032021,전남광주통합특별시,광양시,옥룡면,산남리,1,2026-06-30
1219032022,전남광주통합특별시,광양시,옥룡면,운평리,2,2026-06-30
1219032023,전남광주통합특별시,광양시,옥룡면,추산리,3,2026-06-30
1219032024,전남광주통합특별시,광양시,옥룡면,동곡리,4,2026-06-30
1219032025,전남광주통합특별시,광양시,옥룡면,죽천리,5,2026-06-30
1219032026,전남광주통합특별시,광양시,옥룡면,용곡리,6,2026-06-30
1219032027,전남광주통합특별시,광양시,옥룡면,율천리,7,2026-06-30
1219032028,전남광주통합특별시,광양시,옥룡면,운곡리,8,2026-06-30
1219033000,전남광주통합특별시,광양시,옥곡면,,14,2026-06-30
1219033021,전남광주통합특별시,광양시,옥곡면,원월리,1,2026-06-30
1219033022,전남광주통합특별시,광양시,옥곡면,대죽리,2,2026-06-30
1219033023,전남광주통합특별시,광양시,옥곡면,묵백리,3,2026-06-30
1219033024,전남광주통합특별시,광양시,옥곡면,신금리,4,2026-06-30
1219033025,전남광주통합특별시,광양시,옥곡면,장동리,5,2026-06-30
1219033026,전남광주통합특별시,광양시,옥곡면,선유리,6,2026-06-30
1219033027,전남광주통합특별시,광양시,옥곡면,수평리,7,2026-06-30
1219034000,전남광주통합특별시,광양시,진상면,,15,2026-06-30
1219034021,전남광주통합특별시,광양시,진상면,금이리,1,2026-06-30
1219034022,전남광주통합특별시,광양시,진상면,섬거리,2,2026-06-30
1219034023,전남광주통합특별시,광양시,진상면,비평리,3,2026-06-30
1219034024,전남광주통합특별시,광양시,진상면,황죽리,4,2026-06-30
1219034025,전남광주통합특별시,광양시,진상면,어치리,5,2026-06-30
1219034026,전남광주통합특별시,광양시,진상면,지원리,6,2026-06-30
1219034027,전남광주통합특별시,광양시,진상면,청암리,7,2026-06-30
1219035000,전남광주통합특별시,광양시,진월면,,16,2026-06-30
1219035021,전남광주통합특별시,광양시,진월면,망덕리,1,2026-06-30
1219035022,전남광주통합특별시,광양시,진월면,차사리,2,2026-06-30
1219035023,전남광주통합특별시,광양시,진월면,마룡리,3,2026-06-30
1219035024,전남광주통합특별시,광양시,진월면,선소리,4,2026-06-30
1219035025,전남광주통합특별시,광양시,진월면,신아리,5,2026-06-30
1219035026,전남광주통합특별시,광양시,진월면,오사리,6,2026-06-30
1219035027,전남광주통합특별시,광양시,진월면,신구리,7,2026-06-30
1219035028,전남광주통합특별시,광양시,진월면,송금리,8,2026-06-30
1219035029,전남광주통합특별시,광양시,진월면,월길리,9,2026-06-30
1219035030,전남광주통합특별시,광양시,진월면,진정리,10,2026-06-30
1219036000,전남광주통합특별시,광양시,다압면,,17,2026-06-30
1219036021,전남광주통합특별시,광양시,다압면,신원리,1,2026-06-30
1219036022,전남광주통합특별시,광양시,다압면,도사리,2,2026-06-30
1219036023,전남광주통합특별시,광양시,다압면,고사리,3,2026-06-30
1219036024,전남광주통합특별시,광양시,다압면,금천리,4,2026-06-30
1219036025,전남광주통합특별시,광양시,다압면,하천리,5,2026-06-30
1221000000,전남광주통합특별시,동구,,,1,2026-06-30
1221010100,전남광주통합특별시,동구,대인동,,1,2026-06-30
1221010200,전남광주통합특별시,동구,금남로5가,,2,2026-06-30
1221010300,전남광주통합특별시,동구,충장로5가,,3,2026-06-30
1221010400,전남광주통합특별시,동구,수기동,,4,2026-06-30
1221010500,전남광주통합특별시,동구,대의동,,5,2026-06-30
1221010600,전남광주통합특별시,동구,궁동,,6,2026-06-30
1221010700,전남광주통합특별시,동구,장동,,7,2026-06-30
1221010800,전남광주통합특별시,동구,동명동,,8,2026-06-30
1221010900,전남광주통합특별시,동구,계림동,,9,2026-06-30
1221011000,전남광주통합특별시,동구,산수동,,10,2026-06-30
1221011100,전남광주통합특별시,동구,지산동,,11,2026-06-30
1221011200,전남광주통합특별시,동구,남동,,12,2026-06-30
1221011300,전남광주통합특별시,동구,광산동,,13,2026-06-30
1221011400,전남광주통합특별시,동구,금동,,14,2026-06-30
1221011500,전남광주통합특별시,동구,호남동,,15,2026-06-30
1221011600,전남광주통합특별시,동구,불로동,,16,2026-06-30
1221011700,전남광주통합특별시,동구,황금동,,17,2026-06-30
1221011800,전남광주통합특별시,동구,서석동,,18,2026-06-30
1221011900,전남광주통합특별시,동구,소태동,,19,2026-06-30
1221012000,전남광주통합특별시,동구,용연동,,20,2026-06-30
1221012100,전남광주통합특별시,동구,운림동,,21,2026-06-30
1221012200,전남광주통합특별시,동구,학동,,22,2026-06-30
1221012300,전남광주통합특별시,동구,월남동,,23,2026-06-30
1221012400,전남광주통합특별시,동구,선교동,,24,2026-06-30
1221012500,전남광주통합특별시,동구,내남동,,25,2026-06-30
1221012600,전남광주통합특별시,동구,용산동,,26,2026-06-30
1221012700,전남광주통합특별시,동구,충장로1가,,27,2026-06-30
1221012800,전남광주통합특별시,동구,충장로2가,,28,2026-06-30
1221012900,전남광주통합특별시,동구,충장로3가,,29,2026-06-30
1221013000,전남광주통합특별시,동구,충장로4가,,30,2026-06-30
1221013100,전남광주통합특별시,동구,금남로1가,,31,2026-06-30
1221013200,전남광주통합특별시,동구,금남로2가,,32,2026-06-30
1221013300,전남광주통합특별시,동구,금남로3가,,33,2026-06-30
1221013400,전남광주통합특별시,동구,금남로4가,,34,2026-06-30
1224000000,전남광주통합특별시,서구,,,2,2026-06-30
1224010400,전남광주통합특별시,서구,양동,,1,2026-06-30
1224010600,전남광주통합특별시,서구,농성동,,2,2026-06-30
1224011500,전남광주통합특별시,서구,광천동,,3,2026-06-30
1224011600,전남광주통합특별시,서구,유촌동,,4,2026-06-30
1224011700,전남광주통합특별시,서구,덕흥동,,5,2026-06-30
1224011800,전남광주통합특별시,서구,쌍촌동,,6,2026-06-30
1224011900,전남광주통합특별시,서구,화정동,,7,2026-06-30
1224012000,전남광주통합특별시,서구,치평동,,8,2026-06-30
1224012100,전남광주통합특별시,서구,내방동,,9,2026-06-30
1224012500,전남광주통합특별시,서구,서창동,,10,2026-06-30
1224012600,전남광주통합특별시,서구,세하동,,11,2026-06-30
1224012700,전남광주통합특별시,서구,용두동,,12,2026-06-30
1224012800,전남광주통합특별시,서구,풍암동,,13,2026-06-30
1224012900,전남광주통합특별시,서구,벽진동,,14,2026-06-30
1224013000,전남광주통합특별시,서구,금호동,,15,2026-06-30
1224013100,전남광주통합특별시,서구,마륵동,,16,2026-06-30
1224013200,전남광주통합특별시,서구,매월동,,17,2026-06-30
1224013300,전남광주통합특별시,서구,동천동,,18,2026-06-30
1227000000,전남광주통합특별시,남구,,,3,2026-06-30
1227010100,전남광주통합특별시,남구,사동,,1,2026-06-30
1227010200,전남광주통합특별시,남구,구동,,2,2026-06-30
1227010300,전남광주통합특별시,남구,서동,,3,2026-06-30
1227010400,전남광주통합특별시,남구,월산동,,4,2026-06-30
1227010500,전남광주통합특별시,남구,백운동,,5,2026-06-30
1227010600,전남광주통합특별시,남구,주월동,,6,2026-06-30
1227010700,전남광주통합특별시,남구,노대동,,7,2026-06-30
1227010800,전남광주통합특별시,남구,진월동,,8,2026-06-30
1227010900,전남광주통합특별시,남구,덕남동,,9,2026-06-30
1227011000,전남광주통합특별시,남구,행암동,,10,2026-06-30
1227011100,전남광주통합특별시,남구,임암동,,11,2026-06-30
1227011200,전남광주통합특별시,남구,송하동,,12,2026-06-30
1227011300,전남광주통합특별시,남구,양림동,,13,2026-06-30
1227011400,전남광주통합특별시,남구,방림동,,14,2026-06-30
1227011500,전남광주통합특별시,남구,봉선동,,15,2026-06-30
1227011600,전남광주통합특별시,남구,구소동,,16,2026-06-30
1227011700,전남광주통합특별시,남구,양촌동,,17,2026-06-30
1227011800,전남광주통합특별시,남구,도금동,,18,2026-06-30
1227011900,전남광주통합특별시,남구,승촌동,,19,2026-06-30
1227012000,전남광주통합특별시,남구,지석동,,20,2026-06-30
1227012100,전남광주통합특별시,남구,압촌동,,21,2026-06-30
1227012200,전남광주통합특별시,남구,화장동,,22,2026-06-30
1227012300,전남광주통합특별시,남구,칠석동,,23,2026-06-30
1227012400,전남광주통합특별시,남구,석정동,,24,2026-06-30
1227012500,전남광주통합특별시,남구,신장동,,25,2026-06-30
1227012600,전남광주통합특별시,남구,양과동,,26,2026-06-30
1227012700,전남광주통합특별시,남구,이장동,,27,2026-06-30
1227012800,전남광주통합특별시,남구,대지동,,28,2026-06-30
1227012900,전남광주통합특별시,남구,원산동,,29,2026-06-30
1227013000,전남광주통합특별시,남구,월성동,,30,2026-06-30
1230000000,전남광주통합특별시,북구,,,4,2026-06-30
1230010100,전남광주통합특별시,북구,중흥동,,1,2026-06-30
1230010200,전남광주통합특별시,북구,유동,,2,2026-06-30
1230010300,전남광주통합특별시,북구,누문동,,3,2026-06-30
1230010400,전남광주통합특별시,북구,북동,,4,2026-06-30
1230010500,전남광주통합특별시,북구,임동,,5,2026-06-30
1230010600,전남광주통합특별시,북구,신안동,,6,2026-06-30
1230010700,전남광주통합특별시,북구,용봉동,,7,2026-06-30
1230010800,전남광주통합특별시,북구,동림동,,8,2026-06-30
1230010900,전남광주통합특별시,북구,운암동,,9,2026-06-30
1230011000,전남광주통합특별시,북구,우산동,,10,2026-06-30
1230011100,전남광주통합특별시,북구,풍향동,,11,2026-06-30
1230011200,전남광주통합특별시,북구,문흥동,,12,2026-06-30
1230011300,전남광주통합특별시,북구,각화동,,13,2026-06-30
1230011400,전남광주통합특별시,북구,두암동,,14,2026-06-30
1230011500,전남광주통합특별시,북구,오치동,,15,2026-06-30
1230011600,전남광주통합특별시,북구,삼각동,,16,2026-06-30
1230011700,전남광주통합특별시,북구,매곡동,,17,2026-06-30
1230011800,전남광주통합특별시,북구,충효동,,18,2026-06-30
1230011900,전남광주통합특별시,북구,덕의동,,19,2026-06-30
1230012000,전남광주통합특별시,북구,금곡동,,20,2026-06-30
1230012100,전남광주통합특별시,북구,망월동,,21,2026-06-30
1230012200,전남광주통합특별시,북구,청풍동,,22,2026-06-30
1230012300,전남광주통합특별시,북구,화암동,,23,2026-06-30
1230012400,전남광주통합특별시,북구,장등동,,24,2026-06-30
1230012500,전남광주통합특별시,북구,운정동,,25,2026-06-30
1230012600,전남광주통합특별시,북구,본촌동,,26,2026-06-30
1230012700,전남광주통합특별시,북구,일곡동,,27,2026-06-30
1230012800,전남광주통합특별시,북구,양산동,,28,2026-06-30
1230012900,전남광주통합특별시,북구,연제동,,29,2026-06-30
1230013000,전남광주통합특별시,북구,신용동,,30,2026-06-30
1230013100,전남광주통합특별시,북구,용두동,,31,2026-06-30
1230013200,전남광주통합특별시,북구,지야동,,32,2026-06-30
1230013300,전남광주통합특별시,북구,태령동,,33,2026-06-30
1230013400,전남광주통합특별시,북구,수곡동,,34,2026-06-30
1230013500,전남광주통합특별시,북구,효령동,,35,2026-06-30
1230013600,전남광주통합특별시,북구,용전동,,36,2026-06-30
1230013700,전남광주통합특별시,북구,용강동,,37,2026-06-30
1230013800,전남광주통합특별시,북구,생용동,,38,2026-06-30
1230013900,전남광주통합특별시,북구,월출동,,39,2026-06-30
1230014000,전남광주통합특별시,북구,대촌동,,40,2026-06-30
1230014100,전남광주통합특별시,북구,오룡동,,41,2026-06-30
1233000000,전남광주통합특별시,광산구,,,5,2026-06-30
1233010100,전남광주통합특별시,광산구,송정동,,1,2026-06-30
1233010200,전남광주통합특별시,광산구,도산동,,2,2026-06-30
1233010300,전남광주통합특별시,광산구,도호동,,3,2026-06-30
1233010400,전남광주통합특별시,광산구,신촌동,,4,2026-06-30
1233010500,전남광주통합특별시,광산구,서봉동,,5,2026-06-30
1233010600,전남광주통합특별시,광산구,운수동,,6,2026-06-30
1233010700,전남광주통합특별시,광산구,선암동,,7,2026-06-30
1233010800,전남광주통합특별시,광산구,소촌동,,8,2026-06-30
1233010900,전남광주통합특별시,광산구,우산동,,9,2026-06-30
1233011000,전남광주통합특별시,광산구,황룡동,,10,2026-06-30
1233011100,전남광주통합특별시,광산구,박호동,,11,2026-06-30
1233011200,전남광주통합특별시,광산구,비아동,,12,2026-06-30
1233011300,전남광주통합특별시,광산구,도천동,,13,2026-06-30
1233011400,전남광주통합특별시,광산구,수완동,,14,2026-06-30
1233011500,전남광주통합특별시,광산구,월계동,,15,2026-06-30
1233011600,전남광주통합특별시,광산구,쌍암동,,16,2026-06-30
1233011700,전남광주통합특별시,광산구,산월동,,17,2026-06-30
1233011800,전남광주통합특별시,광산구,신창동,,18,2026-06-30
1233011900,전남광주통합특별시,광산구,신가동,,19,2026-06-30
1233012000,전남광주통합특별시,광산구,운남동,,20,2026-06-30
1233012100,전남광주통합특별시,광산구,안청동,,21,2026-06-30
1233012200,전남광주통합특별시,광산구,진곡동,,22,2026-06-30
1233012300,전남광주통합특별시,광산구,장덕동,,23,2026-06-30
1233012400,전남광주통합특별시,광산구,흑석동,,24,2026-06-30
1233012500,전남광주통합특별시,광산구,하남동,,25,2026-06-30
1233012600,전남광주통합특별시,광산구,장수동,,26,2026-06-30
1233012700,전남광주통합특별시,광산구,산정동,,27,2026-06-30
1233012800,전남광주통합특별시,광산구,월곡동,,28,2026-06-30
1233012900,전남광주통합특별시,광산구,등임동,,29,2026-06-30
1233013000,전남광주통합특별시,광산구,산막동,,30,2026-06-30
1233013100,전남광주통합특별시,광산구,고룡동,,31,2026-06-30
1233013200,전남광주통합특별시,광산구,신룡동,,32,2026-06-30
1233013300,전남광주통합특별시,광산구,두정동,,33,2026-06-30
1233013400,전남광주통합특별시,광산구,임곡동,,34,2026-06-30
1233013500,전남광주통합특별시,광산구,광산동,,35,2026-06-30
1233013600,전남광주통합특별시,광산구,오산동,,36,2026-06-30
1233013700,전남광주통합특별시,광산구,사호동,,37,2026-06-30
1233013800,전남광주통합특별시,광산구,하산동,,38,2026-06-30
1233013900,전남광주통합특별시,광산구,유계동,,39,2026-06-30
1233014000,전남광주통합특별시,광산구,본덕동,,40,2026-06-30
1233014100,전남광주통합특별시,광산구,용봉동,,41,2026-06-30
1233014200,전남광주통합특별시,광산구,요기동,,42,2026-06-30
1233014300,전남광주통합특별시,광산구,복룡동,,43,2026-06-30
1233014400,전남광주통합특별시,광산구,송대동,,44,2026-06-30
1233014500,전남광주통합특별시,광산구,옥동,,45,2026-06-30
1233014600,전남광주통합특별시,광산구,월전동,,46,2026-06-30
1233014700,전남광주통합특별시,광산구,장록동,,47,2026-06-30
1233014800,전남광주통합특별시,광산구,송촌동,,48,2026-06-30
1233014900,전남광주통합특별시,광산구,지죽동,,49,2026-06-30
1233015000,전남광주통합특별시,광산구,용동,,50,2026-06-30
1233015100,전남광주통합특별시,광산구,용곡동,,51,2026-06-30
1233015200,전남광주통합특별시,광산구,지정동,,52,2026-06-30
1233015300,전남광주통합특별시,광산구,명화동,,53,2026-06-30
1233015400,전남광주통합특별시,광산구,동산동,,54,2026-06-30
1233015500,전남광주통합특별시,광산구,연산동,,55,2026-06-30
1233015600,전남광주통합특별시,광산구,도덕동,,56,2026-06-30
1233015700,전남광주통합특별시,광산구,송산동,,57,2026-06-30
1233015800,전남광주통합특별시,광산구,지평동,,58,2026-06-30
1233015900,전남광주통합특별시,광산구,오운동,,59,2026-06-30
1233016000,전남광주통합특별시,광산구,삼거동,,60,2026-06-30
1233016100,전남광주통합특별시,광산구,양동,,61,2026-06-30
1233016200,전남광주통합특별시,광산구,내산동,,62,2026-06-30
1233016300,전남광주통합특별시,광산구,대산동,,63,2026-06-30
1233016400,전남광주통합특별시,광산구,송학동,,64,2026-06-30
1233016500,전남광주통합특별시,광산구,신동,,65,2026-06-30
1233016600,전남광주통합특별시,광산구,삼도동,,66,2026-06-30
1233016700,전남광주통합특별시,광산구,남산동,,67,2026-06-30
1233016800,전남광주통합특별시,광산구,송치동,,68,2026-06-30
1233016900,전남광주통합특별시,광산구,산수동,,69,2026-06-30
1233017000,전남광주통합특별시,광산구,선동,,70,2026-06-30
1233017100,전남광주통합특별시,광산구,지산동,,71,2026-06-30
1233017200,전남광주통합특별시,광산구,왕동,,72,2026-06-30
1233017300,전남광주통합특별시,광산구,북산동,,73,2026-06-30
1233017400,전남광주통합특별시,광산구,명도동,,74,2026-06-30
1233017500,전남광주통합특별시,광산구,동호동,,75,2026-06-30
1233017600,전남광주통합특별시,광산구,덕림동,,76,2026-06-30
1233017700,전남광주통합특별시,광산구,양산동,,77,2026-06-30
1233017800,전남광주통합특별시,광산구,동림동,,78,2026-06-30
1233020200,전남광주통합특별시,광산구,오선동,,79,2026-06-30
1271000000,전남광주통합특별시,담양군,,,6,2026-06-30
1271025000,전남광주통합특별시,담양군,담양읍,,1,2026-06-30
1271025021,전남광주통합특별시,담양군,담양읍,담주리,1,2026-06-30
1271025022,전남광주통합특별시,담양군,담양읍,천변리,2,2026-06-30
1271025023,전남광주통합특별시,담양군,담양읍,지침리,3,2026-06-30
1271025024,전남광주통합특별시,담양군,담양읍,객사리,4,2026-06-30
1271025025,전남광주통합특별시,담양군,담양읍,백동리,5,2026-06-30
1271025026,전남광주통합특별시,담양군,담양읍,남산리,6,2026-06-30
1271025027,전남광주통합특별시,담양군,담양읍,향교리,7,2026-06-30
1271025028,전남광주통합특별시,담양군,담양읍,만성리,8,2026-06-30
1271025029,전남광주통합특별시,담양군,담양읍,양각리,9,2026-06-30
1271025030,전남광주통합특별시,담양군,담양읍,강쟁리,10,2026-06-30
1271025031,전남광주통합특별시,담양군,담양읍,반룡리,11,2026-06-30
1271025032,전남광주통합특별시,담양군,담양읍,오계리,12,2026-06-30
1271025033,전남광주통합특별시,담양군,담양읍,학동리,13,2026-06-30
1271025034,전남광주통합특별시,담양군,담양읍,금월리,14,2026-06-30
1271025035,전남광주통합특별시,담양군,담양읍,삼만리,15,2026-06-30
1271025036,전남광주통합특별시,담양군,담양읍,운교리,16,2026-06-30
1271025037,전남광주통합특별시,담양군,담양읍,삼다리,17,2026-06-30
1271025038,전남광주통합특별시,담양군,담양읍,가산리,18,2026-06-30
1271025039,전남광주통합특별시,담양군,담양읍,담빛리,19,2026-06-30
1271031000,전남광주통합특별시,담양군,봉산면,,2,2026-06-30
1271031021,전남광주통합특별시,담양군,봉산면,대추리,1,2026-06-30
1271031022,전남광주통합특별시,담양군,봉산면,제월리,2,2026-06-30
1271031023,전남광주통합특별시,담양군,봉산면,신학리,3,2026-06-30
1271031024,전남광주통합특별시,담양군,봉산면,기곡리,4,2026-06-30
1271031025,전남광주통합특별시,담양군,봉산면,연동리,5,2026-06-30
1271031026,전남광주통합특별시,담양군,봉산면,유산리,6,2026-06-30
1271031027,전남광주통합특별시,담양군,봉산면,양지리,7,2026-06-30
1271031028,전남광주통합특별시,담양군,봉산면,와우리,8,2026-06-30
1271031029,전남광주통합특별시,담양군,봉산면,삼지리,9,2026-06-30
1271032000,전남광주통합특별시,담양군,고서면,,3,2026-06-30
1271032021,전남광주통합특별시,담양군,고서면,교산리,1,2026-06-30
1271032022,전남광주통합특별시,담양군,고서면,고읍리,2,2026-06-30
1271032023,전남광주통합특별시,담양군,고서면,분향리,3,2026-06-30
1271032024,전남광주통합특별시,담양군,고서면,금현리,4,2026-06-30
1271032025,전남광주통합특별시,담양군,고서면,성월리,5,2026-06-30
1271032026,전남광주통합특별시,담양군,고서면,보촌리,6,2026-06-30
1271032027,전남광주통합특별시,담양군,고서면,주산리,7,2026-06-30
1271032028,전남광주통합특별시,담양군,고서면,원강리,8,2026-06-30
1271032029,전남광주통합특별시,담양군,고서면,동운리,9,2026-06-30
1271032030,전남광주통합특별시,담양군,고서면,산덕리,10,2026-06-30
1271033500,전남광주통합특별시,담양군,가사문학면,,4,2026-06-30
1271033521,전남광주통합특별시,담양군,가사문학면,학선리,1,2026-06-30
1271033522,전남광주통합특별시,담양군,가사문학면,지곡리,2,2026-06-30
1271033523,전남광주통합특별시,담양군,가사문학면,연천리,3,2026-06-30
1271033524,전남광주통합특별시,담양군,가사문학면,정곡리,4,2026-06-30
1271033525,전남광주통합특별시,담양군,가사문학면,경상리,5,2026-06-30
1271033526,전남광주통합특별시,담양군,가사문학면,무동리,6,2026-06-30
1271033527,전남광주통합특별시,담양군,가사문학면,만월리,7,2026-06-30
1271033528,전남광주통합특별시,담양군,가사문학면,구산리,8,2026-06-30
1271033529,전남광주통합특별시,담양군,가사문학면,인암리,9,2026-06-30
1271033530,전남광주통합특별시,담양군,가사문학면,가암리,10,2026-06-30
1271033531,전남광주통합특별시,담양군,가사문학면,풍암리,11,2026-06-30
1271034000,전남광주통합특별시,담양군,창평면,,5,2026-06-30
1271034021,전남광주통합특별시,담양군,창평면,창평리,1,2026-06-30
1271034022,전남광주통합특별시,담양군,창평면,삼천리,2,2026-06-30
1271034023,전남광주통합특별시,담양군,창평면,용수리,3,2026-06-30
1271034024,전남광주통합특별시,담양군,창평면,유천리,4,2026-06-30
1271034025,전남광주통합특별시,담양군,창평면,오강리,5,2026-06-30
1271034026,전남광주통합특별시,담양군,창평면,의항리,6,2026-06-30
1271034027,전남광주통합특별시,담양군,창평면,일산리,7,2026-06-30
1271034028,전남광주통합특별시,담양군,창평면,장화리,8,2026-06-30
1271034029,전남광주통합특별시,담양군,창평면,유곡리,9,2026-06-30
1271034030,전남광주통합특별시,담양군,창평면,해곡리,10,2026-06-30
1271034031,전남광주통합특별시,담양군,창평면,광덕리,11,2026-06-30
1271034032,전남광주통합특별시,담양군,창평면,외동리,12,2026-06-30
1271035000,전남광주통합특별시,담양군,대덕면,,6,2026-06-30
1271035021,전남광주통합특별시,담양군,대덕면,매산리,1,2026-06-30
1271035022,전남광주통합특별시,담양군,대덕면,장산리,2,2026-06-30
1271035023,전남광주통합특별시,담양군,대덕면,비차리,3,2026-06-30
1271035024,전남광주통합특별시,담양군,대덕면,금산리,4,2026-06-30
1271035025,전남광주통합특별시,담양군,대덕면,성곡리,5,2026-06-30
1271035026,전남광주통합특별시,담양군,대덕면,문학리,6,2026-06-30
1271035027,전남광주통합특별시,담양군,대덕면,운암리,7,2026-06-30
1271035028,전남광주통합특별시,담양군,대덕면,용대리,8,2026-06-30
1271035029,전남광주통합특별시,담양군,대덕면,갈전리,9,2026-06-30
1271035030,전남광주통합특별시,담양군,대덕면,운산리,10,2026-06-30
1271035031,전남광주통합특별시,담양군,대덕면,입석리,11,2026-06-30
1271036000,전남광주통합특별시,담양군,무정면,,7,2026-06-30
1271036021,전남광주통합특별시,담양군,무정면,봉안리,1,2026-06-30
1271036022,전남광주통합특별시,담양군,무정면,오룡리,2,2026-06-30
1271036023,전남광주통합특별시,담양군,무정면,오봉리,3,2026-06-30
1271036024,전남광주통합특별시,담양군,무정면,영천리,4,2026-06-30
1271036025,전남광주통합특별시,담양군,무정면,성도리,5,2026-06-30
1271036026,전남광주통합특별시,담양군,무정면,동산리,6,2026-06-30
1271036027,전남광주통합특별시,담양군,무정면,안평리,7,2026-06-30
1271036028,전남광주통합특별시,담양군,무정면,덕곡리,8,2026-06-30
1271036029,전남광주통합특별시,담양군,무정면,서흥리,9,2026-06-30
1271036030,전남광주통합특별시,담양군,무정면,정석리,10,2026-06-30
1271036031,전남광주통합특별시,담양군,무정면,평지리,11,2026-06-30
1271036032,전남광주통합특별시,담양군,무정면,동강리,12,2026-06-30
1271036033,전남광주통합특별시,담양군,무정면,오례리,13,2026-06-30
1271037000,전남광주통합특별시,담양군,금성면,,8,2026-06-30
1271037021,전남광주통합특별시,담양군,금성면,원천리,1,2026-06-30
1271037022,전남광주통합특별시,담양군,금성면,석현리,2,2026-06-30
1271037023,전남광주통합특별시,담양군,금성면,대성리,3,2026-06-30
1271037024,전남광주통합특별시,담양군,금성면,원율리,4,2026-06-30
1271037025,전남광주통합특별시,담양군,금성면,금성리,5,2026-06-30
1271037026,전남광주통합특별시,담양군,금성면,덕성리,6,2026-06-30
1271037027,전남광주통합특별시,담양군,금성면,봉서리,7,2026-06-30
1271037028,전남광주통합특별시,담양군,금성면,대곡리,8,2026-06-30
1271037029,전남광주통합특별시,담양군,금성면,외추리,9,2026-06-30
1271037030,전남광주통합특별시,담양군,금성면,봉황리,10,2026-06-30
1271038000,전남광주통합특별시,담양군,용면,,9,2026-06-30
1271038021,전남광주통합특별시,담양군,용면,두장리,1,2026-06-30
1271038022,전남광주통합특별시,담양군,용면,통천리,2,2026-06-30
1271038023,전남광주통합특별시,담양군,용면,추성리,3,2026-06-30
1271038024,전남광주통합특별시,담양군,용면,쌍태리,4,2026-06-30
1271038025,전남광주통합특별시,담양군,용면,도림리,5,2026-06-30
1271038026,전남광주통합특별시,담양군,용면,월계리,6,2026-06-30
1271038027,전남광주통합특별시,담양군,용면,용연리,7,2026-06-30
1271038028,전남광주통합특별시,담양군,용면,용치리,8,2026-06-30
1271039000,전남광주통합특별시,담양군,월산면,,10,2026-06-30
1271039021,전남광주통합특별시,담양군,월산면,월산리,1,2026-06-30
1271039022,전남광주통합특별시,담양군,월산면,월평리,2,2026-06-30
1271039023,전남광주통합특별시,담양군,월산면,중월리,3,2026-06-30
1271039024,전남광주통합특별시,담양군,월산면,용흥리,4,2026-06-30
1271039025,전남광주통합특별시,담양군,월산면,용암리,5,2026-06-30
1271039026,전남광주통합특별시,담양군,월산면,신계리,6,2026-06-30
1271039027,전남광주통합특별시,담양군,월산면,광암리,7,2026-06-30
1271039028,전남광주통합특별시,담양군,월산면,오성리,8,2026-06-30
1271039029,전남광주통합특별시,담양군,월산면,월계리,9,2026-06-30
1271039030,전남광주통합특별시,담양군,월산면,화방리,10,2026-06-30
1271040000,전남광주통합특별시,담양군,수북면,,11,2026-06-30
1271040021,전남광주통합특별시,담양군,수북면,나산리,1,2026-06-30
1271040022,전남광주통합특별시,담양군,수북면,개동리,2,2026-06-30
1271040023,전남광주통합특별시,담양군,수북면,정중리,3,2026-06-30
1271040024,전남광주통합특별시,담양군,수북면,황금리,4,2026-06-30
1271040025,전남광주통합특별시,담양군,수북면,고성리,5,2026-06-30
1271040026,전남광주통합특별시,담양군,수북면,오정리,6,2026-06-30
1271040027,전남광주통합특별시,담양군,수북면,대방리,7,2026-06-30
1271040028,전남광주통합특별시,담양군,수북면,궁산리,8,2026-06-30
1271040029,전남광주통합특별시,담양군,수북면,두정리,9,2026-06-30
1271040030,전남광주통합특별시,담양군,수북면,주평리,10,2026-06-30
1271040031,전남광주통합특별시,담양군,수북면,풍수리,11,2026-06-30
1271040032,전남광주통합특별시,담양군,수북면,남산리,12,2026-06-30
1271040033,전남광주통합특별시,담양군,수북면,대흥리,13,2026-06-30
1271040034,전남광주통합특별시,담양군,수북면,수북리,0,2026-06-30
1271040035,전남광주통합특별시,담양군,수북면,담빛리,15,2026-06-30
1271041000,전남광주통합특별시,담양군,대전면,,12,2026-06-30
1271041021,전남광주통합특별시,담양군,대전면,대치리,1,2026-06-30
1271041022,전남광주통합특별시,담양군,대전면,평장리,2,2026-06-30
1271041023,전남광주통합특별시,담양군,대전면,서옥리,3,2026-06-30
1271041024,전남광주통합특별시,담양군,대전면,중옥리,4,2026-06-30
1271041025,전남광주통합특별시,담양군,대전면,응용리,5,2026-06-30
1271041026,전남광주통합특별시,담양군,대전면,태목리,6,2026-06-30
1271041027,전남광주통합특별시,담양군,대전면,강의리,7,2026-06-30
1271041028,전남광주통합특별시,담양군,대전면,월본리,8,2026-06-30
1271041029,전남광주통합특별시,담양군,대전면,병풍리,9,2026-06-30
1271041030,전남광주통합특별시,담양군,대전면,행성리,10,2026-06-30
1271041031,전남광주통합특별시,담양군,대전면,성산리,11,2026-06-30
1271041032,전남광주통합특별시,담양군,대전면,갑향리,12,2026-06-30
1272000000,전남광주통합특별시,곡성군,,,7,2026-06-30
1272025000,전남광주통합특별시,곡성군,곡성읍,,1,2026-06-30
1272025021,전남광주통합특별시,곡성군,곡성읍,읍내리,1,2026-06-30
1272025022,전남광주통합특별시,곡성군,곡성읍,학정리,2,2026-06-30
1272025023,전남광주통합특별시,곡성군,곡성읍,교촌리,3,2026-06-30
1272025024,전남광주통합특별시,곡성군,곡성읍,죽동리,4,2026-06-30
1272025025,전남광주통합특별시,곡성군,곡성읍,신월리,5,2026-06-30
1272025026,전남광주통합특별시,곡성군,곡성읍,월봉리,6,2026-06-30
1272025027,전남광주통합특별시,곡성군,곡성읍,구원리,7,2026-06-30
1272025028,전남광주통합특별시,곡성군,곡성읍,서계리,8,2026-06-30
1272025029,전남광주통합특별시,곡성군,곡성읍,대평리,9,2026-06-30
1272025030,전남광주통합특별시,곡성군,곡성읍,신리,10,2026-06-30
1272025031,전남광주통합특별시,곡성군,곡성읍,동산리,11,2026-06-30
1272025032,전남광주통합특별시,곡성군,곡성읍,장선리,12,2026-06-30
1272025033,전남광주통합특별시,곡성군,곡성읍,신기리,13,2026-06-30
1272025034,전남광주통합특별시,곡성군,곡성읍,묘천리,14,2026-06-30
1272031000,전남광주통합특별시,곡성군,오곡면,,2,2026-06-30
1272031021,전남광주통합특별시,곡성군,오곡면,오지리,1,2026-06-30
1272031022,전남광주통합특별시,곡성군,오곡면,덕산리,2,2026-06-30
1272031023,전남광주통합특별시,곡성군,오곡면,침곡리,3,2026-06-30
1272031024,전남광주통합특별시,곡성군,오곡면,송정리,4,2026-06-30
1272031025,전남광주통합특별시,곡성군,오곡면,봉조리,5,2026-06-30
1272031026,전남광주통합특별시,곡성군,오곡면,압록리,6,2026-06-30
1272031027,전남광주통합특별시,곡성군,오곡면,명산리,7,2026-06-30
1272031028,전남광주통합특별시,곡성군,오곡면,승법리,8,2026-06-30
1272031029,전남광주통합특별시,곡성군,오곡면,구성리,9,2026-06-30
1272031030,전남광주통합특별시,곡성군,오곡면,미산리,10,2026-06-30
1272032000,전남광주통합특별시,곡성군,삼기면,,3,2026-06-30
1272032021,전남광주통합특별시,곡성군,삼기면,원등리,1,2026-06-30
1272032022,전남광주통합특별시,곡성군,삼기면,월경리,2,2026-06-30
1272032023,전남광주통합특별시,곡성군,삼기면,괴소리,3,2026-06-30
1272032024,전남광주통합특별시,곡성군,삼기면,의암리,4,2026-06-30
1272032025,전남광주통합특별시,곡성군,삼기면,금반리,5,2026-06-30
1272032026,전남광주통합특별시,곡성군,삼기면,청계리,6,2026-06-30
1272032027,전남광주통합특별시,곡성군,삼기면,농소리,7,2026-06-30
1272032028,전남광주통합특별시,곡성군,삼기면,노동리,8,2026-06-30
1272032029,전남광주통합특별시,곡성군,삼기면,수산리,9,2026-06-30
1272032030,전남광주통합특별시,곡성군,삼기면,근촌리,10,2026-06-30
1272032031,전남광주통합특별시,곡성군,삼기면,경악리,11,2026-06-30
1272032032,전남광주통합특별시,곡성군,삼기면,금계리,12,2026-06-30
1272033000,전남광주통합특별시,곡성군,석곡면,,4,2026-06-30
1272033021,전남광주통합특별시,곡성군,석곡면,석곡리,1,2026-06-30
1272033022,전남광주통합특별시,곡성군,석곡면,능파리,2,2026-06-30
1272033023,전남광주통합특별시,곡성군,석곡면,덕흥리,3,2026-06-30
1272033024,전남광주통합특별시,곡성군,석곡면,당월리,4,2026-06-30
1272033025,전남광주통합특별시,곡성군,석곡면,방송리,5,2026-06-30
1272033026,전남광주통합특별시,곡성군,석곡면,연반리,6,2026-06-30
1272033027,전남광주통합특별시,곡성군,석곡면,죽산리,7,2026-06-30
1272033028,전남광주통합특별시,곡성군,석곡면,온수리,8,2026-06-30
1272033029,전남광주통합특별시,곡성군,석곡면,염곡리,9,2026-06-30
1272033030,전남광주통합특별시,곡성군,석곡면,유정리,10,2026-06-30
1272033031,전남광주통합특별시,곡성군,석곡면,구봉리,11,2026-06-30
1272033032,전남광주통합특별시,곡성군,석곡면,봉전리,12,2026-06-30
1272034000,전남광주통합특별시,곡성군,목사동면,,5,2026-06-30
1272034021,전남광주통합특별시,곡성군,목사동면,평리,1,2026-06-30
1272034022,전남광주통합특별시,곡성군,목사동면,동암리,2,2026-06-30
1272034023,전남광주통합특별시,곡성군,목사동면,구룡리,3,2026-06-30
1272034024,전남광주통합특별시,곡성군,목사동면,용사리,4,2026-06-30
1272034025,전남광주통합특별시,곡성군,목사동면,수곡리,5,2026-06-30
1272034026,전남광주통합특별시,곡성군,목사동면,범계리,6,2026-06-30
1272034027,전남광주통합특별시,곡성군,목사동면,공북리,7,2026-06-30
1272034028,전남광주통합특별시,곡성군,목사동면,대곡리,8,2026-06-30
1272034029,전남광주통합특별시,곡성군,목사동면,신기리,9,2026-06-30
1272034030,전남광주통합특별시,곡성군,목사동면,죽정리,10,2026-06-30
1272034031,전남광주통합특별시,곡성군,목사동면,용봉리,11,2026-06-30
1272034032,전남광주통합특별시,곡성군,목사동면,신전리,12,2026-06-30
1272035000,전남광주통합특별시,곡성군,죽곡면,,6,2026-06-30
1272035021,전남광주통합특별시,곡성군,죽곡면,태평리,1,2026-06-30
1272035022,전남광주통합특별시,곡성군,죽곡면,화양리,2,2026-06-30
1272035023,전남광주통합특별시,곡성군,죽곡면,봉정리,3,2026-06-30
1272035024,전남광주통합특별시,곡성군,죽곡면,신풍리,4,2026-06-30
1272035025,전남광주통합특별시,곡성군,죽곡면,연화리,5,2026-06-30
1272035026,전남광주통합특별시,곡성군,죽곡면,삼태리,6,2026-06-30
1272035027,전남광주통합특별시,곡성군,죽곡면,당동리,7,2026-06-30
1272035028,전남광주통합특별시,곡성군,죽곡면,남양리,8,2026-06-30
1272035029,전남광주통합특별시,곡성군,죽곡면,유봉리,9,2026-06-30
1272035030,전남광주통합특별시,곡성군,죽곡면,동계리,10,2026-06-30
1272035031,전남광주통합특별시,곡성군,죽곡면,원달리,11,2026-06-30
1272035032,전남광주통합특별시,곡성군,죽곡면,고치리,12,2026-06-30
1272035033,전남광주통합특별시,곡성군,죽곡면,용정리,13,2026-06-30
1272035034,전남광주통합특별시,곡성군,죽곡면,하한리,14,2026-06-30
1272036000,전남광주통합특별시,곡성군,고달면,,7,2026-06-30
1272036021,전남광주통합특별시,곡성군,고달면,목동리,1,2026-06-30
1272036022,전남광주통합특별시,곡성군,고달면,뇌죽리,2,2026-06-30
1272036023,전남광주통합특별시,곡성군,고달면,대사리,3,2026-06-30
1272036024,전남광주통합특별시,곡성군,고달면,백곡리,4,2026-06-30
1272036025,전남광주통합특별시,곡성군,고달면,고달리,5,2026-06-30
1272036026,전남광주통합특별시,곡성군,고달면,호곡리,6,2026-06-30
1272036027,전남광주통합특별시,곡성군,고달면,두가리,7,2026-06-30
1272037000,전남광주통합특별시,곡성군,옥과면,,8,2026-06-30
1272037021,전남광주통합특별시,곡성군,옥과면,옥과리,1,2026-06-30
1272037022,전남광주통합특별시,곡성군,옥과면,죽림리,2,2026-06-30
1272037023,전남광주통합특별시,곡성군,옥과면,리문리,3,2026-06-30
1272037024,전남광주통합특별시,곡성군,옥과면,설옥리,4,2026-06-30
1272037025,전남광주통합특별시,곡성군,옥과면,율사리,5,2026-06-30
1272037026,전남광주통합특별시,곡성군,옥과면,무창리,6,2026-06-30
1272037027,전남광주통합특별시,곡성군,옥과면,주산리,7,2026-06-30
1272037028,전남광주통합특별시,곡성군,옥과면,수리,8,2026-06-30
1272037029,전남광주통합특별시,곡성군,옥과면,소룡리,9,2026-06-30
1272037030,전남광주통합특별시,곡성군,옥과면,합강리,10,2026-06-30
1272037031,전남광주통합특별시,곡성군,옥과면,황산리,11,2026-06-30
1272038000,전남광주통합특별시,곡성군,입면,,9,2026-06-30
1272038021,전남광주통합특별시,곡성군,입면,매월리,1,2026-06-30
1272038022,전남광주통합특별시,곡성군,입면,흑석리,2,2026-06-30
1272038023,전남광주통합특별시,곡성군,입면,대장리,3,2026-06-30
1272038024,전남광주통합특별시,곡성군,입면,약천리,4,2026-06-30
1272038025,전남광주통합특별시,곡성군,입면,만수리,5,2026-06-30
1272038026,전남광주통합특별시,곡성군,입면,금산리,6,2026-06-30
1272038027,전남광주통합특별시,곡성군,입면,서봉리,7,2026-06-30
1272038028,전남광주통합특별시,곡성군,입면,제월리,8,2026-06-30
1272038029,전남광주통합특별시,곡성군,입면,창정리,9,2026-06-30
1272038030,전남광주통합특별시,곡성군,입면,입석리,10,2026-06-30
1272038031,전남광주통합특별시,곡성군,입면,삼오리,11,2026-06-30
1272038032,전남광주통합특별시,곡성군,입면,송전리,12,2026-06-30
1272039000,전남광주통합특별시,곡성군,겸면,,10,2026-06-30
1272039021,전남광주통합특별시,곡성군,겸면,현정리,1,2026-06-30
1272039022,전남광주통합특별시,곡성군,겸면,가정리,2,2026-06-30
1272039023,전남광주통합특별시,곡성군,겸면,평장리,3,2026-06-30
1272039024,전남광주통합특별시,곡성군,겸면,마전리,4,2026-06-30
1272039025,전남광주통합특별시,곡성군,겸면,산정리,5,2026-06-30
1272039026,전남광주통합특별시,곡성군,겸면,상덕리,6,2026-06-30
1272039027,전남광주통합특별시,곡성군,겸면,괴정리,7,2026-06-30
1272039028,전남광주통합특별시,곡성군,겸면,대명리,8,2026-06-30
1272039029,전남광주통합특별시,곡성군,겸면,송강리,9,2026-06-30
1272039030,전남광주통합특별시,곡성군,겸면,운교리,10,2026-06-30
1272039031,전남광주통합특별시,곡성군,겸면,칠봉리,11,2026-06-30
1272039032,전남광주통합특별시,곡성군,겸면,남양리,12,2026-06-30
1272040000,전남광주통합특별시,곡성군,오산면,,11,2026-06-30
1272040021,전남광주통합특별시,곡성군,오산면,봉동리,1,2026-06-30
1272040022,전남광주통합특별시,곡성군,오산면,율천리,2,2026-06-30
1272040023,전남광주통합특별시,곡성군,오산면,단사리,3,2026-06-30
1272040024,전남광주통합특별시,곡성군,오산면,조양리,4,2026-06-30
1272040025,전남광주통합특별시,곡성군,오산면,선세리,5,2026-06-30
1272040026,전남광주통합특별시,곡성군,오산면,가곡리,6,2026-06-30
1272040027,전남광주통합특별시,곡성군,오산면,청단리,7,2026-06-30
1272040028,전남광주통합특별시,곡성군,오산면,연화리,8,2026-06-30
1272040029,전남광주통합특별시,곡성군,오산면,운곡리,9,2026-06-30
1273000000,전남광주통합특별시,구례군,,,8,2026-06-30
1273025000,전남광주통합특별시,구례군,구례읍,,1,2026-06-30
1273025021,전남광주통합특별시,구례군,구례읍,봉동리,1,2026-06-30
1273025022,전남광주통합특별시,구례군,구례읍,봉남리,2,2026-06-30
1273025023,전남광주통합특별시,구례군,구례읍,백련리,3,2026-06-30
1273025024,전남광주통합특별시,구례군,구례읍,산성리,4,2026-06-30
1273025025,전남광주통합특별시,구례군,구례읍,신월리,5,2026-06-30
1273025026,전남광주통합특별시,구례군,구례읍,봉서리,6,2026-06-30
1273025027,전남광주통합특별시,구례군,구례읍,원방리,7,2026-06-30
1273025028,전남광주통합특별시,구례군,구례읍,논곡리,8,2026-06-30
1273025029,전남광주통합특별시,구례군,구례읍,계산리,9,2026-06-30
1273025030,전남광주통합특별시,구례군,구례읍,봉북리,10,2026-06-30
1273031000,전남광주통합특별시,구례군,문척면,,2,2026-06-30
1273031021,전남광주통합특별시,구례군,문척면,월전리,1,2026-06-30
1273031022,전남광주통합특별시,구례군,문척면,죽마리,2,2026-06-30
1273031023,전남광주통합특별시,구례군,문척면,금정리,3,2026-06-30
1273031024,전남광주통합특별시,구례군,문척면,중산리,4,2026-06-30
1273032000,전남광주통합특별시,구례군,간전면,,3,2026-06-30
1273032021,전남광주통합특별시,구례군,간전면,간문리,1,2026-06-30
1273032022,전남광주통합특별시,구례군,간전면,수평리,2,2026-06-30
1273032023,전남광주통합특별시,구례군,간전면,흥대리,3,2026-06-30
1273032024,전남광주통합특별시,구례군,간전면,중대리,4,2026-06-30
1273032025,전남광주통합특별시,구례군,간전면,운천리,5,2026-06-30
1273032026,전남광주통합특별시,구례군,간전면,금산리,6,2026-06-30
1273032027,전남광주통합특별시,구례군,간전면,양천리,7,2026-06-30
1273032028,전남광주통합특별시,구례군,간전면,삼산리,8,2026-06-30
1273032029,전남광주통합특별시,구례군,간전면,효곡리,9,2026-06-30
1273033000,전남광주통합특별시,구례군,토지면,,4,2026-06-30
1273033021,전남광주통합특별시,구례군,토지면,구산리,1,2026-06-30
1273033022,전남광주통합특별시,구례군,토지면,파도리,2,2026-06-30
1273033023,전남광주통합특별시,구례군,토지면,외곡리,3,2026-06-30
1273033024,전남광주통합특별시,구례군,토지면,용두리,4,2026-06-30
1273033025,전남광주통합특별시,구례군,토지면,오미리,5,2026-06-30
1273033026,전남광주통합특별시,구례군,토지면,송정리,6,2026-06-30
1273033027,전남광주통합특별시,구례군,토지면,내동리,7,2026-06-30
1273033028,전남광주통합특별시,구례군,토지면,내서리,8,2026-06-30
1273033029,전남광주통합특별시,구례군,토지면,문수리,9,2026-06-30
1273033030,전남광주통합특별시,구례군,토지면,금내리,10,2026-06-30
1273034000,전남광주통합특별시,구례군,마산면,,5,2026-06-30
1273034021,전남광주통합특별시,구례군,마산면,마산리,1,2026-06-30
1273034022,전남광주통합특별시,구례군,마산면,광평리,2,2026-06-30
1273034023,전남광주통합특별시,구례군,마산면,사도리,3,2026-06-30
1273034024,전남광주통합특별시,구례군,마산면,황전리,4,2026-06-30
1273034025,전남광주통합특별시,구례군,마산면,갑산리,5,2026-06-30
1273034026,전남광주통합특별시,구례군,마산면,냉천리,6,2026-06-30
1273035000,전남광주통합특별시,구례군,광의면,,6,2026-06-30
1273035021,전남광주통합특별시,구례군,광의면,연파리,1,2026-06-30
1273035022,전남광주통합특별시,구례군,광의면,방광리,2,2026-06-30
1273035023,전남광주통합특별시,구례군,광의면,대산리,3,2026-06-30
1273035024,전남광주통합특별시,구례군,광의면,지천리,4,2026-06-30
1273035025,전남광주통합특별시,구례군,광의면,수월리,5,2026-06-30
1273035026,전남광주통합특별시,구례군,광의면,대전리,6,2026-06-30
1273035027,전남광주통합특별시,구례군,광의면,온당리,7,2026-06-30
1273035028,전남광주통합특별시,구례군,광의면,구만리,8,2026-06-30
1273036000,전남광주통합특별시,구례군,용방면,,7,2026-06-30
1273036021,전남광주통합특별시,구례군,용방면,용정리,1,2026-06-30
1273036022,전남광주통합특별시,구례군,용방면,신지리,2,2026-06-30
1273036023,전남광주통합특별시,구례군,용방면,사림리,3,2026-06-30
1273036024,전남광주통합특별시,구례군,용방면,용강리,4,2026-06-30
1273036025,전남광주통합특별시,구례군,용방면,중방리,5,2026-06-30
1273036026,전남광주통합특별시,구례군,용방면,신도리,6,2026-06-30
1273036027,전남광주통합특별시,구례군,용방면,죽정리,7,2026-06-30
1273037000,전남광주통합특별시,구례군,산동면,,8,2026-06-30
1273037021,전남광주통합특별시,구례군,산동면,원촌리,1,2026-06-30
1273037022,전남광주통합특별시,구례군,산동면,원달리,2,2026-06-30
1273037023,전남광주통합특별시,구례군,산동면,시상리,3,2026-06-30
1273037024,전남광주통합특별시,구례군,산동면,외산리,4,2026-06-30
1273037025,전남광주통합특별시,구례군,산동면,대평리,5,2026-06-30
1273037026,전남광주통합특별시,구례군,산동면,좌사리,6,2026-06-30
1273037027,전남광주통합특별시,구례군,산동면,이평리,7,2026-06-30
1273037028,전남광주통합특별시,구례군,산동면,신학리,8,2026-06-30
1273037029,전남광주통합특별시,구례군,산동면,내산리,9,2026-06-30
1273037030,전남광주통합특별시,구례군,산동면,관산리,10,2026-06-30
1273037031,전남광주통합특별시,구례군,산동면,수기리,11,2026-06-30
1273037032,전남광주통합특별시,구례군,산동면,계천리,12,2026-06-30
1273037033,전남광주통합특별시,구례군,산동면,둔사리,13,2026-06-30
1273037034,전남광주통합특별시,구례군,산동면,위안리,14,2026-06-30
1273037035,전남광주통합특별시,구례군,산동면,탑정리,15,2026-06-30
1274000000,전남광주통합특별시,고흥군,,,9,2026-06-30
1274025000,전남광주통합특별시,고흥군,고흥읍,,1,2026-06-30
1274025021,전남광주통합특별시,고흥군,고흥읍,고소리,1,2026-06-30
1274025022,전남광주통합특별시,고흥군,고흥읍,호동리,2,2026-06-30
1274025023,전남광주통합특별시,고흥군,고흥읍,성촌리,3,2026-06-30
1274025024,전남광주통합특별시,고흥군,고흥읍,등암리,4,2026-06-30
1274025025,전남광주통합특별시,고흥군,고흥읍,호형리,5,2026-06-30
1274025026,전남광주통합특별시,고흥군,고흥읍,남계리,6,2026-06-30
1274025027,전남광주통합특별시,고흥군,고흥읍,옥하리,7,2026-06-30
1274025028,전남광주통합특별시,고흥군,고흥읍,서문리,8,2026-06-30
1274025029,전남광주통합특별시,고흥군,고흥읍,행정리,9,2026-06-30
1274025300,전남광주통합특별시,고흥군,도양읍,,2,2026-06-30
1274025321,전남광주통합특별시,고흥군,도양읍,장계리,1,2026-06-30
1274025322,전남광주통합특별시,고흥군,도양읍,관리,2,2026-06-30
1274025323,전남광주통합특별시,고흥군,도양읍,용정리,3,2026-06-30
1274025324,전남광주통합특별시,고흥군,도양읍,봉암리,4,2026-06-30
1274025325,전남광주통합특별시,고흥군,도양읍,득량리,5,2026-06-30
1274025326,전남광주통합특별시,고흥군,도양읍,소록리,6,2026-06-30
1274025327,전남광주통합특별시,고흥군,도양읍,시산리,7,2026-06-30
1274031000,전남광주통합특별시,고흥군,풍양면,,3,2026-06-30
1274031021,전남광주통합특별시,고흥군,풍양면,상림리,1,2026-06-30
1274031022,전남광주통합특별시,고흥군,풍양면,야막리,2,2026-06-30
1274031023,전남광주통합특별시,고흥군,풍양면,보천리,3,2026-06-30
1274031024,전남광주통합특별시,고흥군,풍양면,당두리,4,2026-06-30
1274031025,전남광주통합특별시,고흥군,풍양면,고옥리,5,2026-06-30
1274031026,전남광주통합특별시,고흥군,풍양면,한동리,6,2026-06-30
1274031027,전남광주통합특별시,고흥군,풍양면,안동리,7,2026-06-30
1274031028,전남광주통합특별시,고흥군,풍양면,매곡리,8,2026-06-30
1274031029,전남광주통합특별시,고흥군,풍양면,풍남리,9,2026-06-30
1274031030,전남광주통합특별시,고흥군,풍양면,송정리,10,2026-06-30
1274031031,전남광주통합특별시,고흥군,풍양면,율치리,11,2026-06-30
1274031032,전남광주통합특별시,고흥군,풍양면,봉양리,12,2026-06-30
1274032000,전남광주통합특별시,고흥군,도덕면,,4,2026-06-30
1274032021,전남광주통합특별시,고흥군,도덕면,도덕리,1,2026-06-30
1274032022,전남광주통합특별시,고흥군,도덕면,신양리,2,2026-06-30
1274032023,전남광주통합특별시,고흥군,도덕면,가야리,3,2026-06-30
1274032024,전남광주통합특별시,고흥군,도덕면,봉덕리,4,2026-06-30
1274032025,전남광주통합특별시,고흥군,도덕면,오마리,5,2026-06-30
1274032026,전남광주통합특별시,고흥군,도덕면,용동리,6,2026-06-30
1274033000,전남광주통합특별시,고흥군,금산면,,5,2026-06-30
1274033021,전남광주통합특별시,고흥군,금산면,대흥리,1,2026-06-30
1274033022,전남광주통합특별시,고흥군,금산면,어전리,2,2026-06-30
1274033023,전남광주통합특별시,고흥군,금산면,신전리,3,2026-06-30
1274033024,전남광주통합특별시,고흥군,금산면,신촌리,4,2026-06-30
1274033025,전남광주통합특별시,고흥군,금산면,석정리,5,2026-06-30
1274033026,전남광주통합특별시,고흥군,금산면,신평리,6,2026-06-30
1274033027,전남광주통합특별시,고흥군,금산면,오천리,7,2026-06-30
1274034000,전남광주통합특별시,고흥군,도화면,,6,2026-06-30
1274034021,전남광주통합특별시,고흥군,도화면,가화리,1,2026-06-30
1274034022,전남광주통합특별시,고흥군,도화면,구암리,2,2026-06-30
1274034023,전남광주통합특별시,고흥군,도화면,사덕리,3,2026-06-30
1274034025,전남광주통합특별시,고흥군,도화면,덕중리,4,2026-06-30
1274034026,전남광주통합특별시,고흥군,도화면,봉산리,5,2026-06-30
1274034027,전남광주통합특별시,고흥군,도화면,당오리,6,2026-06-30
1274034028,전남광주통합특별시,고흥군,도화면,신호리,7,2026-06-30
1274034029,전남광주통합특별시,고흥군,도화면,봉룡리,8,2026-06-30
1274034030,전남광주통합특별시,고흥군,도화면,지죽리,9,2026-06-30
1274034031,전남광주통합특별시,고흥군,도화면,발포리,10,2026-06-30
1274035000,전남광주통합특별시,고흥군,포두면,,7,2026-06-30
1274035021,전남광주통합특별시,고흥군,포두면,남성리,1,2026-06-30
1274035022,전남광주통합특별시,고흥군,포두면,옥강리,2,2026-06-30
1274035023,전남광주통합특별시,고흥군,포두면,차동리,3,2026-06-30
1274035024,전남광주통합특별시,고흥군,포두면,세동리,4,2026-06-30
1274035025,전남광주통합특별시,고흥군,포두면,길두리,5,2026-06-30
1274035026,전남광주통합특별시,고흥군,포두면,상대리,6,2026-06-30
1274035027,전남광주통합특별시,고흥군,포두면,봉림리,7,2026-06-30
1274035028,전남광주통합특별시,고흥군,포두면,장수리,8,2026-06-30
1274035029,전남광주통합특별시,고흥군,포두면,상포리,9,2026-06-30
1274035030,전남광주통합특별시,고흥군,포두면,남촌리,10,2026-06-30
1274035031,전남광주통합특별시,고흥군,포두면,송산리,11,2026-06-30
1274035032,전남광주통합특별시,고흥군,포두면,오취리,12,2026-06-30
1274036000,전남광주통합특별시,고흥군,봉래면,,8,2026-06-30
1274036022,전남광주통합특별시,고흥군,봉래면,외초리,1,2026-06-30
1274036023,전남광주통합특별시,고흥군,봉래면,예내리,2,2026-06-30
1274036024,전남광주통합특별시,고흥군,봉래면,신금리,3,2026-06-30
1274036027,전남광주통합특별시,고흥군,봉래면,사양리,4,2026-06-30
1274037000,전남광주통합특별시,고흥군,점암면,,9,2026-06-30
1274037021,전남광주통합특별시,고흥군,점암면,천학리,1,2026-06-30
1274037022,전남광주통합특별시,고흥군,점암면,장남리,2,2026-06-30
1274037023,전남광주통합특별시,고흥군,점암면,강산리,3,2026-06-30
1274037024,전남광주통합특별시,고흥군,점암면,여호리,4,2026-06-30
1274037025,전남광주통합특별시,고흥군,점암면,화계리,5,2026-06-30
1274037026,전남광주통합특별시,고흥군,점암면,성기리,6,2026-06-30
1274037027,전남광주통합특별시,고흥군,점암면,모룡리,7,2026-06-30
1274037028,전남광주통합특별시,고흥군,점암면,대룡리,8,2026-06-30
1274037029,전남광주통합특별시,고흥군,점암면,사정리,9,2026-06-30
1274037030,전남광주통합특별시,고흥군,점암면,연봉리,10,2026-06-30
1274037031,전남광주통합특별시,고흥군,점암면,신안리,11,2026-06-30
1274038000,전남광주통합특별시,고흥군,과역면,,10,2026-06-30
1274038021,전남광주통합특별시,고흥군,과역면,신곡리,1,2026-06-30
1274038022,전남광주통합특별시,고흥군,과역면,백일리,2,2026-06-30
1274038023,전남광주통합특별시,고흥군,과역면,연등리,3,2026-06-30
1274038024,전남광주통합특별시,고흥군,과역면,호덕리,4,2026-06-30
1274038025,전남광주통합특별시,고흥군,과역면,석봉리,5,2026-06-30
1274038026,전남광주통합특별시,고흥군,과역면,과역리,6,2026-06-30
1274038027,전남광주통합특별시,고흥군,과역면,노일리,7,2026-06-30
1274038028,전남광주통합특별시,고흥군,과역면,도천리,8,2026-06-30
1274039000,전남광주통합특별시,고흥군,남양면,,11,2026-06-30
1274039021,전남광주통합특별시,고흥군,남양면,장담리,1,2026-06-30
1274039022,전남광주통합특별시,고흥군,남양면,신흥리,2,2026-06-30
1274039023,전남광주통합특별시,고흥군,남양면,대곡리,3,2026-06-30
1274039024,전남광주통합특별시,고흥군,남양면,남양리,4,2026-06-30
1274039025,전남광주통합특별시,고흥군,남양면,중산리,5,2026-06-30
1274039026,전남광주통합특별시,고흥군,남양면,월정리,6,2026-06-30
1274039027,전남광주통합특별시,고흥군,남양면,망주리,7,2026-06-30
1274039028,전남광주통합특별시,고흥군,남양면,침교리,8,2026-06-30
1274040000,전남광주통합특별시,고흥군,동강면,,12,2026-06-30
1274040021,전남광주통합특별시,고흥군,동강면,유둔리,1,2026-06-30
1274040022,전남광주통합특별시,고흥군,동강면,마륜리,2,2026-06-30
1274040023,전남광주통합특별시,고흥군,동강면,대강리,3,2026-06-30
1274040024,전남광주통합특별시,고흥군,동강면,매곡리,4,2026-06-30
1274040025,전남광주통합특별시,고흥군,동강면,한천리,5,2026-06-30
1274040026,전남광주통합특별시,고흥군,동강면,오월리,6,2026-06-30
1274040027,전남광주통합특별시,고흥군,동강면,청송리,7,2026-06-30
1274040028,전남광주통합특별시,고흥군,동강면,죽암리,8,2026-06-30
1274040029,전남광주통합특별시,고흥군,동강면,장덕리,9,2026-06-30
1274040030,전남광주통합특별시,고흥군,동강면,노동리,10,2026-06-30
1274041000,전남광주통합특별시,고흥군,대서면,,13,2026-06-30
1274041021,전남광주통합특별시,고흥군,대서면,금마리,1,2026-06-30
1274041022,전남광주통합특별시,고흥군,대서면,남정리,2,2026-06-30
1274041023,전남광주통합특별시,고흥군,대서면,안남리,3,2026-06-30
1274041024,전남광주통합특별시,고흥군,대서면,화산리,4,2026-06-30
1274041025,전남광주통합특별시,고흥군,대서면,송림리,5,2026-06-30
1274041026,전남광주통합특별시,고흥군,대서면,송강리,6,2026-06-30
1274041027,전남광주통합특별시,고흥군,대서면,상남리,7,2026-06-30
1274042000,전남광주통합특별시,고흥군,두원면,,14,2026-06-30
1274042021,전남광주통합특별시,고흥군,두원면,학곡리,1,2026-06-30
1274042022,전남광주통합특별시,고흥군,두원면,관덕리,2,2026-06-30
1274042023,전남광주통합특별시,고흥군,두원면,풍류리,3,2026-06-30
1274042024,전남광주통합특별시,고흥군,두원면,대금리,4,2026-06-30
1274042025,전남광주통합특별시,고흥군,두원면,용당리,5,2026-06-30
1274042026,전남광주통합특별시,고흥군,두원면,대전리,6,2026-06-30
1274042027,전남광주통합특별시,고흥군,두원면,예회리,7,2026-06-30
1274042028,전남광주통합특별시,고흥군,두원면,성두리,8,2026-06-30
1274042029,전남광주통합특별시,고흥군,두원면,영오리,9,2026-06-30
1274042030,전남광주통합특별시,고흥군,두원면,용산리,10,2026-06-30
1274042031,전남광주통합특별시,고흥군,두원면,신송리,11,2026-06-30
1274042032,전남광주통합특별시,고흥군,두원면,용반리,12,2026-06-30
1274042033,전남광주통합특별시,고흥군,두원면,운대리,13,2026-06-30
1274044000,전남광주통합특별시,고흥군,영남면,,15,2026-06-30
1274044021,전남광주통합특별시,고흥군,영남면,양사리,1,2026-06-30
1274044022,전남광주통합특별시,고흥군,영남면,금사리,2,2026-06-30
1274044023,전남광주통합특별시,고흥군,영남면,남열리,3,2026-06-30
1274044024,전남광주통합특별시,고흥군,영남면,우천리,4,2026-06-30
1274045000,전남광주통합특별시,고흥군,동일면,,16,2026-06-30
1274045021,전남광주통합특별시,고흥군,동일면,봉영리,1,2026-06-30
1274045022,전남광주통합특별시,고흥군,동일면,백양리,2,2026-06-30
1274045023,전남광주통합특별시,고흥군,동일면,덕흥리,3,2026-06-30
1275000000,전남광주통합특별시,보성군,,,10,2026-06-30
1275025000,전남광주통합특별시,보성군,보성읍,,1,2026-06-30
1275025021,전남광주통합특별시,보성군,보성읍,보성리,1,2026-06-30
1275025022,전남광주통합특별시,보성군,보성읍,우산리,2,2026-06-30
1275025023,전남광주통합특별시,보성군,보성읍,옥평리,3,2026-06-30
1275025024,전남광주통합특별시,보성군,보성읍,봉산리,4,2026-06-30
1275025025,전남광주통합특별시,보성군,보성읍,쾌상리,5,2026-06-30
1275025026,전남광주통합특별시,보성군,보성읍,옥암리,6,2026-06-30
1275025027,전남광주통합특별시,보성군,보성읍,대야리,7,2026-06-30
1275025028,전남광주통합특별시,보성군,보성읍,원봉리,8,2026-06-30
1275025029,전남광주통합특별시,보성군,보성읍,주봉리,9,2026-06-30
1275025030,전남광주통합특별시,보성군,보성읍,용문리,10,2026-06-30
1275025300,전남광주통합특별시,보성군,벌교읍,,2,2026-06-30
1275025321,전남광주통합특별시,보성군,벌교읍,벌교리,1,2026-06-30
1275025322,전남광주통합특별시,보성군,벌교읍,전동리,2,2026-06-30
1275025323,전남광주통합특별시,보성군,벌교읍,지동리,3,2026-06-30
1275025324,전남광주통합특별시,보성군,벌교읍,고읍리,4,2026-06-30
1275025325,전남광주통합특별시,보성군,벌교읍,낙성리,5,2026-06-30
1275025326,전남광주통합특별시,보성군,벌교읍,추동리,6,2026-06-30
1275025327,전남광주통합특별시,보성군,벌교읍,징광리,7,2026-06-30
1275025329,전남광주통합특별시,보성군,벌교읍,칠동리,8,2026-06-30
1275025330,전남광주통합특별시,보성군,벌교읍,척령리,9,2026-06-30
1275025331,전남광주통합특별시,보성군,벌교읍,마동리,10,2026-06-30
1275025332,전남광주통합특별시,보성군,벌교읍,장좌리,11,2026-06-30
1275025333,전남광주통합특별시,보성군,벌교읍,영등리,12,2026-06-30
1275025334,전남광주통합특별시,보성군,벌교읍,장암리,13,2026-06-30
1275025335,전남광주통합특별시,보성군,벌교읍,대포리,14,2026-06-30
1275025336,전남광주통합특별시,보성군,벌교읍,연산리,15,2026-06-30
1275025337,전남광주통합특별시,보성군,벌교읍,봉림리,16,2026-06-30
1275025338,전남광주통합특별시,보성군,벌교읍,회정리,17,2026-06-30
1275025339,전남광주통합특별시,보성군,벌교읍,장양리,18,2026-06-30
1275025340,전남광주통합특별시,보성군,벌교읍,호동리,19,2026-06-30
1275025341,전남광주통합특별시,보성군,벌교읍,장도리,20,2026-06-30
1275025342,전남광주통합특별시,보성군,벌교읍,옥전리,21,2026-06-30
1275031000,전남광주통합특별시,보성군,노동면,,3,2026-06-30
1275031021,전남광주통합특별시,보성군,노동면,광곡리,1,2026-06-30
1275031022,전남광주통합특별시,보성군,노동면,대련리,2,2026-06-30
1275031023,전남광주통합특별시,보성군,노동면,감정리,3,2026-06-30
1275031024,전남광주통합특별시,보성군,노동면,금호리,4,2026-06-30
1275031025,전남광주통합특별시,보성군,노동면,옥마리,5,2026-06-30
1275031026,전남광주통합특별시,보성군,노동면,용호리,6,2026-06-30
1275031027,전남광주통합특별시,보성군,노동면,거석리,7,2026-06-30
1275031028,전남광주통합특별시,보성군,노동면,신천리,8,2026-06-30
1275031029,전남광주통합특별시,보성군,노동면,학동리,9,2026-06-30
1275031030,전남광주통합특별시,보성군,노동면,명봉리,10,2026-06-30
1275032000,전남광주통합특별시,보성군,미력면,,4,2026-06-30
1275032021,전남광주통합특별시,보성군,미력면,도개리,1,2026-06-30
1275032022,전남광주통합특별시,보성군,미력면,미력리,2,2026-06-30
1275032023,전남광주통합특별시,보성군,미력면,화방리,3,2026-06-30
1275032024,전남광주통합특별시,보성군,미력면,용정리,4,2026-06-30
1275032025,전남광주통합특별시,보성군,미력면,덕림리,5,2026-06-30
1275032026,전남광주통합특별시,보성군,미력면,반룡리,6,2026-06-30
1275032027,전남광주통합특별시,보성군,미력면,초당리,7,2026-06-30
1275033000,전남광주통합특별시,보성군,겸백면,,5,2026-06-30
1275033021,전남광주통합특별시,보성군,겸백면,석호리,1,2026-06-30
1275033022,전남광주통합특별시,보성군,겸백면,운림리,2,2026-06-30
1275033023,전남광주통합특별시,보성군,겸백면,은덕리,3,2026-06-30
1275033024,전남광주통합특별시,보성군,겸백면,평호리,4,2026-06-30
1275033025,전남광주통합특별시,보성군,겸백면,도안리,5,2026-06-30
1275033026,전남광주통합특별시,보성군,겸백면,용산리,6,2026-06-30
1275033027,전남광주통합특별시,보성군,겸백면,남양리,7,2026-06-30
1275033028,전남광주통합특별시,보성군,겸백면,사곡리,8,2026-06-30
1275033029,전남광주통합특별시,보성군,겸백면,수남리,9,2026-06-30
1275034000,전남광주통합특별시,보성군,율어면,,6,2026-06-30
1275034021,전남광주통합특별시,보성군,율어면,율어리,1,2026-06-30
1275034022,전남광주통합특별시,보성군,율어면,금천리,2,2026-06-30
1275034023,전남광주통합특별시,보성군,율어면,선암리,3,2026-06-30
1275034024,전남광주통합특별시,보성군,율어면,문양리,4,2026-06-30
1275034025,전남광주통합특별시,보성군,율어면,칠음리,5,2026-06-30
1275034026,전남광주통합특별시,보성군,율어면,고죽리,6,2026-06-30
1275034027,전남광주통합특별시,보성군,율어면,이동리,7,2026-06-30
1275034028,전남광주통합특별시,보성군,율어면,유신리,8,2026-06-30
1275034029,전남광주통합특별시,보성군,율어면,장동리,9,2026-06-30
1275035000,전남광주통합특별시,보성군,복내면,,7,2026-06-30
1275035021,전남광주통합특별시,보성군,복내면,복내리,1,2026-06-30
1275035022,전남광주통합특별시,보성군,복내면,반석리,2,2026-06-30
1275035023,전남광주통합특별시,보성군,복내면,용동리,3,2026-06-30
1275035024,전남광주통합특별시,보성군,복내면,진봉리,4,2026-06-30
1275035025,전남광주통합특별시,보성군,복내면,봉천리,5,2026-06-30
1275035026,전남광주통합특별시,보성군,복내면,일봉리,6,2026-06-30
1275035027,전남광주통합특별시,보성군,복내면,시천리,7,2026-06-30
1275035028,전남광주통합특별시,보성군,복내면,용전리,8,2026-06-30
1275035029,전남광주통합특별시,보성군,복내면,유정리,9,2026-06-30
1275035030,전남광주통합특별시,보성군,복내면,계산리,10,2026-06-30
1275035031,전남광주통합특별시,보성군,복내면,장천리,11,2026-06-30
1275035032,전남광주통합특별시,보성군,복내면,동교리,12,2026-06-30
1275036000,전남광주통합특별시,보성군,문덕면,,8,2026-06-30
1275036021,전남광주통합특별시,보성군,문덕면,운곡리,1,2026-06-30
1275036022,전남광주통합특별시,보성군,문덕면,용암리,2,2026-06-30
1275036023,전남광주통합특별시,보성군,문덕면,덕치리,3,2026-06-30
1275036024,전남광주통합특별시,보성군,문덕면,죽산리,4,2026-06-30
1275036025,전남광주통합특별시,보성군,문덕면,봉갑리,5,2026-06-30
1275036026,전남광주통합특별시,보성군,문덕면,봉정리,6,2026-06-30
1275036027,전남광주통합특별시,보성군,문덕면,양동리,7,2026-06-30
1275036028,전남광주통합특별시,보성군,문덕면,귀산리,8,2026-06-30
1275036029,전남광주통합특별시,보성군,문덕면,동산리,9,2026-06-30
1275037000,전남광주통합특별시,보성군,조성면,,9,2026-06-30
1275037021,전남광주통합특별시,보성군,조성면,조성리,1,2026-06-30
1275037022,전남광주통합특별시,보성군,조성면,매현리,2,2026-06-30
1275037023,전남광주통합특별시,보성군,조성면,은곡리,3,2026-06-30
1275037024,전남광주통합특별시,보성군,조성면,신월리,4,2026-06-30
1275037025,전남광주통합특별시,보성군,조성면,귀산리,5,2026-06-30
1275037026,전남광주통합특별시,보성군,조성면,축내리,6,2026-06-30
1275037027,전남광주통합특별시,보성군,조성면,대곡리,7,2026-06-30
1275037028,전남광주통합특별시,보성군,조성면,우천리,8,2026-06-30
1275037029,전남광주통합특별시,보성군,조성면,봉능리,9,2026-06-30
1275037030,전남광주통합특별시,보성군,조성면,덕산리,10,2026-06-30
1275037031,전남광주통합특별시,보성군,조성면,동촌리,11,2026-06-30
1275037032,전남광주통합특별시,보성군,조성면,용전리,12,2026-06-30
1275038000,전남광주통합특별시,보성군,득량면,,10,2026-06-30
1275038021,전남광주통합특별시,보성군,득량면,삼정리,1,2026-06-30
1275038022,전남광주통합특별시,보성군,득량면,송곡리,2,2026-06-30
1275038023,전남광주통합특별시,보성군,득량면,예당리,3,2026-06-30
1275038024,전남광주통합특별시,보성군,득량면,오봉리,4,2026-06-30
1275038025,전남광주통합특별시,보성군,득량면,해평리,5,2026-06-30
1275038026,전남광주통합특별시,보성군,득량면,비봉리,6,2026-06-30
1275038027,전남광주통합특별시,보성군,득량면,도촌리,7,2026-06-30
1275038028,전남광주통합특별시,보성군,득량면,마천리,8,2026-06-30
1275038029,전남광주통합특별시,보성군,득량면,정흥리,9,2026-06-30
1275039000,전남광주통합특별시,보성군,회천면,,11,2026-06-30
1275039021,전남광주통합특별시,보성군,회천면,율포리,1,2026-06-30
1275039022,전남광주통합특별시,보성군,회천면,벽교리,2,2026-06-30
1275039023,전남광주통합특별시,보성군,회천면,전일리,3,2026-06-30
1275039024,전남광주통합특별시,보성군,회천면,봉강리,4,2026-06-30
1275039025,전남광주통합특별시,보성군,회천면,회령리,5,2026-06-30
1275039026,전남광주통합특별시,보성군,회천면,영천리,6,2026-06-30
1275039027,전남광주통합특별시,보성군,회천면,동율리,7,2026-06-30
1275039028,전남광주통합특별시,보성군,회천면,군농리,8,2026-06-30
1275039029,전남광주통합특별시,보성군,회천면,화죽리,9,2026-06-30
1275039030,전남광주통합특별시,보성군,회천면,천포리,10,2026-06-30
1275039031,전남광주통합특별시,보성군,회천면,서당리,11,2026-06-30
1275039032,전남광주통합특별시,보성군,회천면,객산리,12,2026-06-30
1275040000,전남광주통합특별시,보성군,웅치면,,12,2026-06-30
1275040021,전남광주통합특별시,보성군,웅치면,중산리,1,2026-06-30
1275040022,전남광주통합특별시,보성군,웅치면,강산리,2,2026-06-30
1275040023,전남광주통합특별시,보성군,웅치면,대산리,3,2026-06-30
1275040024,전남광주통합특별시,보성군,웅치면,용반리,4,2026-06-30
1275040025,전남광주통합특별시,보성군,웅치면,봉산리,5,2026-06-30
1275040026,전남광주통합특별시,보성군,웅치면,유산리,6,2026-06-30
1276000000,전남광주통합특별시,화순군,,,11,2026-06-30
1276025000,전남광주통합특별시,화순군,화순읍,,1,2026-06-30
1276025021,전남광주통합특별시,화순군,화순읍,교리,1,2026-06-30
1276025022,전남광주통합특별시,화순군,화순읍,향청리,2,2026-06-30
1276025023,전남광주통합특별시,화순군,화순읍,만연리,3,2026-06-30
1276025024,전남광주통합특별시,화순군,화순읍,신기리,4,2026-06-30
1276025025,전남광주통합특별시,화순군,화순읍,훈리,5,2026-06-30
1276025026,전남광주통합특별시,화순군,화순읍,동구리,6,2026-06-30
1276025027,전남광주통합특별시,화순군,화순읍,유천리,7,2026-06-30
1276025028,전남광주통합특별시,화순군,화순읍,일심리,8,2026-06-30
1276025029,전남광주통합특별시,화순군,화순읍,다지리,9,2026-06-30
1276025030,전남광주통합특별시,화순군,화순읍,광덕리,10,2026-06-30
1276025031,전남광주통합특별시,화순군,화순읍,삼천리,11,2026-06-30
1276025032,전남광주통합특별시,화순군,화순읍,이십곡리,12,2026-06-30
1276025033,전남광주통합특별시,화순군,화순읍,대리,13,2026-06-30
1276025034,전남광주통합특별시,화순군,화순읍,강정리,14,2026-06-30
1276025035,전남광주통합특별시,화순군,화순읍,벽라리,15,2026-06-30
1276025036,전남광주통합특별시,화순군,화순읍,감도리,16,2026-06-30
1276025037,전남광주통합특별시,화순군,화순읍,계소리,17,2026-06-30
1276025038,전남광주통합특별시,화순군,화순읍,도웅리,18,2026-06-30
1276025039,전남광주통합특별시,화순군,화순읍,세량리,19,2026-06-30
1276025040,전남광주통합특별시,화순군,화순읍,연양리,20,2026-06-30
1276025041,전남광주통합특별시,화순군,화순읍,내평리,21,2026-06-30
1276025042,전남광주통합특별시,화순군,화순읍,서태리,22,2026-06-30
1276025043,전남광주통합특별시,화순군,화순읍,앵남리,23,2026-06-30
1276025044,전남광주통합특별시,화순군,화순읍,수만리,24,2026-06-30
1276025045,전남광주통합특별시,화순군,화순읍,주도리,25,2026-06-30
1276031000,전남광주통합특별시,화순군,한천면,,2,2026-06-30
1276031021,전남광주통합특별시,화순군,한천면,모산리,1,2026-06-30
1276031022,전남광주통합특별시,화순군,한천면,금전리,2,2026-06-30
1276031023,전남광주통합특별시,화순군,한천면,한계리,3,2026-06-30
1276031024,전남광주통합특별시,화순군,한천면,정리,4,2026-06-30
1276031025,전남광주통합특별시,화순군,한천면,가암리,5,2026-06-30
1276031026,전남광주통합특별시,화순군,한천면,오음리,6,2026-06-30
1276031027,전남광주통합특별시,화순군,한천면,반곡리,7,2026-06-30
1276031028,전남광주통합특별시,화순군,한천면,평리,8,2026-06-30
1276031029,전남광주통합특별시,화순군,한천면,정우리,9,2026-06-30
1276031030,전남광주통합특별시,화순군,한천면,동가리,10,2026-06-30
1276031031,전남광주통합특별시,화순군,한천면,고시리,11,2026-06-30
1276032000,전남광주통합특별시,화순군,춘양면,,3,2026-06-30
1276032021,전남광주통합특별시,화순군,춘양면,석정리,1,2026-06-30
1276032022,전남광주통합특별시,화순군,춘양면,화림리,2,2026-06-30
1276032023,전남광주통합특별시,화순군,춘양면,대신리,3,2026-06-30
1276032024,전남광주통합특별시,화순군,춘양면,회송리,4,2026-06-30
1276032025,전남광주통합특별시,화순군,춘양면,양곡리,5,2026-06-30
1276032026,전남광주통합특별시,화순군,춘양면,용곡리,6,2026-06-30
1276032027,전남광주통합특별시,화순군,춘양면,월평리,7,2026-06-30
1276032028,전남광주통합특별시,화순군,춘양면,가동리,8,2026-06-30
1276032029,전남광주통합특별시,화순군,춘양면,변천리,9,2026-06-30
1276032030,전남광주통합특별시,화순군,춘양면,산간리,10,2026-06-30
1276032031,전남광주통합특별시,화순군,춘양면,가봉리,11,2026-06-30
1276032032,전남광주통합특별시,화순군,춘양면,용두리,12,2026-06-30
1276032033,전남광주통합특별시,화순군,춘양면,우봉리,13,2026-06-30
1276032034,전남광주통합특별시,화순군,춘양면,부곡리,14,2026-06-30
1276033000,전남광주통합특별시,화순군,청풍면,,4,2026-06-30
1276033021,전남광주통합특별시,화순군,청풍면,풍암리,1,2026-06-30
1276033022,전남광주통합특별시,화순군,청풍면,한지리,2,2026-06-30
1276033023,전남광주통합특별시,화순군,청풍면,어리,3,2026-06-30
1276033024,전남광주통합특별시,화순군,청풍면,세청리,4,2026-06-30
1276033025,전남광주통합특별시,화순군,청풍면,대비리,5,2026-06-30
1276033026,전남광주통합특별시,화순군,청풍면,백운리,6,2026-06-30
1276033027,전남광주통합특별시,화순군,청풍면,청용리,7,2026-06-30
1276033028,전남광주통합특별시,화순군,청풍면,이만리,8,2026-06-30
1276033029,전남광주통합특별시,화순군,청풍면,신석리,9,2026-06-30
1276033030,전남광주통합특별시,화순군,청풍면,신리,10,2026-06-30
1276033031,전남광주통합특별시,화순군,청풍면,차리,11,2026-06-30
1276034000,전남광주통합특별시,화순군,이양면,,5,2026-06-30
1276034021,전남광주통합특별시,화순군,이양면,금능리,1,2026-06-30
1276034022,전남광주통합특별시,화순군,이양면,강성리,2,2026-06-30
1276034023,전남광주통합특별시,화순군,이양면,용반리,3,2026-06-30
1276034024,전남광주통합특별시,화순군,이양면,장치리,4,2026-06-30
1276034025,전남광주통합특별시,화순군,이양면,묵곡리,5,2026-06-30
1276034026,전남광주통합특별시,화순군,이양면,옥리,6,2026-06-30
1276034027,전남광주통합특별시,화순군,이양면,품평리,7,2026-06-30
1276034028,전남광주통합특별시,화순군,이양면,오류리,8,2026-06-30
1276034029,전남광주통합특별시,화순군,이양면,이양리,9,2026-06-30
1276034030,전남광주통합특별시,화순군,이양면,율계리,10,2026-06-30
1276034031,전남광주통합특별시,화순군,이양면,송정리,11,2026-06-30
1276034032,전남광주통합특별시,화순군,이양면,초방리,12,2026-06-30
1276034033,전남광주통합특별시,화순군,이양면,매정리,13,2026-06-30
1276034034,전남광주통합특별시,화순군,이양면,연화리,14,2026-06-30
1276034035,전남광주통합특별시,화순군,이양면,구례리,15,2026-06-30
1276034036,전남광주통합특별시,화순군,이양면,쌍봉리,16,2026-06-30
1276034037,전남광주통합특별시,화순군,이양면,증리,17,2026-06-30
1276035000,전남광주통합특별시,화순군,능주면,,6,2026-06-30
1276035021,전남광주통합특별시,화순군,능주면,남정리,1,2026-06-30
1276035022,전남광주통합특별시,화순군,능주면,정남리,2,2026-06-30
1276035023,전남광주통합특별시,화순군,능주면,석고리,3,2026-06-30
1276035024,전남광주통합특별시,화순군,능주면,잠정리,4,2026-06-30
1276035025,전남광주통합특별시,화순군,능주면,내리,5,2026-06-30
1276035026,전남광주통합특별시,화순군,능주면,관영리,6,2026-06-30
1276035027,전남광주통합특별시,화순군,능주면,천덕리,7,2026-06-30
1276035028,전남광주통합특별시,화순군,능주면,만인리,8,2026-06-30
1276035029,전남광주통합특별시,화순군,능주면,광사리,9,2026-06-30
1276035030,전남광주통합특별시,화순군,능주면,백암리,10,2026-06-30
1276035031,전남광주통합특별시,화순군,능주면,만수리,11,2026-06-30
1276035032,전남광주통합특별시,화순군,능주면,원지리,12,2026-06-30
1276036000,전남광주통합특별시,화순군,도곡면,,7,2026-06-30
1276036021,전남광주통합특별시,화순군,도곡면,대곡리,1,2026-06-30
1276036022,전남광주통합특별시,화순군,도곡면,효산리,2,2026-06-30
1276036023,전남광주통합특별시,화순군,도곡면,월곡리,3,2026-06-30
1276036024,전남광주통합특별시,화순군,도곡면,쌍옥리,4,2026-06-30
1276036025,전남광주통합특별시,화순군,도곡면,평리,5,2026-06-30
1276036026,전남광주통합특별시,화순군,도곡면,덕곡리,6,2026-06-30
1276036027,전남광주통합특별시,화순군,도곡면,신성리,7,2026-06-30
1276036028,전남광주통합특별시,화순군,도곡면,천암리,8,2026-06-30
1276036029,전남광주통합특별시,화순군,도곡면,신덕리,9,2026-06-30
1276036030,전남광주통합특별시,화순군,도곡면,미곡리,10,2026-06-30
1276036031,전남광주통합특별시,화순군,도곡면,죽청리,11,2026-06-30
1276036032,전남광주통합특별시,화순군,도곡면,원화리,12,2026-06-30
1276037000,전남광주통합특별시,화순군,도암면,,8,2026-06-30
1276037021,전남광주통합특별시,화순군,도암면,운월리,1,2026-06-30
1276037022,전남광주통합특별시,화순군,도암면,도장리,2,2026-06-30
1276037023,전남광주통합특별시,화순군,도암면,벽지리,3,2026-06-30
1276037024,전남광주통합특별시,화순군,도암면,정천리,4,2026-06-30
1276037025,전남광주통합특별시,화순군,도암면,원천리,5,2026-06-30
1276037026,전남광주통합특별시,화순군,도암면,천태리,6,2026-06-30
1276037027,전남광주통합특별시,화순군,도암면,지월리,7,2026-06-30
1276037028,전남광주통합특별시,화순군,도암면,등광리,8,2026-06-30
1276037029,전남광주통합특별시,화순군,도암면,대초리,9,2026-06-30
1276037030,전남광주통합특별시,화순군,도암면,용강리,10,2026-06-30
1276037031,전남광주통합특별시,화순군,도암면,호암리,11,2026-06-30
1276037032,전남광주통합특별시,화순군,도암면,우치리,12,2026-06-30
1276037033,전남광주통합특별시,화순군,도암면,봉하리,13,2026-06-30
1276037034,전남광주통합특별시,화순군,도암면,왕정리,14,2026-06-30
1276037035,전남광주통합특별시,화순군,도암면,행산리,15,2026-06-30
1276038000,전남광주통합특별시,화순군,이서면,,9,2026-06-30
1276038021,전남광주통합특별시,화순군,이서면,서리,1,2026-06-30
1276038022,전남광주통합특별시,화순군,이서면,월산리,2,2026-06-30
1276038023,전남광주통합특별시,화순군,이서면,보산리,3,2026-06-30
1276038024,전남광주통합특별시,화순군,이서면,장학리,4,2026-06-30
1276038025,전남광주통합특별시,화순군,이서면,창랑리,5,2026-06-30
1276038026,전남광주통합특별시,화순군,이서면,도석리,6,2026-06-30
1276038027,전남광주통합특별시,화순군,이서면,야사리,7,2026-06-30
1276038028,전남광주통합특별시,화순군,이서면,보월리,8,2026-06-30
1276038029,전남광주통합특별시,화순군,이서면,인계리,9,2026-06-30
1276038030,전남광주통합특별시,화순군,이서면,영평리,10,2026-06-30
1276038031,전남광주통합특별시,화순군,이서면,안심리,11,2026-06-30
1276038032,전남광주통합특별시,화순군,이서면,갈두리,12,2026-06-30
1276039500,전남광주통합특별시,화순군,백아면,,10,2026-06-30
1276039521,전남광주통합특별시,화순군,백아면,임곡리,16,2026-06-30
1276039522,전남광주통합특별시,화순군,백아면,옥리,1,2026-06-30
1276039523,전남광주통합특별시,화순군,백아면,서유리,2,2026-06-30
1276039524,전남광주통합특별시,화순군,백아면,맹리,3,2026-06-30
1276039525,전남광주통합특별시,화순군,백아면,남치리,4,2026-06-30
1276039526,전남광주통합특별시,화순군,백아면,원리,5,2026-06-30
1276039527,전남광주통합특별시,화순군,백아면,송단리,6,2026-06-30
1276039528,전남광주통합특별시,화순군,백아면,방리,7,2026-06-30
1276039529,전남광주통합특별시,화순군,백아면,노기리,8,2026-06-30
1276039530,전남광주통합특별시,화순군,백아면,이천리,9,2026-06-30
1276039531,전남광주통합특별시,화순군,백아면,길성리,10,2026-06-30
1276039532,전남광주통합특별시,화순군,백아면,와천리,11,2026-06-30
1276039533,전남광주통합특별시,화순군,백아면,다곡리,12,2026-06-30
1276039534,전남광주통합특별시,화순군,백아면,수리,13,2026-06-30
1276039535,전남광주통합특별시,화순군,백아면,노치리,14,2026-06-30
1276039536,전남광주통합특별시,화순군,백아면,용곡리,15,2026-06-30
1276040000,전남광주통합특별시,화순군,동복면,,11,2026-06-30
1276040021,전남광주통합특별시,화순군,동복면,독상리,1,2026-06-30
1276040022,전남광주통합특별시,화순군,동복면,칠정리,2,2026-06-30
1276040023,전남광주통합특별시,화순군,동복면,천변리,3,2026-06-30
1276040024,전남광주통합특별시,화순군,동복면,유천리,4,2026-06-30
1276040025,전남광주통합특별시,화순군,동복면,신율리,5,2026-06-30
1276040026,전남광주통합특별시,화순군,동복면,가수리,6,2026-06-30
1276040027,전남광주통합특별시,화순군,동복면,안성리,7,2026-06-30
1276040028,전남광주통합특별시,화순군,동복면,연월리,8,2026-06-30
1276040029,전남광주통합특별시,화순군,동복면,읍애리,9,2026-06-30
1276040030,전남광주통합특별시,화순군,동복면,연둔리,10,2026-06-30
1276040031,전남광주통합특별시,화순군,동복면,구암리,11,2026-06-30
1276040032,전남광주통합특별시,화순군,동복면,한천리,12,2026-06-30
1276041500,전남광주통합특별시,화순군,사평면,,12,2026-06-30
1276041521,전남광주통합특별시,화순군,사평면,사평리,1,2026-06-30
1276041522,전남광주통합특별시,화순군,사평면,대곡리,2,2026-06-30
1276041523,전남광주통합특별시,화순군,사평면,검산리,3,2026-06-30
1276041524,전남광주통합특별시,화순군,사평면,운산리,4,2026-06-30
1276041525,전남광주통합특별시,화순군,사평면,원리,5,2026-06-30
1276041526,전남광주통합특별시,화순군,사평면,벽송리,6,2026-06-30
1276041527,전남광주통합특별시,화순군,사평면,장전리,7,2026-06-30
1276041528,전남광주통합특별시,화순군,사평면,절산리,8,2026-06-30
1276041529,전남광주통합특별시,화순군,사평면,사수리,9,2026-06-30
1276041530,전남광주통합특별시,화순군,사평면,주산리,10,2026-06-30
1276041531,전남광주통합특별시,화순군,사평면,복교리,11,2026-06-30
1276041532,전남광주통합특별시,화순군,사평면,남계리,12,2026-06-30
1276041533,전남광주통합특별시,화순군,사평면,유마리,13,2026-06-30
1276041534,전남광주통합특별시,화순군,사평면,다산리,14,2026-06-30
1276041535,전남광주통합특별시,화순군,사평면,용리,15,2026-06-30
1276041536,전남광주통합특별시,화순군,사평면,내리,16,2026-06-30
1276042000,전남광주통합특별시,화순군,동면,,13,2026-06-30
1276042021,전남광주통합특별시,화순군,동면,백용리,1,2026-06-30
1276042022,전남광주통합특별시,화순군,동면,언도리,2,2026-06-30
1276042023,전남광주통합특별시,화순군,동면,서성리,3,2026-06-30
1276042024,전남광주통합특별시,화순군,동면,국동리,4,2026-06-30
1276042025,전남광주통합특별시,화순군,동면,청궁리,5,2026-06-30
1276042026,전남광주통합특별시,화순군,동면,마산리,6,2026-06-30
1276042027,전남광주통합특별시,화순군,동면,무포리,7,2026-06-30
1276042028,전남광주통합특별시,화순군,동면,경치리,8,2026-06-30
1276042029,전남광주통합특별시,화순군,동면,복암리,9,2026-06-30
1276042030,전남광주통합특별시,화순군,동면,오동리,10,2026-06-30
1276042031,전남광주통합특별시,화순군,동면,천덕리,11,2026-06-30
1276042032,전남광주통합특별시,화순군,동면,장동리,12,2026-06-30
1276042033,전남광주통합특별시,화순군,동면,운농리,13,2026-06-30
1276042034,전남광주통합특별시,화순군,동면,옥호리,14,2026-06-30
1276042035,전남광주통합특별시,화순군,동면,대포리,15,2026-06-30
1277000000,전남광주통합특별시,장흥군,,,12,2026-06-30
1277025000,전남광주통합특별시,장흥군,장흥읍,,1,2026-06-30
1277025021,전남광주통합특별시,장흥군,장흥읍,동동리,1,2026-06-30
1277025022,전남광주통합특별시,장흥군,장흥읍,남동리,2,2026-06-30
1277025023,전남광주통합특별시,장흥군,장흥읍,기양리,3,2026-06-30
1277025024,전남광주통합특별시,장흥군,장흥읍,예양리,4,2026-06-30
1277025025,전남광주통합특별시,장흥군,장흥읍,남외리,5,2026-06-30
1277025026,전남광주통합특별시,장흥군,장흥읍,교촌리,6,2026-06-30
1277025027,전남광주통합특별시,장흥군,장흥읍,충열리,7,2026-06-30
1277025028,전남광주통합특별시,장흥군,장흥읍,순지리,8,2026-06-30
1277025029,전남광주통합특별시,장흥군,장흥읍,성불리,9,2026-06-30
1277025030,전남광주통합특별시,장흥군,장흥읍,사안리,10,2026-06-30
1277025031,전남광주통합특별시,장흥군,장흥읍,영전리,11,2026-06-30
1277025032,전남광주통합특별시,장흥군,장흥읍,송암리,12,2026-06-30
1277025033,전남광주통합특별시,장흥군,장흥읍,평장리,13,2026-06-30
1277025034,전남광주통합특별시,장흥군,장흥읍,덕제리,14,2026-06-30
1277025035,전남광주통합특별시,장흥군,장흥읍,평화리,15,2026-06-30
1277025037,전남광주통합특별시,장흥군,장흥읍,건산리,17,2026-06-30
1277025038,전남광주통합특별시,장흥군,장흥읍,향양리,18,2026-06-30
1277025039,전남광주통합특별시,장흥군,장흥읍,삼산리,19,2026-06-30
1277025040,전남광주통합특별시,장흥군,장흥읍,금산리,20,2026-06-30
1277025041,전남광주통합특별시,장흥군,장흥읍,해당리,21,2026-06-30
1277025042,전남광주통합특별시,장흥군,장흥읍,상리,22,2026-06-30
1277025043,전남광주통합특별시,장흥군,장흥읍,축내리,23,2026-06-30
1277025044,전남광주통합특별시,장흥군,장흥읍,관덕리,24,2026-06-30
1277025045,전남광주통합특별시,장흥군,장흥읍,원도리,25,2026-06-30
1277025046,전남광주통합특별시,장흥군,장흥읍,행원리,26,2026-06-30
1277025047,전남광주통합특별시,장흥군,장흥읍,연산리,27,2026-06-30
1277025048,전남광주통합특별시,장흥군,장흥읍,우산리,0,2026-06-30
1277025300,전남광주통합특별시,장흥군,관산읍,,2,2026-06-30
1277025321,전남광주통합특별시,장흥군,관산읍,남송리,1,2026-06-30
1277025322,전남광주통합특별시,장흥군,관산읍,성산리,2,2026-06-30
1277025323,전남광주통합특별시,장흥군,관산읍,부평리,3,2026-06-30
1277025324,전남광주통합특별시,장흥군,관산읍,농안리,4,2026-06-30
1277025325,전남광주통합특별시,장흥군,관산읍,용전리,5,2026-06-30
1277025326,전남광주통합특별시,장흥군,관산읍,옥당리,6,2026-06-30
1277025327,전남광주통합특별시,장흥군,관산읍,죽교리,7,2026-06-30
1277025328,전남광주통합특별시,장흥군,관산읍,방촌리,8,2026-06-30
1277025329,전남광주통합특별시,장흥군,관산읍,송촌리,9,2026-06-30
1277025330,전남광주통합특별시,장흥군,관산읍,지정리,10,2026-06-30
1277025331,전남광주통합특별시,장흥군,관산읍,신동리,11,2026-06-30
1277025332,전남광주통합특별시,장흥군,관산읍,삼산리,12,2026-06-30
1277025333,전남광주통합특별시,장흥군,관산읍,외동리,13,2026-06-30
1277025334,전남광주통합특별시,장흥군,관산읍,하발리,14,2026-06-30
1277025335,전남광주통합특별시,장흥군,관산읍,죽청리,15,2026-06-30
1277025336,전남광주통합특별시,장흥군,관산읍,고마리,16,2026-06-30
1277025600,전남광주통합특별시,장흥군,대덕읍,,3,2026-06-30
1277025621,전남광주통합특별시,장흥군,대덕읍,연지리,1,2026-06-30
1277025622,전남광주통합특별시,장흥군,대덕읍,연정리,2,2026-06-30
1277025623,전남광주통합특별시,장흥군,대덕읍,신월리,3,2026-06-30
1277025624,전남광주통합특별시,장흥군,대덕읍,도청리,4,2026-06-30
1277025625,전남광주통합특별시,장흥군,대덕읍,잠두리,5,2026-06-30
1277025626,전남광주통합특별시,장흥군,대덕읍,신리,6,2026-06-30
1277025627,전남광주통합특별시,장흥군,대덕읍,분토리,7,2026-06-30
1277025628,전남광주통합특별시,장흥군,대덕읍,옹암리,8,2026-06-30
1277025629,전남광주통합특별시,장흥군,대덕읍,가학리,9,2026-06-30
1277031000,전남광주통합특별시,장흥군,용산면,,4,2026-06-30
1277031021,전남광주통합특별시,장흥군,용산면,어산리,1,2026-06-30
1277031022,전남광주통합특별시,장흥군,용산면,운주리,2,2026-06-30
1277031023,전남광주통합특별시,장흥군,용산면,접정리,3,2026-06-30
1277031024,전남광주통합특별시,장흥군,용산면,월송리,4,2026-06-30
1277031025,전남광주통합특별시,장흥군,용산면,녹원리,5,2026-06-30
1277031026,전남광주통합특별시,장흥군,용산면,관지리,6,2026-06-30
1277031027,전남광주통합특별시,장흥군,용산면,상금리,7,2026-06-30
1277031029,전남광주통합특별시,장흥군,용산면,인암리,9,2026-06-30
1277031030,전남광주통합특별시,장흥군,용산면,모산리,10,2026-06-30
1277031031,전남광주통합특별시,장흥군,용산면,계산리,11,2026-06-30
1277031032,전남광주통합특별시,장흥군,용산면,덕암리,12,2026-06-30
1277031033,전남광주통합특별시,장흥군,용산면,풍길리,13,2026-06-30
1277031034,전남광주통합특별시,장흥군,용산면,상발리,14,2026-06-30
1277031035,전남광주통합특별시,장흥군,용산면,금곡리,0,2026-06-30
1277032000,전남광주통합특별시,장흥군,안양면,,5,2026-06-30
1277032021,전남광주통합특별시,장흥군,안양면,기산리,1,2026-06-30
1277032022,전남광주통합특별시,장흥군,안양면,비동리,2,2026-06-30
1277032023,전남광주통합특별시,장흥군,안양면,당암리,3,2026-06-30
1277032024,전남광주통합특별시,장흥군,안양면,운흥리,4,2026-06-30
1277032025,전남광주통합특별시,장흥군,안양면,수양리,5,2026-06-30
1277032026,전남광주통합특별시,장흥군,안양면,모령리,6,2026-06-30
1277032027,전남광주통합특별시,장흥군,안양면,지천리,7,2026-06-30
1277032028,전남광주통합특별시,장흥군,안양면,학송리,8,2026-06-30
1277032029,전남광주통합특별시,장흥군,안양면,신촌리,9,2026-06-30
1277032030,전남광주통합특별시,장흥군,안양면,수락리,10,2026-06-30
1277032031,전남광주통합특별시,장흥군,안양면,수문리,11,2026-06-30
1277032032,전남광주통합특별시,장흥군,안양면,사촌리,12,2026-06-30
1277032033,전남광주통합특별시,장흥군,안양면,해창리,13,2026-06-30
1277033000,전남광주통합특별시,장흥군,장동면,,6,2026-06-30
1277033021,전남광주통합특별시,장흥군,장동면,봉동리,1,2026-06-30
1277033022,전남광주통합특별시,장흥군,장동면,조양리,2,2026-06-30
1277033023,전남광주통합특별시,장흥군,장동면,배산리,3,2026-06-30
1277033024,전남광주통합특별시,장흥군,장동면,반산리,4,2026-06-30
1277033025,전남광주통합특별시,장흥군,장동면,북교리,5,2026-06-30
1277033026,전남광주통합특별시,장흥군,장동면,만년리,6,2026-06-30
1277033027,전남광주통합특별시,장흥군,장동면,하산리,7,2026-06-30
1277033028,전남광주통합특별시,장흥군,장동면,용곡리,8,2026-06-30
1277034000,전남광주통합특별시,장흥군,장평면,,7,2026-06-30
1277034021,전남광주통합특별시,장흥군,장평면,용강리,1,2026-06-30
1277034022,전남광주통합특별시,장흥군,장평면,등촌리,2,2026-06-30
1277034023,전남광주통합특별시,장흥군,장평면,양촌리,3,2026-06-30
1277034024,전남광주통합특별시,장흥군,장평면,축내리,4,2026-06-30
1277034025,전남광주통합특별시,장흥군,장평면,제산리,5,2026-06-30
1277034026,전남광주통합특별시,장흥군,장평면,봉림리,6,2026-06-30
1277034027,전남광주통합특별시,장흥군,장평면,우산리,7,2026-06-30
1277034028,전남광주통합특별시,장흥군,장평면,병동리,8,2026-06-30
1277034029,전남광주통합특별시,장흥군,장평면,청용리,9,2026-06-30
1277034030,전남광주통합특별시,장흥군,장평면,기동리,10,2026-06-30
1277034031,전남광주통합특별시,장흥군,장평면,선정리,11,2026-06-30
1277034032,전남광주통합특별시,장흥군,장평면,녹양리,12,2026-06-30
1277034033,전남광주통합특별시,장흥군,장평면,임리,13,2026-06-30
1277034034,전남광주통합특별시,장흥군,장평면,내동리,14,2026-06-30
1277034035,전남광주통합특별시,장흥군,장평면,어곡리,15,2026-06-30
1277034036,전남광주통합특별시,장흥군,장평면,복흥리,16,2026-06-30
1277034037,전남광주통합특별시,장흥군,장평면,진산리,17,2026-06-30
1277034038,전남광주통합특별시,장흥군,장평면,두봉리,18,2026-06-30
1277034039,전남광주통합특별시,장흥군,장평면,광평리,19,2026-06-30
1277035000,전남광주통합특별시,장흥군,유치면,,8,2026-06-30
1277035021,전남광주통합특별시,장흥군,유치면,대리,1,2026-06-30
1277035022,전남광주통합특별시,장흥군,유치면,오복리,2,2026-06-30
1277035023,전남광주통합특별시,장흥군,유치면,신월리,3,2026-06-30
1277035024,전남광주통합특별시,장흥군,유치면,단산리,4,2026-06-30
1277035025,전남광주통합특별시,장흥군,유치면,늑용리,5,2026-06-30
1277035026,전남광주통합특별시,장흥군,유치면,송정리,6,2026-06-30
1277035027,전남광주통합특별시,장흥군,유치면,신풍리,7,2026-06-30
1277035028,전남광주통합특별시,장흥군,유치면,조양리,8,2026-06-30
1277035029,전남광주통합특별시,장흥군,유치면,반월리,9,2026-06-30
1277035030,전남광주통합특별시,장흥군,유치면,관동리,10,2026-06-30
1277035031,전남광주통합특별시,장흥군,유치면,용문리,11,2026-06-30
1277035032,전남광주통합특별시,장흥군,유치면,봉덕리,12,2026-06-30
1277035033,전남광주통합특별시,장흥군,유치면,대천리,13,2026-06-30
1277035034,전남광주통합특별시,장흥군,유치면,운월리,14,2026-06-30
1277035035,전남광주통합특별시,장흥군,유치면,덕산리,15,2026-06-30
1277035036,전남광주통합특별시,장흥군,유치면,원등리,16,2026-06-30
1277036000,전남광주통합특별시,장흥군,부산면,,9,2026-06-30
1277036021,전남광주통합특별시,장흥군,부산면,내안리,1,2026-06-30
1277036022,전남광주통합특별시,장흥군,부산면,구룡리,2,2026-06-30
1277036023,전남광주통합특별시,장흥군,부산면,유량리,3,2026-06-30
1277036024,전남광주통합특별시,장흥군,부산면,지천리,4,2026-06-30
1277036025,전남광주통합특별시,장흥군,부산면,용반리,5,2026-06-30
1277036026,전남광주통합특별시,장흥군,부산면,금자리,6,2026-06-30
1277036027,전남광주통합특별시,장흥군,부산면,호계리,7,2026-06-30
1277036028,전남광주통합특별시,장흥군,부산면,기동리,8,2026-06-30
1277036029,전남광주통합특별시,장흥군,부산면,부춘리,9,2026-06-30
1277037000,전남광주통합특별시,장흥군,회진면,,10,2026-06-30
1277037021,전남광주통합특별시,장흥군,회진면,진목리,1,2026-06-30
1277037022,전남광주통합특별시,장흥군,회진면,회진리,2,2026-06-30
1277037023,전남광주통합특별시,장흥군,회진면,덕산리,3,2026-06-30
1277037024,전남광주통합특별시,장흥군,회진면,신상리,4,2026-06-30
1277037025,전남광주통합특별시,장흥군,회진면,대리,5,2026-06-30
1278000000,전남광주통합특별시,강진군,,,13,2026-06-30
1278025000,전남광주통합특별시,강진군,강진읍,,1,2026-06-30
1278025021,전남광주통합특별시,강진군,강진읍,동성리,1,2026-06-30
1278025022,전남광주통합특별시,강진군,강진읍,남성리,2,2026-06-30
1278025023,전남광주통합특별시,강진군,강진읍,서성리,3,2026-06-30
1278025024,전남광주통합특별시,강진군,강진읍,교촌리,4,2026-06-30
1278025025,전남광주통합특별시,강진군,강진읍,목리,5,2026-06-30
1278025026,전남광주통합특별시,강진군,강진읍,평동리,6,2026-06-30
1278025027,전남광주통합특별시,강진군,강진읍,남포리,7,2026-06-30
1278025028,전남광주통합특별시,강진군,강진읍,학명리,8,2026-06-30
1278025029,전남광주통합특별시,강진군,강진읍,영파리,9,2026-06-30
1278025030,전남광주통합특별시,강진군,강진읍,임천리,10,2026-06-30
1278025031,전남광주통합특별시,강진군,강진읍,덕남리,11,2026-06-30
1278025032,전남광주통합특별시,강진군,강진읍,송전리,12,2026-06-30
1278025033,전남광주통합특별시,강진군,강진읍,송덕리,13,2026-06-30
1278025034,전남광주통합특별시,강진군,강진읍,춘전리,14,2026-06-30
1278025035,전남광주통합특별시,강진군,강진읍,서산리,15,2026-06-30
1278031000,전남광주통합특별시,강진군,군동면,,2,2026-06-30
1278031021,전남광주통합특별시,강진군,군동면,파산리,1,2026-06-30
1278031022,전남광주통합특별시,강진군,군동면,호계리,2,2026-06-30
1278031023,전남광주통합특별시,강진군,군동면,라천리,3,2026-06-30
1278031024,전남광주통합특별시,강진군,군동면,금강리,4,2026-06-30
1278031025,전남광주통합특별시,강진군,군동면,화산리,5,2026-06-30
1278031026,전남광주통합특별시,강진군,군동면,용소리,6,2026-06-30
1278031027,전남광주통합특별시,강진군,군동면,풍동리,7,2026-06-30
1278031028,전남광주통합특별시,강진군,군동면,장산리,8,2026-06-30
1278031029,전남광주통합특별시,강진군,군동면,덕천리,9,2026-06-30
1278031030,전남광주통합특별시,강진군,군동면,석교리,10,2026-06-30
1278031031,전남광주통합특별시,강진군,군동면,쌍덕리,11,2026-06-30
1278031032,전남광주통합특별시,강진군,군동면,금사리,12,2026-06-30
1278031033,전남광주통합특별시,강진군,군동면,삼신리,13,2026-06-30
1278032000,전남광주통합특별시,강진군,칠량면,,3,2026-06-30
1278032021,전남광주통합특별시,강진군,칠량면,송로리,1,2026-06-30
1278032022,전남광주통합특별시,강진군,칠량면,동백리,2,2026-06-30
1278032023,전남광주통합특별시,강진군,칠량면,영동리,3,2026-06-30
1278032024,전남광주통합특별시,강진군,칠량면,현평리,4,2026-06-30
1278032025,전남광주통합특별시,강진군,칠량면,봉황리,5,2026-06-30
1278032026,전남광주통합특별시,강진군,칠량면,영복리,6,2026-06-30
1278032027,전남광주통합특별시,강진군,칠량면,송정리,7,2026-06-30
1278032028,전남광주통합특별시,강진군,칠량면,삼흥리,8,2026-06-30
1278032029,전남광주통합특별시,강진군,칠량면,단월리,9,2026-06-30
1278032030,전남광주통합특별시,강진군,칠량면,명주리,10,2026-06-30
1278032031,전남광주통합특별시,강진군,칠량면,흥학리,11,2026-06-30
1278032032,전남광주통합특별시,강진군,칠량면,장계리,12,2026-06-30
1278033000,전남광주통합특별시,강진군,대구면,,4,2026-06-30
1278033021,전남광주통합특별시,강진군,대구면,수동리,1,2026-06-30
1278033022,전남광주통합특별시,강진군,대구면,사당리,2,2026-06-30
1278033023,전남광주통합특별시,강진군,대구면,용운리,3,2026-06-30
1278033024,전남광주통합특별시,강진군,대구면,계율리,4,2026-06-30
1278033029,전남광주통합특별시,강진군,대구면,구수리,5,2026-06-30
1278033030,전남광주통합특별시,강진군,대구면,저두리,6,2026-06-30
1278034000,전남광주통합특별시,강진군,도암면,,5,2026-06-30
1278034021,전남광주통합특별시,강진군,도암면,덕서리,1,2026-06-30
1278034022,전남광주통합특별시,강진군,도암면,계라리,2,2026-06-30
1278034023,전남광주통합특별시,강진군,도암면,지석리,3,2026-06-30
1278034024,전남광주통합특별시,강진군,도암면,강정리,4,2026-06-30
1278034025,전남광주통합특별시,강진군,도암면,덕년리,5,2026-06-30
1278034026,전남광주통합특별시,강진군,도암면,만덕리,6,2026-06-30
1278034027,전남광주통합특별시,강진군,도암면,학장리,7,2026-06-30
1278034028,전남광주통합특별시,강진군,도암면,신기리,8,2026-06-30
1278034029,전남광주통합특별시,강진군,도암면,용흥리,9,2026-06-30
1278034030,전남광주통합특별시,강진군,도암면,항촌리,10,2026-06-30
1278034031,전남광주통합특별시,강진군,도암면,석문리,11,2026-06-30
1278034032,전남광주통합특별시,강진군,도암면,봉황리,12,2026-06-30
1278035000,전남광주통합특별시,강진군,신전면,,6,2026-06-30
1278035021,전남광주통합특별시,강진군,신전면,수양리,1,2026-06-30
1278035022,전남광주통합특별시,강진군,신전면,용월리,2,2026-06-30
1278035023,전남광주통합특별시,강진군,신전면,벌정리,3,2026-06-30
1278035024,전남광주통합특별시,강진군,신전면,사초리,4,2026-06-30
1278035025,전남광주통합특별시,강진군,신전면,송천리,5,2026-06-30
1278035026,전남광주통합특별시,강진군,신전면,용화리,6,2026-06-30
1278035027,전남광주통합특별시,강진군,신전면,영관리,7,2026-06-30
1278036000,전남광주통합특별시,강진군,성전면,,7,2026-06-30
1278036021,전남광주통합특별시,강진군,성전면,월남리,1,2026-06-30
1278036022,전남광주통합특별시,강진군,성전면,월하리,2,2026-06-30
1278036023,전남광주통합특별시,강진군,성전면,송월리,3,2026-06-30
1278036024,전남광주통합특별시,강진군,성전면,월평리,4,2026-06-30
1278036025,전남광주통합특별시,강진군,성전면,영풍리,5,2026-06-30
1278036026,전남광주통합특별시,강진군,성전면,명산리,6,2026-06-30
1278036027,전남광주통합특별시,강진군,성전면,수양리,7,2026-06-30
1278036028,전남광주통합특별시,강진군,성전면,성전리,8,2026-06-30
1278036029,전남광주통합특별시,강진군,성전면,도림리,9,2026-06-30
1278036030,전남광주통합특별시,강진군,성전면,금당리,10,2026-06-30
1278036031,전남광주통합특별시,강진군,성전면,송학리,11,2026-06-30
1278037000,전남광주통합특별시,강진군,작천면,,8,2026-06-30
1278037021,전남광주통합특별시,강진군,작천면,군자리,1,2026-06-30
1278037022,전남광주통합특별시,강진군,작천면,용상리,2,2026-06-30
1278037023,전남광주통합특별시,강진군,작천면,삼열리,3,2026-06-30
1278037024,전남광주통합특별시,강진군,작천면,내기리,4,2026-06-30
1278037025,전남광주통합특별시,강진군,작천면,토마리,5,2026-06-30
1278037026,전남광주통합특별시,강진군,작천면,이남리,6,2026-06-30
1278037027,전남광주통합특별시,강진군,작천면,야흥리,7,2026-06-30
1278037028,전남광주통합특별시,강진군,작천면,삼당리,8,2026-06-30
1278037029,전남광주통합특별시,강진군,작천면,평기리,9,2026-06-30
1278037030,전남광주통합특별시,강진군,작천면,현산리,10,2026-06-30
1278037031,전남광주통합특별시,강진군,작천면,갈동리,11,2026-06-30
1278037032,전남광주통합특별시,강진군,작천면,평리,12,2026-06-30
1278038000,전남광주통합특별시,강진군,병영면,,9,2026-06-30
1278038021,전남광주통합특별시,강진군,병영면,상낙리,1,2026-06-30
1278038022,전남광주통합특별시,강진군,병영면,지로리,2,2026-06-30
1278038023,전남광주통합특별시,강진군,병영면,박동리,3,2026-06-30
1278038024,전남광주통합특별시,강진군,병영면,성동리,4,2026-06-30
1278038025,전남광주통합특별시,강진군,병영면,삼인리,5,2026-06-30
1278038026,전남광주통합특별시,강진군,병영면,성남리,6,2026-06-30
1278038027,전남광주통합특별시,강진군,병영면,한학리,7,2026-06-30
1278038028,전남광주통합특별시,강진군,병영면,상고리,8,2026-06-30
1278038029,전남광주통합특별시,강진군,병영면,중고리,9,2026-06-30
1278038030,전남광주통합특별시,강진군,병영면,하고리,10,2026-06-30
1278038031,전남광주통합특별시,강진군,병영면,도룡리,11,2026-06-30
1278038032,전남광주통합특별시,강진군,병영면,삭양리,12,2026-06-30
1278039000,전남광주통합특별시,강진군,옴천면,,10,2026-06-30
1278039021,전남광주통합특별시,강진군,옴천면,봉림리,1,2026-06-30
1278039022,전남광주통합특별시,강진군,옴천면,황막리,2,2026-06-30
1278039023,전남광주통합특별시,강진군,옴천면,영산리,3,2026-06-30
1278039024,전남광주통합특별시,강진군,옴천면,월곡리,4,2026-06-30
1278039025,전남광주통합특별시,강진군,옴천면,기좌리,5,2026-06-30
1278039026,전남광주통합특별시,강진군,옴천면,개산리,6,2026-06-30
1278039027,전남광주통합특별시,강진군,옴천면,정정리,7,2026-06-30
1278040000,전남광주통합특별시,강진군,마량면,,11,2026-06-30
1278040021,전남광주통합특별시,강진군,마량면,영동리,1,2026-06-30
1278040022,전남광주통합특별시,강진군,마량면,상흥리,2,2026-06-30
1278040023,전남광주통합특별시,강진군,마량면,원포리,3,2026-06-30
1278040024,전남광주통합특별시,강진군,마량면,마량리,4,2026-06-30
1278040025,전남광주통합특별시,강진군,마량면,수인리,5,2026-06-30
1279000000,전남광주통합특별시,해남군,,,14,2026-06-30
1279025000,전남광주통합특별시,해남군,해남읍,,1,2026-06-30
1279025021,전남광주통합특별시,해남군,해남읍,해리,1,2026-06-30
1279025022,전남광주통합특별시,해남군,해남읍,평동리,2,2026-06-30
1279025023,전남광주통합특별시,해남군,해남읍,읍내리,3,2026-06-30
1279025024,전남광주통합특별시,해남군,해남읍,고도리,4,2026-06-30
1279025025,전남광주통합특별시,해남군,해남읍,남외리,5,2026-06-30
1279025026,전남광주통합특별시,해남군,해남읍,성내리,6,2026-06-30
1279025027,전남광주통합특별시,해남군,해남읍,수성리,7,2026-06-30
1279025028,전남광주통합특별시,해남군,해남읍,신안리,8,2026-06-30
1279025029,전남광주통합특별시,해남군,해남읍,연동리,9,2026-06-30
1279025030,전남광주통합특별시,해남군,해남읍,안동리,10,2026-06-30
1279025031,전남광주통합특별시,해남군,해남읍,백야리,11,2026-06-30
1279025032,전남광주통합특별시,해남군,해남읍,내사리,12,2026-06-30
1279025033,전남광주통합특별시,해남군,해남읍,남동리,13,2026-06-30
1279025034,전남광주통합특별시,해남군,해남읍,남천리,14,2026-06-30
1279025035,전남광주통합특별시,해남군,해남읍,용정리,15,2026-06-30
1279025036,전남광주통합특별시,해남군,해남읍,구교리,16,2026-06-30
1279025037,전남광주통합특별시,해남군,해남읍,복평리,17,2026-06-30
1279025038,전남광주통합특별시,해남군,해남읍,부호리,18,2026-06-30
1279031000,전남광주통합특별시,해남군,삼산면,,2,2026-06-30
1279031021,전남광주통합특별시,해남군,삼산면,신흥리,1,2026-06-30
1279031022,전남광주통합특별시,해남군,삼산면,창리,2,2026-06-30
1279031023,전남광주통합특별시,해남군,삼산면,송정리,3,2026-06-30
1279031024,전남광주통합특별시,해남군,삼산면,봉학리,4,2026-06-30
1279031025,전남광주통합특별시,해남군,삼산면,원진리,5,2026-06-30
1279031026,전남광주통합특별시,해남군,삼산면,충리,6,2026-06-30
1279031027,전남광주통합특별시,해남군,삼산면,구림리,7,2026-06-30
1279031028,전남광주통합특별시,해남군,삼산면,평활리,8,2026-06-30
1279031029,전남광주통합특별시,해남군,삼산면,상가리,9,2026-06-30
1279032000,전남광주통합특별시,해남군,화산면,,3,2026-06-30
1279032021,전남광주통합특별시,해남군,화산면,해창리,1,2026-06-30
1279032022,전남광주통합특별시,해남군,화산면,금풍리,2,2026-06-30
1279032023,전남광주통합특별시,해남군,화산면,연곡리,3,2026-06-30
1279032024,전남광주통합특별시,해남군,화산면,율동리,4,2026-06-30
1279032025,전남광주통합특별시,해남군,화산면,가좌리,5,2026-06-30
1279032026,전남광주통합특별시,해남군,화산면,관동리,6,2026-06-30
1279032027,전남광주통합특별시,해남군,화산면,월호리,7,2026-06-30
1279032028,전남광주통합특별시,해남군,화산면,연정리,8,2026-06-30
1279032029,전남광주통합특별시,해남군,화산면,방축리,9,2026-06-30
1279032030,전남광주통합특별시,해남군,화산면,부길리,10,2026-06-30
1279032031,전남광주통합특별시,해남군,화산면,송산리,11,2026-06-30
1279032032,전남광주통합특별시,해남군,화산면,석호리,12,2026-06-30
1279032033,전남광주통합특별시,해남군,화산면,안호리,13,2026-06-30
1279032034,전남광주통합특별시,해남군,화산면,평호리,14,2026-06-30
1279032035,전남광주통합특별시,해남군,화산면,삼마리,15,2026-06-30
1279033000,전남광주통합특별시,해남군,현산면,,4,2026-06-30
1279033021,전남광주통합특별시,해남군,현산면,만안리,1,2026-06-30
1279033022,전남광주통합특별시,해남군,현산면,구시리,2,2026-06-30
1279033023,전남광주통합특별시,해남군,현산면,고현리,3,2026-06-30
1279033024,전남광주통합특별시,해남군,현산면,덕흥리,4,2026-06-30
1279033025,전남광주통합특별시,해남군,현산면,일평리,5,2026-06-30
1279033026,전남광주통합특별시,해남군,현산면,읍호리,6,2026-06-30
1279033027,전남광주통합특별시,해남군,현산면,백포리,7,2026-06-30
1279033028,전남광주통합특별시,해남군,현산면,초호리,8,2026-06-30
1279033029,전남광주통합특별시,해남군,현산면,황산리,9,2026-06-30
1279033030,전남광주통합특별시,해남군,현산면,구산리,10,2026-06-30
1279033031,전남광주통합특별시,해남군,현산면,조산리,11,2026-06-30
1279033032,전남광주통합특별시,해남군,현산면,월송리,12,2026-06-30
1279034000,전남광주통합특별시,해남군,송지면,,5,2026-06-30
1279034021,전남광주통합특별시,해남군,송지면,금강리,1,2026-06-30
1279034022,전남광주통합특별시,해남군,송지면,군곡리,2,2026-06-30
1279034023,전남광주통합특별시,해남군,송지면,가차리,3,2026-06-30
1279034024,전남광주통합특별시,해남군,송지면,학가리,4,2026-06-30
1279034025,전남광주통합특별시,해남군,송지면,우근리,5,2026-06-30
1279034026,전남광주통합특별시,해남군,송지면,미야리,6,2026-06-30
1279034027,전남광주통합특별시,해남군,송지면,산정리,7,2026-06-30
1279034028,전남광주통합특별시,해남군,송지면,어란리,8,2026-06-30
1279034029,전남광주통합특별시,해남군,송지면,소죽리,9,2026-06-30
1279034030,전남광주통합특별시,해남군,송지면,송호리,10,2026-06-30
1279034031,전남광주통합특별시,해남군,송지면,통호리,11,2026-06-30
1279034032,전남광주통합특별시,해남군,송지면,마봉리,12,2026-06-30
1279034033,전남광주통합특별시,해남군,송지면,해원리,13,2026-06-30
1279034034,전남광주통합특별시,해남군,송지면,서정리,14,2026-06-30
1279035000,전남광주통합특별시,해남군,북평면,,6,2026-06-30
1279035021,전남광주통합특별시,해남군,북평면,남창리,1,2026-06-30
1279035022,전남광주통합특별시,해남군,북평면,이진리,2,2026-06-30
1279035023,전남광주통합특별시,해남군,북평면,서홍리,3,2026-06-30
1279035024,전남광주통합특별시,해남군,북평면,평암리,4,2026-06-30
1279035025,전남광주통합특별시,해남군,북평면,영전리,5,2026-06-30
1279035026,전남광주통합특별시,해남군,북평면,오산리,6,2026-06-30
1279035027,전남광주통합특별시,해남군,북평면,동해리,7,2026-06-30
1279035028,전남광주통합특별시,해남군,북평면,와룡리,8,2026-06-30
1279036000,전남광주통합특별시,해남군,북일면,,7,2026-06-30
1279036021,전남광주통합특별시,해남군,북일면,만수리,1,2026-06-30
1279036022,전남광주통합특별시,해남군,북일면,금당리,2,2026-06-30
1279036023,전남광주통합특별시,해남군,북일면,신월리,3,2026-06-30
1279036024,전남광주통합특별시,해남군,북일면,흥촌리,4,2026-06-30
1279036025,전남광주통합특별시,해남군,북일면,운전리,5,2026-06-30
1279036026,전남광주통합특별시,해남군,북일면,용일리,6,2026-06-30
1279036027,전남광주통합특별시,해남군,북일면,방산리,7,2026-06-30
1279036028,전남광주통합특별시,해남군,북일면,내동리,8,2026-06-30
1279037000,전남광주통합특별시,해남군,옥천면,,8,2026-06-30
1279037021,전남광주통합특별시,해남군,옥천면,영춘리,1,2026-06-30
1279037022,전남광주통합특별시,해남군,옥천면,영신리,2,2026-06-30
1279037023,전남광주통합특별시,해남군,옥천면,신계리,3,2026-06-30
1279037024,전남광주통합특별시,해남군,옥천면,신죽리,4,2026-06-30
1279037025,전남광주통합특별시,해남군,옥천면,팔산리,5,2026-06-30
1279037026,전남광주통합특별시,해남군,옥천면,월평리,6,2026-06-30
1279037027,전남광주통합특별시,해남군,옥천면,용산리,7,2026-06-30
1279037028,전남광주통합특별시,해남군,옥천면,성산리,8,2026-06-30
1279037029,전남광주통합특별시,해남군,옥천면,흑천리,9,2026-06-30
1279037030,전남광주통합특별시,해남군,옥천면,청신리,10,2026-06-30
1279037031,전남광주통합특별시,해남군,옥천면,대산리,11,2026-06-30
1279037032,전남광주통합특별시,해남군,옥천면,백호리,12,2026-06-30
1279037033,전남광주통합특별시,해남군,옥천면,송산리,13,2026-06-30
1279037034,전남광주통합특별시,해남군,옥천면,용동리,14,2026-06-30
1279038000,전남광주통합특별시,해남군,계곡면,,9,2026-06-30
1279038021,전남광주통합특별시,해남군,계곡면,성진리,1,2026-06-30
1279038022,전남광주통합특별시,해남군,계곡면,법곡리,2,2026-06-30
1279038023,전남광주통합특별시,해남군,계곡면,강절리,3,2026-06-30
1279038024,전남광주통합특별시,해남군,계곡면,당산리,4,2026-06-30
1279038025,전남광주통합특별시,해남군,계곡면,장소리,5,2026-06-30
1279038026,전남광주통합특별시,해남군,계곡면,선진리,6,2026-06-30
1279038027,전남광주통합특별시,해남군,계곡면,반계리,7,2026-06-30
1279038028,전남광주통합특별시,해남군,계곡면,방춘리,8,2026-06-30
1279038029,전남광주통합특별시,해남군,계곡면,덕정리,9,2026-06-30
1279038030,전남광주통합특별시,해남군,계곡면,여수리,10,2026-06-30
1279038031,전남광주통합특별시,해남군,계곡면,사정리,11,2026-06-30
1279038032,전남광주통합특별시,해남군,계곡면,가학리,12,2026-06-30
1279038033,전남광주통합특별시,해남군,계곡면,잠두리,13,2026-06-30
1279038034,전남광주통합특별시,해남군,계곡면,신평리,14,2026-06-30
1279038035,전남광주통합특별시,해남군,계곡면,황죽리,15,2026-06-30
1279039000,전남광주통합특별시,해남군,마산면,,10,2026-06-30
1279039021,전남광주통합특별시,해남군,마산면,화내리,1,2026-06-30
1279039022,전남광주통합특별시,해남군,마산면,장촌리,2,2026-06-30
1279039023,전남광주통합특별시,해남군,마산면,맹진리,3,2026-06-30
1279039024,전남광주통합특별시,해남군,마산면,송석리,4,2026-06-30
1279039025,전남광주통합특별시,해남군,마산면,외호리,5,2026-06-30
1279039026,전남광주통합특별시,해남군,마산면,산막리,6,2026-06-30
1279039027,전남광주통합특별시,해남군,마산면,노하리,7,2026-06-30
1279039028,전남광주통합특별시,해남군,마산면,연구리,8,2026-06-30
1279039029,전남광주통합특별시,해남군,마산면,학의리,9,2026-06-30
1279039030,전남광주통합특별시,해남군,마산면,용전리,10,2026-06-30
1279039031,전남광주통합특별시,해남군,마산면,상등리,11,2026-06-30
1279040000,전남광주통합특별시,해남군,황산면,,11,2026-06-30
1279040021,전남광주통합특별시,해남군,황산면,일신리,1,2026-06-30
1279040022,전남광주통합특별시,해남군,황산면,원호리,2,2026-06-30
1279040023,전남광주통합특별시,해남군,황산면,연호리,3,2026-06-30
1279040024,전남광주통합특별시,해남군,황산면,송호리,4,2026-06-30
1279040025,전남광주통합특별시,해남군,황산면,우항리,5,2026-06-30
1279040026,전남광주통합특별시,해남군,황산면,호동리,6,2026-06-30
1279040027,전남광주통합특별시,해남군,황산면,한자리,7,2026-06-30
1279040028,전남광주통합특별시,해남군,황산면,남리리,8,2026-06-30
1279040029,전남광주통합특별시,해남군,황산면,연당리,9,2026-06-30
1279040030,전남광주통합특별시,해남군,황산면,외입리,10,2026-06-30
1279040031,전남광주통합특별시,해남군,황산면,부곡리,11,2026-06-30
1279040032,전남광주통합특별시,해남군,황산면,관춘리,12,2026-06-30
1279040033,전남광주통합특별시,해남군,황산면,옥동리,13,2026-06-30
1279041000,전남광주통합특별시,해남군,산이면,,12,2026-06-30
1279041021,전남광주통합특별시,해남군,산이면,노송리,1,2026-06-30
1279041022,전남광주통합특별시,해남군,산이면,금송리,2,2026-06-30
1279041023,전남광주통합특별시,해남군,산이면,덕호리,3,2026-06-30
1279041024,전남광주통합특별시,해남군,산이면,예정리,4,2026-06-30
1279041025,전남광주통합특별시,해남군,산이면,송천리,5,2026-06-30
1279041026,전남광주통합특별시,해남군,산이면,초송리,6,2026-06-30
1279041027,전남광주통합특별시,해남군,산이면,진산리,7,2026-06-30
1279041028,전남광주통합특별시,해남군,산이면,대진리,8,2026-06-30
1279041029,전남광주통합특별시,해남군,산이면,덕송리,9,2026-06-30
1279041030,전남광주통합특별시,해남군,산이면,구성리,10,2026-06-30
1279041031,전남광주통합특별시,해남군,산이면,상공리,11,2026-06-30
1279041032,전남광주통합특별시,해남군,산이면,부동리,12,2026-06-30
1279041033,전남광주통합특별시,해남군,산이면,금호리,13,2026-06-30
1279042000,전남광주통합특별시,해남군,문내면,,13,2026-06-30
1279042021,전남광주통합특별시,해남군,문내면,용암리,1,2026-06-30
1279042022,전남광주통합특별시,해남군,문내면,석교리,2,2026-06-30
1279042023,전남광주통합특별시,해남군,문내면,동외리,3,2026-06-30
1279042024,전남광주통합특별시,해남군,문내면,선두리,4,2026-06-30
1279042025,전남광주통합특별시,해남군,문내면,학동리,5,2026-06-30
1279042026,전남광주통합특별시,해남군,문내면,서상리,6,2026-06-30
1279042027,전남광주통합특별시,해남군,문내면,예락리,7,2026-06-30
1279042028,전남광주통합특별시,해남군,문내면,난대리,8,2026-06-30
1279042029,전남광주통합특별시,해남군,문내면,충평리,9,2026-06-30
1279042030,전남광주통합특별시,해남군,문내면,무고리,10,2026-06-30
1279042031,전남광주통합특별시,해남군,문내면,고당리,11,2026-06-30
1279042032,전남광주통합특별시,해남군,문내면,고평리,12,2026-06-30
1279043000,전남광주통합특별시,해남군,화원면,,14,2026-06-30
1279043021,전남광주통합특별시,해남군,화원면,청용리,1,2026-06-30
1279043022,전남광주통합특별시,해남군,화원면,금평리,2,2026-06-30
1279043023,전남광주통합특별시,해남군,화원면,신덕리,3,2026-06-30
1279043024,전남광주통합특별시,해남군,화원면,영호리,4,2026-06-30
1279043025,전남광주통합특별시,해남군,화원면,마산리,5,2026-06-30
1279043026,전남광주통합특별시,해남군,화원면,구림리,6,2026-06-30
1279043027,전남광주통합특별시,해남군,화원면,월호리,7,2026-06-30
1279043028,전남광주통합특별시,해남군,화원면,매월리,8,2026-06-30
1279043029,전남광주통합특별시,해남군,화원면,후산리,9,2026-06-30
1279043030,전남광주통합특별시,해남군,화원면,인지리,10,2026-06-30
1279043031,전남광주통합특별시,해남군,화원면,주광리,11,2026-06-30
1279043032,전남광주통합특별시,해남군,화원면,화봉리,12,2026-06-30
1279043033,전남광주통합특별시,해남군,화원면,산호리,13,2026-06-30
1279043034,전남광주통합특별시,해남군,화원면,장춘리,14,2026-06-30
1279043035,전남광주통합특별시,해남군,화원면,성산리,15,2026-06-30
1279043036,전남광주통합특별시,해남군,화원면,치하리,16,2026-06-30
1280000000,전남광주통합특별시,영암군,,,15,2026-06-30
1280025000,전남광주통합특별시,영암군,영암읍,,1,2026-06-30
1280025021,전남광주통합특별시,영암군,영암읍,회문리,1,2026-06-30
1280025022,전남광주통합특별시,영암군,영암읍,교동리,2,2026-06-30
1280025023,전남광주통합특별시,영암군,영암읍,서남리,3,2026-06-30
1280025024,전남광주통합특별시,영암군,영암읍,동무리,4,2026-06-30
1280025025,전남광주통합특별시,영암군,영암읍,남풍리,5,2026-06-30
1280025026,전남광주통합특별시,영암군,영암읍,역리,6,2026-06-30
1280025027,전남광주통합특별시,영암군,영암읍,춘양리,7,2026-06-30
1280025028,전남광주통합특별시,영암군,영암읍,용흥리,8,2026-06-30
1280025029,전남광주통합특별시,영암군,영암읍,개신리,9,2026-06-30
1280025030,전남광주통합특별시,영암군,영암읍,망호리,10,2026-06-30
1280025031,전남광주통합특별시,영암군,영암읍,송평리,11,2026-06-30
1280025032,전남광주통합특별시,영암군,영암읍,대신리,12,2026-06-30
1280025033,전남광주통합특별시,영암군,영암읍,장암리,13,2026-06-30
1280025034,전남광주통합특별시,영암군,영암읍,농덕리,14,2026-06-30
1280025035,전남광주통합특별시,영암군,영암읍,학송리,15,2026-06-30
1280025036,전남광주통합특별시,영암군,영암읍,한대리,16,2026-06-30
1280025300,전남광주통합특별시,영암군,삼호읍,,2,2026-06-30
1280025321,전남광주통합특별시,영암군,삼호읍,서창리,1,2026-06-30
1280025322,전남광주통합특별시,영암군,삼호읍,망산리,2,2026-06-30
1280025323,전남광주통합특별시,영암군,삼호읍,서호리,3,2026-06-30
1280025324,전남광주통합특별시,영암군,삼호읍,동호리,4,2026-06-30
1280025325,전남광주통합특별시,영암군,삼호읍,산호리,5,2026-06-30
1280025326,전남광주통합특별시,영암군,삼호읍,용앙리,6,2026-06-30
1280025327,전남광주통합특별시,영암군,삼호읍,난전리,7,2026-06-30
1280025328,전남광주통합특별시,영암군,삼호읍,삼포리,8,2026-06-30
1280025329,전남광주통합특별시,영암군,삼호읍,용당리,9,2026-06-30
1280025330,전남광주통합특별시,영암군,삼호읍,나불리,10,2026-06-30
1280031000,전남광주통합특별시,영암군,덕진면,,3,2026-06-30
1280031021,전남광주통합특별시,영암군,덕진면,노송리,1,2026-06-30
1280031022,전남광주통합특별시,영암군,덕진면,운암리,2,2026-06-30
1280031023,전남광주통합특별시,영암군,덕진면,영보리,3,2026-06-30
1280031024,전남광주통합특별시,영암군,덕진면,백계리,4,2026-06-30
1280031025,전남광주통합특별시,영암군,덕진면,영등리,5,2026-06-30
1280031026,전남광주통합특별시,영암군,덕진면,용산리,6,2026-06-30
1280031027,전남광주통합특별시,영암군,덕진면,덕진리,7,2026-06-30
1280031028,전남광주통합특별시,영암군,덕진면,금강리,8,2026-06-30
1280031029,전남광주통합특별시,영암군,덕진면,장선리,9,2026-06-30
1280032000,전남광주통합특별시,영암군,금정면,,4,2026-06-30
1280032021,전남광주통합특별시,영암군,금정면,연보리,1,2026-06-30
1280032022,전남광주통합특별시,영암군,금정면,아천리,2,2026-06-30
1280032023,전남광주통합특별시,영암군,금정면,월평리,3,2026-06-30
1280032024,전남광주통합특별시,영암군,금정면,용흥리,4,2026-06-30
1280032025,전남광주통합특별시,영암군,금정면,남송리,5,2026-06-30
1280032026,전남광주통합특별시,영암군,금정면,안노리,6,2026-06-30
1280032027,전남광주통합특별시,영암군,금정면,와운리,7,2026-06-30
1280032028,전남광주통합특별시,영암군,금정면,연소리,8,2026-06-30
1280032029,전남광주통합특별시,영암군,금정면,청용리,9,2026-06-30
1280032030,전남광주통합특별시,영암군,금정면,쌍효리,10,2026-06-30
1280032031,전남광주통합특별시,영암군,금정면,세류리,11,2026-06-30
1280033000,전남광주통합특별시,영암군,신북면,,5,2026-06-30
1280033021,전남광주통합특별시,영암군,신북면,모산리,1,2026-06-30
1280033022,전남광주통합특별시,영암군,신북면,금수리,2,2026-06-30
1280033023,전남광주통합특별시,영암군,신북면,유곡리,3,2026-06-30
1280033024,전남광주통합특별시,영암군,신북면,갈곡리,4,2026-06-30
1280033025,전남광주통합특별시,영암군,신북면,학동리,5,2026-06-30
1280033026,전남광주통합특별시,영암군,신북면,양계리,6,2026-06-30
1280033027,전남광주통합특별시,영암군,신북면,장산리,7,2026-06-30
1280033028,전남광주통합특별시,영암군,신북면,명동리,8,2026-06-30
1280033029,전남광주통합특별시,영암군,신북면,이천리,9,2026-06-30
1280033030,전남광주통합특별시,영암군,신북면,월평리,10,2026-06-30
1280033031,전남광주통합특별시,영암군,신북면,행정리,11,2026-06-30
1280033032,전남광주통합특별시,영암군,신북면,월지리,12,2026-06-30
1280033033,전남광주통합특별시,영암군,신북면,용산리,13,2026-06-30
1280034000,전남광주통합특별시,영암군,시종면,,6,2026-06-30
1280034021,전남광주통합특별시,영암군,시종면,와우리,1,2026-06-30
1280034022,전남광주통합특별시,영암군,시종면,구산리,2,2026-06-30
1280034023,전남광주통합특별시,영암군,시종면,봉소리,3,2026-06-30
1280034024,전남광주통합특별시,영암군,시종면,신학리,4,2026-06-30
1280034025,전남광주통합특별시,영암군,시종면,월송리,5,2026-06-30
1280034026,전남광주통합특별시,영암군,시종면,내동리,6,2026-06-30
1280034027,전남광주통합특별시,영암군,시종면,만수리,7,2026-06-30
1280034028,전남광주통합특별시,영암군,시종면,태간리,8,2026-06-30
1280034029,전남광주통합특별시,영암군,시종면,월롱리,9,2026-06-30
1280034030,전남광주통합특별시,영암군,시종면,월악리,10,2026-06-30
1280034031,전남광주통합특별시,영암군,시종면,금지리,11,2026-06-30
1280034032,전남광주통합특별시,영암군,시종면,신흥리,12,2026-06-30
1280034033,전남광주통합특별시,영암군,시종면,신연리,13,2026-06-30
1280034034,전남광주통합특별시,영암군,시종면,옥야리,14,2026-06-30
1280035000,전남광주통합특별시,영암군,도포면,,7,2026-06-30
1280035021,전남광주통합특별시,영암군,도포면,원항리,1,2026-06-30
1280035022,전남광주통합특별시,영암군,도포면,봉호리,2,2026-06-30
1280035023,전남광주통합특별시,영암군,도포면,덕화리,3,2026-06-30
1280035024,전남광주통합특별시,영암군,도포면,도포리,4,2026-06-30
1280035025,전남광주통합특별시,영암군,도포면,구학리,5,2026-06-30
1280035026,전남광주통합특별시,영암군,도포면,영호리,6,2026-06-30
1280035027,전남광주통합특별시,영암군,도포면,성산리,7,2026-06-30
1280035028,전남광주통합특별시,영암군,도포면,수산리,8,2026-06-30
1280036000,전남광주통합특별시,영암군,군서면,,8,2026-06-30
1280036021,전남광주통합특별시,영암군,군서면,해창리,1,2026-06-30
1280036022,전남광주통합특별시,영암군,군서면,마산리,2,2026-06-30
1280036023,전남광주통합특별시,영암군,군서면,성양리,3,2026-06-30
1280036024,전남광주통합특별시,영암군,군서면,동호리,4,2026-06-30
1280036025,전남광주통합특별시,영암군,군서면,양장리,5,2026-06-30
1280036026,전남광주통합특별시,영암군,군서면,모정리,6,2026-06-30
1280036027,전남광주통합특별시,영암군,군서면,서구림리,7,2026-06-30
1280036028,전남광주통합특별시,영암군,군서면,동구림리,8,2026-06-30
1280036029,전남광주통합특별시,영암군,군서면,도갑리,9,2026-06-30
1280036030,전남광주통합특별시,영암군,군서면,월곡리,10,2026-06-30
1280036031,전남광주통합특별시,영암군,군서면,도장리,11,2026-06-30
1280037000,전남광주통합특별시,영암군,서호면,,9,2026-06-30
1280037021,전남광주통합특별시,영암군,서호면,몽해리,1,2026-06-30
1280037022,전남광주통합특별시,영암군,서호면,화송리,2,2026-06-30
1280037023,전남광주통합특별시,영암군,서호면,청용리,3,2026-06-30
1280037024,전남광주통합특별시,영암군,서호면,엄길리,4,2026-06-30
1280037025,전남광주통합특별시,영암군,서호면,장천리,5,2026-06-30
1280037026,전남광주통합특별시,영암군,서호면,쌍풍리,6,2026-06-30
1280037027,전남광주통합특별시,영암군,서호면,소산리,7,2026-06-30
1280037028,전남광주통합특별시,영암군,서호면,성재리,8,2026-06-30
1280037029,전남광주통합특별시,영암군,서호면,금강리,9,2026-06-30
1280037030,전남광주통합특별시,영암군,서호면,태백리,10,2026-06-30
1280038000,전남광주통합특별시,영암군,학산면,,10,2026-06-30
1280038021,전남광주통합특별시,영암군,학산면,묵동리,1,2026-06-30
1280038022,전남광주통합특별시,영암군,학산면,상월리,2,2026-06-30
1280038023,전남광주통합특별시,영암군,학산면,용산리,3,2026-06-30
1280038024,전남광주통합특별시,영암군,학산면,학계리,4,2026-06-30
1280038025,전남광주통합특별시,영암군,학산면,용소리,5,2026-06-30
1280038026,전남광주통합특별시,영암군,학산면,금계리,6,2026-06-30
1280038027,전남광주통합특별시,영암군,학산면,독천리,7,2026-06-30
1280038028,전남광주통합특별시,영암군,학산면,신덕리,8,2026-06-30
1280038029,전남광주통합특별시,영암군,학산면,은곡리,9,2026-06-30
1280038030,전남광주통합특별시,영암군,학산면,매월리,10,2026-06-30
1280039000,전남광주통합특별시,영암군,미암면,,11,2026-06-30
1280039021,전남광주통합특별시,영암군,미암면,두억리,1,2026-06-30
1280039022,전남광주통합특별시,영암군,미암면,미암리,2,2026-06-30
1280039023,전남광주통합특별시,영암군,미암면,선황리,3,2026-06-30
1280039024,전남광주통합특별시,영암군,미암면,남산리,4,2026-06-30
1280039025,전남광주통합특별시,영암군,미암면,춘동리,5,2026-06-30
1280039026,전남광주통합특별시,영암군,미암면,채지리,6,2026-06-30
1280039027,전남광주통합특별시,영암군,미암면,신한리,7,2026-06-30
1280039028,전남광주통합특별시,영암군,미암면,신포리,8,2026-06-30
1280039029,전남광주통합특별시,영암군,미암면,호포리,9,2026-06-30
1281000000,전남광주통합특별시,무안군,,,16,2026-06-30
1281025000,전남광주통합특별시,무안군,무안읍,,1,2026-06-30
1281025021,전남광주통합특별시,무안군,무안읍,성내리,1,2026-06-30
1281025022,전남광주통합특별시,무안군,무안읍,성동리,2,2026-06-30
1281025023,전남광주통합특별시,무안군,무안읍,성남리,3,2026-06-30
1281025024,전남광주통합특별시,무안군,무안읍,교촌리,4,2026-06-30
1281025025,전남광주통합특별시,무안군,무안읍,용월리,5,2026-06-30
1281025026,전남광주통합특별시,무안군,무안읍,고절리,6,2026-06-30
1281025027,전남광주통합특별시,무안군,무안읍,매곡리,7,2026-06-30
1281025028,전남광주통합특별시,무안군,무안읍,성암리,8,2026-06-30
1281025029,전남광주통합특별시,무안군,무안읍,평용리,9,2026-06-30
1281025030,전남광주통합특별시,무안군,무안읍,신학리,10,2026-06-30
1281025300,전남광주통합특별시,무안군,일로읍,,2,2026-06-30
1281025321,전남광주통합특별시,무안군,일로읍,청호리,1,2026-06-30
1281025322,전남광주통합특별시,무안군,일로읍,망월리,2,2026-06-30
1281025323,전남광주통합특별시,무안군,일로읍,죽산리,3,2026-06-30
1281025324,전남광주통합특별시,무안군,일로읍,구정리,4,2026-06-30
1281025325,전남광주통합특별시,무안군,일로읍,의산리,5,2026-06-30
1281025326,전남광주통합특별시,무안군,일로읍,월암리,6,2026-06-30
1281025327,전남광주통합특별시,무안군,일로읍,용산리,7,2026-06-30
1281025328,전남광주통합특별시,무안군,일로읍,산정리,8,2026-06-30
1281025329,전남광주통합특별시,무안군,일로읍,광암리,9,2026-06-30
1281025330,전남광주통합특별시,무안군,일로읍,상신기리,10,2026-06-30
1281025331,전남광주통합특별시,무안군,일로읍,복룡리,11,2026-06-30
1281025332,전남광주통합특별시,무안군,일로읍,지장리,12,2026-06-30
1281025333,전남광주통합특별시,무안군,일로읍,감돈리,13,2026-06-30
1281025335,전남광주통합특별시,무안군,일로읍,오룡리,14,2026-06-30
1281025600,전남광주통합특별시,무안군,삼향읍,,,2026-06-30
1281025621,전남광주통합특별시,무안군,삼향읍,임성리,1,2026-06-30
1281025622,전남광주통합특별시,무안군,삼향읍,남악리,2,2026-06-30
1281025623,전남광주통합특별시,무안군,삼향읍,용포리,3,2026-06-30
1281025624,전남광주통합특별시,무안군,삼향읍,맥포리,4,2026-06-30
1281025625,전남광주통합특별시,무안군,삼향읍,유교리,5,2026-06-30
1281025626,전남광주통합특별시,무안군,삼향읍,왕산리,6,2026-06-30
1281025627,전남광주통합특별시,무안군,삼향읍,지산리,7,2026-06-30
1281032000,전남광주통합특별시,무안군,몽탄면,,4,2026-06-30
1281032021,전남광주통합특별시,무안군,몽탄면,달산리,1,2026-06-30
1281032022,전남광주통합특별시,무안군,몽탄면,봉명리,2,2026-06-30
1281032023,전남광주통합특별시,무안군,몽탄면,양장리,3,2026-06-30
1281032024,전남광주통합특별시,무안군,몽탄면,청용리,4,2026-06-30
1281032025,전남광주통합특별시,무안군,몽탄면,당호리,5,2026-06-30
1281032026,전남광주통합특별시,무안군,몽탄면,명산리,6,2026-06-30
1281032027,전남광주통합특별시,무안군,몽탄면,몽강리,7,2026-06-30
1281032028,전남광주통합특별시,무안군,몽탄면,약곡리,8,2026-06-30
1281032029,전남광주통합특별시,무안군,몽탄면,귀학리,9,2026-06-30
1281032030,전남광주통합특별시,무안군,몽탄면,사천리,10,2026-06-30
1281032031,전남광주통합특별시,무안군,몽탄면,구산리,11,2026-06-30
1281032032,전남광주통합특별시,무안군,몽탄면,이산리,12,2026-06-30
1281032033,전남광주통합특별시,무안군,몽탄면,내리,13,2026-06-30
1281032034,전남광주통합특별시,무안군,몽탄면,대치리,14,2026-06-30
1281032035,전남광주통합특별시,무안군,몽탄면,학산리,15,2026-06-30
1281032036,전남광주통합특별시,무안군,몽탄면,다산리,16,2026-06-30
1281032037,전남광주통합특별시,무안군,몽탄면,사창리,17,2026-06-30
1281032038,전남광주통합특별시,무안군,몽탄면,봉산리,18,2026-06-30
1281033000,전남광주통합특별시,무안군,청계면,,5,2026-06-30
1281033021,전남광주통합특별시,무안군,청계면,월선리,1,2026-06-30
1281033022,전남광주통합특별시,무안군,청계면,청계리,2,2026-06-30
1281033023,전남광주통합특별시,무안군,청계면,도림리,3,2026-06-30
1281033024,전남광주통합특별시,무안군,청계면,남성리,4,2026-06-30
1281033025,전남광주통합특별시,무안군,청계면,복길리,5,2026-06-30
1281033026,전남광주통합특별시,무안군,청계면,구로리,6,2026-06-30
1281033027,전남광주통합특별시,무안군,청계면,상마리,7,2026-06-30
1281033028,전남광주통합특별시,무안군,청계면,복룡리,8,2026-06-30
1281033029,전남광주통합특별시,무안군,청계면,강정리,9,2026-06-30
1281033030,전남광주통합특별시,무안군,청계면,도대리,10,2026-06-30
1281033031,전남광주통합특별시,무안군,청계면,서호리,11,2026-06-30
1281033032,전남광주통합특별시,무안군,청계면,송현리,12,2026-06-30
1281033033,전남광주통합특별시,무안군,청계면,청수리,13,2026-06-30
1281033034,전남광주통합특별시,무안군,청계면,태봉리,14,2026-06-30
1281033035,전남광주통합특별시,무안군,청계면,남안리,15,2026-06-30
1281033036,전남광주통합특별시,무안군,청계면,사마리,16,2026-06-30
1281033037,전남광주통합특별시,무안군,청계면,청천리,17,2026-06-30
1281034000,전남광주통합특별시,무안군,현경면,,6,2026-06-30
1281034021,전남광주통합특별시,무안군,현경면,양학리,1,2026-06-30
1281034022,전남광주통합특별시,무안군,현경면,동산리,2,2026-06-30
1281034023,전남광주통합특별시,무안군,현경면,평산리,3,2026-06-30
1281034024,전남광주통합특별시,무안군,현경면,외반리,4,2026-06-30
1281034025,전남광주통합특별시,무안군,현경면,현화리,5,2026-06-30
1281034026,전남광주통합특별시,무안군,현경면,해운리,6,2026-06-30
1281034027,전남광주통합특별시,무안군,현경면,송정리,7,2026-06-30
1281034028,전남광주통합특별시,무안군,현경면,수양리,8,2026-06-30
1281034029,전남광주통합특별시,무안군,현경면,용정리,9,2026-06-30
1281034030,전남광주통합특별시,무안군,현경면,오류리,10,2026-06-30
1281034031,전남광주통합특별시,무안군,현경면,마산리,11,2026-06-30
1281034032,전남광주통합특별시,무안군,현경면,가입리,12,2026-06-30
1281035000,전남광주통합특별시,무안군,망운면,,7,2026-06-30
1281035021,전남광주통합특별시,무안군,망운면,목동리,1,2026-06-30
1281035022,전남광주통합특별시,무안군,망운면,목서리,2,2026-06-30
1281035023,전남광주통합특별시,무안군,망운면,피서리,3,2026-06-30
1281035024,전남광주통합특별시,무안군,망운면,송현리,4,2026-06-30
1281035025,전남광주통합특별시,무안군,망운면,탄도리,5,2026-06-30
1281036000,전남광주통합특별시,무안군,해제면,,8,2026-06-30
1281036021,전남광주통합특별시,무안군,해제면,유월리,1,2026-06-30
1281036022,전남광주통합특별시,무안군,해제면,용학리,2,2026-06-30
1281036023,전남광주통합특별시,무안군,해제면,만풍리,3,2026-06-30
1281036024,전남광주통합특별시,무안군,해제면,송석리,4,2026-06-30
1281036025,전남광주통합특별시,무안군,해제면,양매리,5,2026-06-30
1281036026,전남광주통합특별시,무안군,해제면,신정리,6,2026-06-30
1281036027,전남광주통합특별시,무안군,해제면,덕산리,7,2026-06-30
1281036028,전남광주통합특별시,무안군,해제면,대사리,8,2026-06-30
1281036029,전남광주통합특별시,무안군,해제면,학송리,9,2026-06-30
1281036030,전남광주통합특별시,무안군,해제면,석룡리,10,2026-06-30
1281036031,전남광주통합특별시,무안군,해제면,임수리,11,2026-06-30
1281036032,전남광주통합특별시,무안군,해제면,광산리,12,2026-06-30
1281036033,전남광주통합특별시,무안군,해제면,산길리,13,2026-06-30
1281036034,전남광주통합특별시,무안군,해제면,천장리,14,2026-06-30
1281036035,전남광주통합특별시,무안군,해제면,창매리,15,2026-06-30
1281036036,전남광주통합특별시,무안군,해제면,양월리,16,2026-06-30
1281037000,전남광주통합특별시,무안군,운남면,,9,2026-06-30
1281037021,전남광주통합특별시,무안군,운남면,하묘리,1,2026-06-30
1281037022,전남광주통합특별시,무안군,운남면,동암리,2,2026-06-30
1281037023,전남광주통합특별시,무안군,운남면,연리,3,2026-06-30
1281037024,전남광주통합특별시,무안군,운남면,내리,4,2026-06-30
1281037025,전남광주통합특별시,무안군,운남면,성내리,5,2026-06-30
1282000000,전남광주통합특별시,함평군,,,17,2026-06-30
1282025000,전남광주통합특별시,함평군,함평읍,,1,2026-06-30
1282025021,전남광주통합특별시,함평군,함평읍,함평리,1,2026-06-30
1282025022,전남광주통합특별시,함평군,함평읍,기각리,2,2026-06-30
1282025023,전남광주통합특별시,함평군,함평읍,내교리,3,2026-06-30
1282025024,전남광주통합특별시,함평군,함평읍,수호리,4,2026-06-30
1282025025,전남광주통합특별시,함평군,함평읍,성남리,5,2026-06-30
1282025026,전남광주통합특별시,함평군,함평읍,자풍리,6,2026-06-30
1282025027,전남광주통합특별시,함평군,함평읍,만흥리,7,2026-06-30
1282025028,전남광주통합특별시,함평군,함평읍,장교리,8,2026-06-30
1282025029,전남광주통합특별시,함평군,함평읍,옥산리,9,2026-06-30
1282025030,전남광주통합특별시,함평군,함평읍,가동리,10,2026-06-30
1282025031,전남광주통합특별시,함평군,함평읍,석성리,11,2026-06-30
1282025032,전남광주통합특별시,함평군,함평읍,장년리,12,2026-06-30
1282025033,전남광주통합특별시,함평군,함평읍,진양리,13,2026-06-30
1282025034,전남광주통합특별시,함평군,함평읍,대덕리,14,2026-06-30
1282031000,전남광주통합특별시,함평군,손불면,,2,2026-06-30
1282031021,전남광주통합특별시,함평군,손불면,학산리,1,2026-06-30
1282031022,전남광주통합특별시,함평군,손불면,양재리,2,2026-06-30
1282031023,전남광주통합특별시,함평군,손불면,북성리,3,2026-06-30
1282031024,전남광주통합특별시,함평군,손불면,월천리,4,2026-06-30
1282031025,전남광주통합특별시,함평군,손불면,대전리,5,2026-06-30
1282031026,전남광주통합특별시,함평군,손불면,동암리,6,2026-06-30
1282031027,전남광주통합특별시,함평군,손불면,죽장리,7,2026-06-30
1282031028,전남광주통합특별시,함평군,손불면,죽암리,8,2026-06-30
1282031029,전남광주통합특별시,함평군,손불면,궁산리,9,2026-06-30
1282031030,전남광주통합특별시,함평군,손불면,석창리,10,2026-06-30
1282031031,전남광주통합특별시,함평군,손불면,산남리,11,2026-06-30
1282032000,전남광주통합특별시,함평군,신광면,,3,2026-06-30
1282032021,전남광주통합특별시,함평군,신광면,보여리,1,2026-06-30
1282032022,전남광주통합특별시,함평군,신광면,송사리,2,2026-06-30
1282032023,전남광주통합특별시,함평군,신광면,동정리,3,2026-06-30
1282032024,전남광주통합특별시,함평군,신광면,함정리,4,2026-06-30
1282032025,전남광주통합특별시,함평군,신광면,원산리,5,2026-06-30
1282032026,전남광주통합특별시,함평군,신광면,삼덕리,6,2026-06-30
1282032027,전남광주통합특별시,함평군,신광면,백운리,7,2026-06-30
1282032028,전남광주통합특별시,함평군,신광면,복흥리,8,2026-06-30
1282032029,전남광주통합특별시,함평군,신광면,계천리,9,2026-06-30
1282032030,전남광주통합특별시,함평군,신광면,월암리,10,2026-06-30
1282032031,전남광주통합특별시,함평군,신광면,가덕리,11,2026-06-30
1282032032,전남광주통합특별시,함평군,신광면,유천리,12,2026-06-30
1282033000,전남광주통합특별시,함평군,학교면,,4,2026-06-30
1282033021,전남광주통합특별시,함평군,학교면,복천리,1,2026-06-30
1282033022,전남광주통합특별시,함평군,학교면,고막리,2,2026-06-30
1282033023,전남광주통합특별시,함평군,학교면,금송리,3,2026-06-30
1282033024,전남광주통합특별시,함평군,학교면,월호리,4,2026-06-30
1282033025,전남광주통합특별시,함평군,학교면,곡창리,5,2026-06-30
1282033026,전남광주통합특별시,함평군,학교면,학교리,6,2026-06-30
1282033027,전남광주통합특별시,함평군,학교면,사거리,7,2026-06-30
1282033028,전남광주통합특별시,함평군,학교면,월산리,8,2026-06-30
1282033029,전남광주통합특별시,함평군,학교면,죽정리,9,2026-06-30
1282033030,전남광주통합특별시,함평군,학교면,마산리,10,2026-06-30
1282033031,전남광주통합특별시,함평군,학교면,석정리,11,2026-06-30
1282034000,전남광주통합특별시,함평군,엄다면,,5,2026-06-30
1282034021,전남광주통합특별시,함평군,엄다면,엄다리,1,2026-06-30
1282034022,전남광주통합특별시,함평군,엄다면,송로리,2,2026-06-30
1282034023,전남광주통합특별시,함평군,엄다면,신계리,3,2026-06-30
1282034024,전남광주통합특별시,함평군,엄다면,삼정리,4,2026-06-30
1282034025,전남광주통합특별시,함평군,엄다면,영흥리,5,2026-06-30
1282034026,전남광주통합특별시,함평군,엄다면,학야리,6,2026-06-30
1282034027,전남광주통합특별시,함평군,엄다면,성천리,7,2026-06-30
1282034028,전남광주통합특별시,함평군,엄다면,화양리,8,2026-06-30
1282035000,전남광주통합특별시,함평군,대동면,,6,2026-06-30
1282035021,전남광주통합특별시,함평군,대동면,상옥리,1,2026-06-30
1282035022,전남광주통합특별시,함평군,대동면,금곡리,2,2026-06-30
1282035023,전남광주통합특별시,함평군,대동면,백호리,3,2026-06-30
1282035024,전남광주통합특별시,함평군,대동면,월송리,4,2026-06-30
1282035025,전남광주통합특별시,함평군,대동면,강운리,5,2026-06-30
1282035026,전남광주통합특별시,함평군,대동면,향교리,6,2026-06-30
1282035027,전남광주통합특별시,함평군,대동면,덕산리,7,2026-06-30
1282035028,전남광주통합특별시,함평군,대동면,용성리,8,2026-06-30
1282035029,전남광주통합특별시,함평군,대동면,운교리,9,2026-06-30
1282035030,전남광주통합특별시,함평군,대동면,금산리,10,2026-06-30
1282035031,전남광주통합특별시,함평군,대동면,서호리,11,2026-06-30
1282035032,전남광주통합특별시,함평군,대동면,연암리,12,2026-06-30
1282036000,전남광주통합특별시,함평군,나산면,,7,2026-06-30
1282036021,전남광주통합특별시,함평군,나산면,삼축리,1,2026-06-30
1282036022,전남광주통합특별시,함평군,나산면,수하리,2,2026-06-30
1282036023,전남광주통합특별시,함평군,나산면,나산리,3,2026-06-30
1282036024,전남광주통합특별시,함평군,나산면,신평리,4,2026-06-30
1282036025,전남광주통합특별시,함평군,나산면,송암리,5,2026-06-30
1282036026,전남광주통합특별시,함평군,나산면,이문리,6,2026-06-30
1282036027,전남광주통합특별시,함평군,나산면,수상리,7,2026-06-30
1282036028,전남광주통합특별시,함평군,나산면,용두리,8,2026-06-30
1282036029,전남광주통합특별시,함평군,나산면,우치리,9,2026-06-30
1282036030,전남광주통합특별시,함평군,나산면,초포리,10,2026-06-30
1282036031,전남광주통합특별시,함평군,나산면,월봉리,11,2026-06-30
1282036032,전남광주통합특별시,함평군,나산면,원선리,12,2026-06-30
1282036033,전남광주통합특별시,함평군,나산면,구산리,13,2026-06-30
1282036034,전남광주통합특별시,함평군,나산면,덕림리,14,2026-06-30
1282037000,전남광주통합특별시,함평군,해보면,,8,2026-06-30
1282037021,전남광주통합특별시,함평군,해보면,상곡리,1,2026-06-30
1282037022,전남광주통합특별시,함평군,해보면,대창리,2,2026-06-30
1282037023,전남광주통합특별시,함평군,해보면,용산리,3,2026-06-30
1282037024,전남광주통합특별시,함평군,해보면,문장리,4,2026-06-30
1282037025,전남광주통합특별시,함평군,해보면,금덕리,5,2026-06-30
1282037026,전남광주통합특별시,함평군,해보면,해보리,6,2026-06-30
1282037027,전남광주통합특별시,함평군,해보면,금계리,7,2026-06-30
1282037028,전남광주통합특별시,함평군,해보면,산내리,8,2026-06-30
1282037029,전남광주통합특별시,함평군,해보면,광암리,9,2026-06-30
1282037030,전남광주통합특별시,함평군,해보면,대각리,10,2026-06-30
1282038000,전남광주통합특별시,함평군,월야면,,9,2026-06-30
1282038021,전남광주통합특별시,함평군,월야면,용월리,1,2026-06-30
1282038022,전남광주통합특별시,함평군,월야면,양정리,2,2026-06-30
1282038023,전남광주통합특별시,함평군,월야면,영월리,3,2026-06-30
1282038024,전남광주통합특별시,함평군,월야면,외치리,4,2026-06-30
1282038025,전남광주통합특별시,함평군,월야면,월야리,5,2026-06-30
1282038026,전남광주통합특별시,함평군,월야면,월악리,6,2026-06-30
1282038027,전남광주통합특별시,함평군,월야면,계림리,7,2026-06-30
1282038028,전남광주통합특별시,함평군,월야면,예덕리,8,2026-06-30
1282038029,전남광주통합특별시,함평군,월야면,정산리,9,2026-06-30
1282038030,전남광주통합특별시,함평군,월야면,용암리,10,2026-06-30
1282038031,전남광주통합특별시,함평군,월야면,용정리,11,2026-06-30
1282038032,전남광주통합특별시,함평군,월야면,월계리,12,2026-06-30
1283000000,전남광주통합특별시,영광군,,,18,2026-06-30
1283025000,전남광주통합특별시,영광군,영광읍,,1,2026-06-30
1283025021,전남광주통합특별시,영광군,영광읍,무령리,1,2026-06-30
1283025022,전남광주통합특별시,영광군,영광읍,백학리,2,2026-06-30
1283025023,전남광주통합특별시,영광군,영광읍,남천리,3,2026-06-30
1283025024,전남광주통합특별시,영광군,영광읍,도동리,4,2026-06-30
1283025025,전남광주통합특별시,영광군,영광읍,교촌리,5,2026-06-30
1283025026,전남광주통합특별시,영광군,영광읍,연성리,6,2026-06-30
1283025027,전남광주통합특별시,영광군,영광읍,월평리,7,2026-06-30
1283025028,전남광주통합특별시,영광군,영광읍,단주리,8,2026-06-30
1283025029,전남광주통합특별시,영광군,영광읍,덕호리,9,2026-06-30
1283025030,전남광주통합특별시,영광군,영광읍,신월리,10,2026-06-30
1283025031,전남광주통합특별시,영광군,영광읍,양평리,11,2026-06-30
1283025032,전남광주통합특별시,영광군,영광읍,와룡리,12,2026-06-30
1283025033,전남광주통합특별시,영광군,영광읍,계송리,13,2026-06-30
1283025034,전남광주통합특별시,영광군,영광읍,입석리,14,2026-06-30
1283025035,전남광주통합특별시,영광군,영광읍,우평리,15,2026-06-30
1283025036,전남광주통합특별시,영광군,영광읍,녹사리,16,2026-06-30
1283025037,전남광주통합특별시,영광군,영광읍,학정리,17,2026-06-30
1283025038,전남광주통합특별시,영광군,영광읍,송림리,18,2026-06-30
1283025039,전남광주통합특별시,영광군,영광읍,신하리,19,2026-06-30
1283025300,전남광주통합특별시,영광군,백수읍,,2,2026-06-30
1283025321,전남광주통합특별시,영광군,백수읍,대신리,1,2026-06-30
1283025322,전남광주통합특별시,영광군,백수읍,길용리,2,2026-06-30
1283025323,전남광주통합특별시,영광군,백수읍,천정리,3,2026-06-30
1283025324,전남광주통합특별시,영광군,백수읍,장산리,4,2026-06-30
1283025325,전남광주통합특별시,영광군,백수읍,논산리,5,2026-06-30
1283025326,전남광주통합특별시,영광군,백수읍,학산리,6,2026-06-30
1283025327,전남광주통합특별시,영광군,백수읍,죽사리,7,2026-06-30
1283025328,전남광주통합특별시,영광군,백수읍,천마리,8,2026-06-30
1283025329,전남광주통합특별시,영광군,백수읍,양성리,9,2026-06-30
1283025330,전남광주통합특별시,영광군,백수읍,대전리,10,2026-06-30
1283025331,전남광주통합특별시,영광군,백수읍,지산리,11,2026-06-30
1283025332,전남광주통합특별시,영광군,백수읍,약수리,12,2026-06-30
1283025333,전남광주통합특별시,영광군,백수읍,홍곡리,13,2026-06-30
1283025334,전남광주통합특별시,영광군,백수읍,백암리,14,2026-06-30
1283025335,전남광주통합특별시,영광군,백수읍,상사리,15,2026-06-30
1283025336,전남광주통합특별시,영광군,백수읍,하사리,16,2026-06-30
1283025337,전남광주통합특별시,영광군,백수읍,구수리,17,2026-06-30
1283025600,전남광주통합특별시,영광군,홍농읍,,3,2026-06-30
1283025621,전남광주통합특별시,영광군,홍농읍,상하리,1,2026-06-30
1283025622,전남광주통합특별시,영광군,홍농읍,칠곡리,2,2026-06-30
1283025623,전남광주통합특별시,영광군,홍농읍,계마리,3,2026-06-30
1283025624,전남광주통합특별시,영광군,홍농읍,성산리,4,2026-06-30
1283025625,전남광주통합특별시,영광군,홍농읍,진덕리,5,2026-06-30
1283025626,전남광주통합특별시,영광군,홍농읍,월암리,6,2026-06-30
1283025627,전남광주통합특별시,영광군,홍농읍,가곡리,7,2026-06-30
1283025628,전남광주통합특별시,영광군,홍농읍,단덕리,8,2026-06-30
1283025629,전남광주통합특별시,영광군,홍농읍,신석리,9,2026-06-30
1283031000,전남광주통합특별시,영광군,대마면,,4,2026-06-30
1283031021,전남광주통합특별시,영광군,대마면,월산리,1,2026-06-30
1283031022,전남광주통합특별시,영광군,대마면,남산리,2,2026-06-30
1283031023,전남광주통합특별시,영광군,대마면,송죽리,3,2026-06-30
1283031024,전남광주통합특별시,영광군,대마면,화평리,4,2026-06-30
1283031025,전남광주통합특별시,영광군,대마면,원흥리,5,2026-06-30
1283031026,전남광주통합특별시,영광군,대마면,홍교리,6,2026-06-30
1283031027,전남광주통합특별시,영광군,대마면,성산리,7,2026-06-30
1283031028,전남광주통합특별시,영광군,대마면,복평리,8,2026-06-30
1283032000,전남광주통합특별시,영광군,묘량면,,5,2026-06-30
1283032021,전남광주통합특별시,영광군,묘량면,덕흥리,1,2026-06-30
1283032022,전남광주통합특별시,영광군,묘량면,영양리,2,2026-06-30
1283032023,전남광주통합특별시,영광군,묘량면,운당리,3,2026-06-30
1283032024,전남광주통합특별시,영광군,묘량면,삼효리,4,2026-06-30
1283032025,전남광주통합특별시,영광군,묘량면,신천리,5,2026-06-30
1283032026,전남광주통합특별시,영광군,묘량면,삼학리,6,2026-06-30
1283032027,전남광주통합특별시,영광군,묘량면,월암리,7,2026-06-30
1283032028,전남광주통합특별시,영광군,묘량면,연암리,8,2026-06-30
1283033000,전남광주통합특별시,영광군,불갑면,,6,2026-06-30
1283033021,전남광주통합특별시,영광군,불갑면,순용리,1,2026-06-30
1283033022,전남광주통합특별시,영광군,불갑면,녹산리,2,2026-06-30
1283033023,전남광주통합특별시,영광군,불갑면,금계리,3,2026-06-30
1283033024,전남광주통합특별시,영광군,불갑면,방마리,4,2026-06-30
1283033025,전남광주통합특별시,영광군,불갑면,자비리,5,2026-06-30
1283033026,전남광주통합특별시,영광군,불갑면,모악리,6,2026-06-30
1283033027,전남광주통합특별시,영광군,불갑면,안맹리,7,2026-06-30
1283033028,전남광주통합특별시,영광군,불갑면,쌍운리,8,2026-06-30
1283033029,전남광주통합특별시,영광군,불갑면,건무리,9,2026-06-30
1283033030,전남광주통합특별시,영광군,불갑면,부춘리,10,2026-06-30
1283033031,전남광주통합특별시,영광군,불갑면,응봉리,11,2026-06-30
1283033032,전남광주통합특별시,영광군,불갑면,우곡리,12,2026-06-30
1283033033,전남광주통합특별시,영광군,불갑면,생곡리,13,2026-06-30
1283034000,전남광주통합특별시,영광군,군서면,,7,2026-06-30
1283034021,전남광주통합특별시,영광군,군서면,보라리,1,2026-06-30
1283034022,전남광주통합특별시,영광군,군서면,남죽리,2,2026-06-30
1283034023,전남광주통합특별시,영광군,군서면,마읍리,3,2026-06-30
1283034024,전남광주통합특별시,영광군,군서면,만금리,4,2026-06-30
1283034025,전남광주통합특별시,영광군,군서면,송학리,5,2026-06-30
1283034026,전남광주통합특별시,영광군,군서면,가사리,6,2026-06-30
1283034027,전남광주통합특별시,영광군,군서면,매산리,7,2026-06-30
1283034028,전남광주통합특별시,영광군,군서면,덕산리,8,2026-06-30
1283034029,전남광주통합특별시,영광군,군서면,남계리,9,2026-06-30
1283034030,전남광주통합특별시,영광군,군서면,만곡리,10,2026-06-30
1283035000,전남광주통합특별시,영광군,군남면,,8,2026-06-30
1283035021,전남광주통합특별시,영광군,군남면,포천리,1,2026-06-30
1283035022,전남광주통합특별시,영광군,군남면,동간리,2,2026-06-30
1283035023,전남광주통합특별시,영광군,군남면,도장리,3,2026-06-30
1283035024,전남광주통합특별시,영광군,군남면,백양리,4,2026-06-30
1283035025,전남광주통합특별시,영광군,군남면,동월리,5,2026-06-30
1283035026,전남광주통합특별시,영광군,군남면,설매리,6,2026-06-30
1283035027,전남광주통합특별시,영광군,군남면,양덕리,7,2026-06-30
1283035028,전남광주통합특별시,영광군,군남면,대덕리,8,2026-06-30
1283035029,전남광주통합특별시,영광군,군남면,용암리,9,2026-06-30
1283035030,전남광주통합특별시,영광군,군남면,남창리,10,2026-06-30
1283035031,전남광주통합특별시,영광군,군남면,월흥리,11,2026-06-30
1283035032,전남광주통합특별시,영광군,군남면,반안리,12,2026-06-30
1283036000,전남광주통합특별시,영광군,염산면,,9,2026-06-30
1283036021,전남광주통합특별시,영광군,염산면,축동리,1,2026-06-30
1283036022,전남광주통합특별시,영광군,염산면,상계리,2,2026-06-30
1283036023,전남광주통합특별시,영광군,염산면,봉남리,3,2026-06-30
1283036024,전남광주통합특별시,영광군,염산면,신성리,4,2026-06-30
1283036025,전남광주통합특별시,영광군,염산면,송암리,5,2026-06-30
1283036026,전남광주통합특별시,영광군,염산면,야월리,6,2026-06-30
1283036027,전남광주통합특별시,영광군,염산면,두우리,7,2026-06-30
1283036028,전남광주통합특별시,영광군,염산면,오동리,8,2026-06-30
1283036029,전남광주통합특별시,영광군,염산면,옥실리,9,2026-06-30
1283037000,전남광주통합특별시,영광군,법성면,,10,2026-06-30
1283037021,전남광주통합특별시,영광군,법성면,진내리,1,2026-06-30
1283037022,전남광주통합특별시,영광군,법성면,법성리,2,2026-06-30
1283037023,전남광주통합특별시,영광군,법성면,화천리,3,2026-06-30
1283037024,전남광주통합특별시,영광군,법성면,대덕리,4,2026-06-30
1283037025,전남광주통합특별시,영광군,법성면,덕흥리,5,2026-06-30
1283037026,전남광주통합특별시,영광군,법성면,입암리,6,2026-06-30
1283037027,전남광주통합특별시,영광군,법성면,신장리,7,2026-06-30
1283037028,전남광주통합특별시,영광군,법성면,월산리,8,2026-06-30
1283037029,전남광주통합특별시,영광군,법성면,용성리,9,2026-06-30
1283037030,전남광주통합특별시,영광군,법성면,용덕리,10,2026-06-30
1283037031,전남광주통합특별시,영광군,법성면,삼당리,11,2026-06-30
1283038000,전남광주통합특별시,영광군,낙월면,,11,2026-06-30
1283038021,전남광주통합특별시,영광군,낙월면,상낙월리,1,2026-06-30
1283038022,전남광주통합특별시,영광군,낙월면,하낙월리,2,2026-06-30
1283038023,전남광주통합특별시,영광군,낙월면,임병리,3,2026-06-30
1283038024,전남광주통합특별시,영광군,낙월면,송이리,4,2026-06-30
1283038025,전남광주통합특별시,영광군,낙월면,월촌리,5,2026-06-30
1283038026,전남광주통합특별시,영광군,낙월면,신기리,6,2026-06-30
1283038027,전남광주통합특별시,영광군,낙월면,영외리,7,2026-06-30
1283038028,전남광주통합특별시,영광군,낙월면,석만리,8,2026-06-30
1283038029,전남광주통합특별시,영광군,낙월면,죽도리,9,2026-06-30
1283038030,전남광주통합특별시,영광군,낙월면,오도리,10,2026-06-30
1283038031,전남광주통합특별시,영광군,낙월면,각이리,11,2026-06-30
1284000000,전남광주통합특별시,장성군,,,19,2026-06-30
1284025000,전남광주통합특별시,장성군,장성읍,,1,2026-06-30
1284025021,전남광주통합특별시,장성군,장성읍,수산리,1,2026-06-30
1284025022,전남광주통합특별시,장성군,장성읍,성산리,2,2026-06-30
1284025023,전남광주통합특별시,장성군,장성읍,유탕리,3,2026-06-30
1284025024,전남광주통합특별시,장성군,장성읍,영천리,4,2026-06-30
1284025025,전남광주통합특별시,장성군,장성읍,단광리,5,2026-06-30
1284025026,전남광주통합특별시,장성군,장성읍,기산리,6,2026-06-30
1284025027,전남광주통합특별시,장성군,장성읍,장안리,7,2026-06-30
1284025028,전남광주통합특별시,장성군,장성읍,안평리,8,2026-06-30
1284025029,전남광주통합특별시,장성군,장성읍,부흥리,9,2026-06-30
1284025030,전남광주통합특별시,장성군,장성읍,백계리,10,2026-06-30
1284025031,전남광주통합특별시,장성군,장성읍,용강리,11,2026-06-30
1284025032,전남광주통합특별시,장성군,장성읍,봉덕리,0,2026-06-30
1284025033,전남광주통합특별시,장성군,장성읍,덕진리,12,2026-06-30
1284025034,전남광주통합특별시,장성군,장성읍,상오리,13,2026-06-30
1284025035,전남광주통합특별시,장성군,장성읍,야은리,14,2026-06-30
1284025036,전남광주통합특별시,장성군,장성읍,용곡리,0,2026-06-30
1284031000,전남광주통합특별시,장성군,진원면,,2,2026-06-30
1284031021,전남광주통합특별시,장성군,진원면,율곡리,1,2026-06-30
1284031022,전남광주통합특별시,장성군,진원면,산정리,2,2026-06-30
1284031023,전남광주통합특별시,장성군,진원면,선적리,3,2026-06-30
1284031024,전남광주통합특별시,장성군,진원면,학전리,4,2026-06-30
1284031025,전남광주통합특별시,장성군,진원면,진원리,5,2026-06-30
1284031026,전남광주통합특별시,장성군,진원면,산동리,6,2026-06-30
1284031027,전남광주통합특별시,장성군,진원면,학림리,7,2026-06-30
1284031028,전남광주통합특별시,장성군,진원면,상림리,8,2026-06-30
1284031029,전남광주통합특별시,장성군,진원면,용산리,9,2026-06-30
1284032000,전남광주통합특별시,장성군,남면,,3,2026-06-30
1284032021,전남광주통합특별시,장성군,남면,분향리,1,2026-06-30
1284032022,전남광주통합특별시,장성군,남면,녹진리,2,2026-06-30
1284032023,전남광주통합특별시,장성군,남면,덕성리,3,2026-06-30
1284032024,전남광주통합특별시,장성군,남면,마령리,4,2026-06-30
1284032025,전남광주통합특별시,장성군,남면,평산리,5,2026-06-30
1284032026,전남광주통합특별시,장성군,남면,행정리,6,2026-06-30
1284032027,전남광주통합특별시,장성군,남면,월정리,7,2026-06-30
1284032028,전남광주통합특별시,장성군,남면,삼태리,8,2026-06-30
1284032029,전남광주통합특별시,장성군,남면,월곡리,9,2026-06-30
1284033000,전남광주통합특별시,장성군,동화면,,4,2026-06-30
1284033021,전남광주통합특별시,장성군,동화면,용정리,1,2026-06-30
1284033022,전남광주통합특별시,장성군,동화면,동호리,2,2026-06-30
1284033023,전남광주통합특별시,장성군,동화면,서양리,3,2026-06-30
1284033024,전남광주통합특별시,장성군,동화면,구림리,4,2026-06-30
1284033025,전남광주통합특별시,장성군,동화면,남평리,5,2026-06-30
1284033026,전남광주통합특별시,장성군,동화면,남산리,6,2026-06-30
1284033027,전남광주통합특별시,장성군,동화면,월산리,7,2026-06-30
1284033028,전남광주통합특별시,장성군,동화면,구룡리,8,2026-06-30
1284033029,전남광주통합특별시,장성군,동화면,송계리,9,2026-06-30
1284034000,전남광주통합특별시,장성군,삼서면,,5,2026-06-30
1284034021,전남광주통합특별시,장성군,삼서면,대곡리,1,2026-06-30
1284034022,전남광주통합특별시,장성군,삼서면,삼계리,2,2026-06-30
1284034023,전남광주통합특별시,장성군,삼서면,유평리,3,2026-06-30
1284034024,전남광주통합특별시,장성군,삼서면,학성리,4,2026-06-30
1284034025,전남광주통합특별시,장성군,삼서면,대도리,5,2026-06-30
1284034026,전남광주통합특별시,장성군,삼서면,소룡리,6,2026-06-30
1284034027,전남광주통합특별시,장성군,삼서면,수해리,7,2026-06-30
1284034028,전남광주통합특별시,장성군,삼서면,우치리,8,2026-06-30
1284034029,전남광주통합특별시,장성군,삼서면,금산리,9,2026-06-30
1284034030,전남광주통합특별시,장성군,삼서면,석마리,10,2026-06-30
1284034031,전남광주통합특별시,장성군,삼서면,보생리,11,2026-06-30
1284034032,전남광주통합특별시,장성군,삼서면,두월리,12,2026-06-30
1284034033,전남광주통합특별시,장성군,삼서면,홍정리,13,2026-06-30
1284034034,전남광주통합특별시,장성군,삼서면,수양리,14,2026-06-30
1284035000,전남광주통합특별시,장성군,삼계면,,6,2026-06-30
1284035021,전남광주통합특별시,장성군,삼계면,사창리,1,2026-06-30
1284035022,전남광주통합특별시,장성군,삼계면,월연리,2,2026-06-30
1284035023,전남광주통합특별시,장성군,삼계면,주산리,3,2026-06-30
1284035024,전남광주통합특별시,장성군,삼계면,상도리,4,2026-06-30
1284035025,전남광주통합특별시,장성군,삼계면,능성리,5,2026-06-30
1284035026,전남광주통합특별시,장성군,삼계면,발산리,6,2026-06-30
1284035027,전남광주통합특별시,장성군,삼계면,수옥리,7,2026-06-30
1284035028,전남광주통합특별시,장성군,삼계면,덕산리,8,2026-06-30
1284035029,전남광주통합특별시,장성군,삼계면,수산리,9,2026-06-30
1284035030,전남광주통합특별시,장성군,삼계면,죽림리,10,2026-06-30
1284035031,전남광주통합특별시,장성군,삼계면,생촌리,11,2026-06-30
1284035032,전남광주통합특별시,장성군,삼계면,부성리,12,2026-06-30
1284035033,전남광주통합특별시,장성군,삼계면,화산리,13,2026-06-30
1284035034,전남광주통합특별시,장성군,삼계면,신기리,14,2026-06-30
1284035035,전남광주통합특별시,장성군,삼계면,내계리,15,2026-06-30
1284036000,전남광주통합특별시,장성군,황룡면,,7,2026-06-30
1284036021,전남광주통합특별시,장성군,황룡면,월평리,1,2026-06-30
1284036022,전남광주통합특별시,장성군,황룡면,와룡리,2,2026-06-30
1284036023,전남광주통합특별시,장성군,황룡면,옥정리,3,2026-06-30
1284036024,전남광주통합특별시,장성군,황룡면,황룡리,4,2026-06-30
1284036025,전남광주통합특별시,장성군,황룡면,신호리,5,2026-06-30
1284036026,전남광주통합특별시,장성군,황룡면,장산리,6,2026-06-30
1284036027,전남광주통합특별시,장성군,황룡면,필암리,7,2026-06-30
1284036028,전남광주통합특별시,장성군,황룡면,아곡리,8,2026-06-30
1284036029,전남광주통합특별시,장성군,황룡면,금호리,9,2026-06-30
1284036030,전남광주통합특별시,장성군,황룡면,통안리,10,2026-06-30
1284036031,전남광주통합특별시,장성군,황룡면,맥호리,11,2026-06-30
1284036032,전남광주통합특별시,장성군,황룡면,관동리,12,2026-06-30
1284036033,전남광주통합특별시,장성군,황룡면,와우리,13,2026-06-30
1284037000,전남광주통합특별시,장성군,서삼면,,8,2026-06-30
1284037021,전남광주통합특별시,장성군,서삼면,장산리,1,2026-06-30
1284037022,전남광주통합특별시,장성군,서삼면,송현리,2,2026-06-30
1284037023,전남광주통합특별시,장성군,서삼면,모암리,3,2026-06-30
1284037024,전남광주통합특별시,장성군,서삼면,대덕리,4,2026-06-30
1284037025,전남광주통합특별시,장성군,서삼면,추암리,5,2026-06-30
1284037026,전남광주통합특별시,장성군,서삼면,금계리,6,2026-06-30
1284037027,전남광주통합특별시,장성군,서삼면,용흥리,7,2026-06-30
1284038000,전남광주통합특별시,장성군,북일면,,9,2026-06-30
1284038021,전남광주통합특별시,장성군,북일면,신흥리,1,2026-06-30
1284038022,전남광주통합특별시,장성군,북일면,박산리,2,2026-06-30
1284038023,전남광주통합특별시,장성군,북일면,오산리,3,2026-06-30
1284038024,전남광주통합특별시,장성군,북일면,월계리,4,2026-06-30
1284038025,전남광주통합특별시,장성군,북일면,성산리,5,2026-06-30
1284038026,전남광주통합특별시,장성군,북일면,성덕리,6,2026-06-30
1284038027,전남광주통합특별시,장성군,북일면,문암리,7,2026-06-30
1284039000,전남광주통합특별시,장성군,북이면,,10,2026-06-30
1284039021,전남광주통합특별시,장성군,북이면,사거리,1,2026-06-30
1284039022,전남광주통합특별시,장성군,북이면,원덕리,2,2026-06-30
1284039023,전남광주통합특별시,장성군,북이면,신평리,3,2026-06-30
1284039024,전남광주통합특별시,장성군,북이면,달성리,4,2026-06-30
1284039025,전남광주통합특별시,장성군,북이면,백암리,5,2026-06-30
1284039026,전남광주통합특별시,장성군,북이면,죽청리,6,2026-06-30
1284039027,전남광주통합특별시,장성군,북이면,만무리,7,2026-06-30
1284039028,전남광주통합특별시,장성군,북이면,신월리,8,2026-06-30
1284039029,전남광주통합특별시,장성군,북이면,모현리,9,2026-06-30
1284039030,전남광주통합특별시,장성군,북이면,수성리,10,2026-06-30
1284039031,전남광주통합특별시,장성군,북이면,오월리,11,2026-06-30
1284039032,전남광주통합특별시,장성군,북이면,조양리,12,2026-06-30
1284040000,전남광주통합특별시,장성군,북하면,,11,2026-06-30
1284040021,전남광주통합특별시,장성군,북하면,월성리,1,2026-06-30
1284040022,전남광주통합특별시,장성군,북하면,대악리,2,2026-06-30
1284040023,전남광주통합특별시,장성군,북하면,단전리,3,2026-06-30
1284040024,전남광주통합특별시,장성군,북하면,용두리,4,2026-06-30
1284040025,전남광주통합특별시,장성군,북하면,약수리,5,2026-06-30
1284040026,전남광주통합특별시,장성군,북하면,중평리,6,2026-06-30
1284040027,전남광주통합특별시,장성군,북하면,성암리,7,2026-06-30
1284040028,전남광주통합특별시,장성군,북하면,대흥리,8,2026-06-30
1284040029,전남광주통합특별시,장성군,북하면,덕재리,9,2026-06-30
1284040030,전남광주통합특별시,장성군,북하면,동현리,0,2026-06-30
1284040031,전남광주통합특별시,장성군,북하면,쌍웅리,10,2026-06-30
1284040032,전남광주통합특별시,장성군,북하면,신성리,11,2026-06-30
1285000000,전남광주통합특별시,완도군,,,20,2026-06-30
1285025000,전남광주통합특별시,완도군,완도읍,,1,2026-06-30
1285025021,전남광주통합특별시,완도군,완도읍,군내리,1,2026-06-30
1285025022,전남광주통합특별시,완도군,완도읍,가용리,2,2026-06-30
1285025023,전남광주통합특별시,완도군,완도읍,죽청리,3,2026-06-30
1285025024,전남광주통합특별시,완도군,완도읍,장좌리,4,2026-06-30
1285025025,전남광주통합특별시,완도군,완도읍,대야리,5,2026-06-30
1285025026,전남광주통합특별시,완도군,완도읍,망석리,6,2026-06-30
1285025027,전남광주통합특별시,완도군,완도읍,중도리,7,2026-06-30
1285025028,전남광주통합특별시,완도군,완도읍,정도리,8,2026-06-30
1285025029,전남광주통합특별시,완도군,완도읍,화흥리,9,2026-06-30
1285025030,전남광주통합특별시,완도군,완도읍,대신리,10,2026-06-30
1285025300,전남광주통합특별시,완도군,금일읍,,2,2026-06-30
1285025321,전남광주통합특별시,완도군,금일읍,화목리,1,2026-06-30
1285025322,전남광주통합특별시,완도군,금일읍,신구리,2,2026-06-30
1285025323,전남광주통합특별시,완도군,금일읍,척치리,3,2026-06-30
1285025324,전남광주통합특별시,완도군,금일읍,장정리,4,2026-06-30
1285025325,전남광주통합특별시,완도군,금일읍,충동리,5,2026-06-30
1285025326,전남광주통합특별시,완도군,금일읍,월송리,6,2026-06-30
1285025327,전남광주통합특별시,완도군,금일읍,동백리,7,2026-06-30
1285025328,전남광주통합특별시,완도군,금일읍,사동리,8,2026-06-30
1285025329,전남광주통합특별시,완도군,금일읍,장원리,9,2026-06-30
1285025600,전남광주통합특별시,완도군,노화읍,,3,2026-06-30
1285025621,전남광주통합특별시,완도군,노화읍,이포리,1,2026-06-30
1285025622,전남광주통합특별시,완도군,노화읍,도청리,2,2026-06-30
1285025623,전남광주통합특별시,완도군,노화읍,등산리,3,2026-06-30
1285025624,전남광주통합특별시,완도군,노화읍,고막리,4,2026-06-30
1285025625,전남광주통합특별시,완도군,노화읍,신양리,5,2026-06-30
1285025626,전남광주통합특별시,완도군,노화읍,구석리,6,2026-06-30
1285025627,전남광주통합특별시,완도군,노화읍,동천리,7,2026-06-30
1285025628,전남광주통합특별시,완도군,노화읍,충도리,8,2026-06-30
1285025629,전남광주통합특별시,완도군,노화읍,내리,9,2026-06-30
1285025630,전남광주통합특별시,완도군,노화읍,방서리,10,2026-06-30
1285031000,전남광주통합특별시,완도군,군외면,,4,2026-06-30
1285031021,전남광주통합특별시,완도군,군외면,영풍리,1,2026-06-30
1285031022,전남광주통합특별시,완도군,군외면,불목리,2,2026-06-30
1285031023,전남광주통합특별시,완도군,군외면,황진리,3,2026-06-30
1285031024,전남광주통합특별시,완도군,군외면,원동리,4,2026-06-30
1285031025,전남광주통합특별시,완도군,군외면,신학리,5,2026-06-30
1285031026,전남광주통합특별시,완도군,군외면,대문리,6,2026-06-30
1285031027,전남광주통합특별시,완도군,군외면,삼두리,7,2026-06-30
1285031028,전남광주통합특별시,완도군,군외면,당인리,8,2026-06-30
1285032000,전남광주통합특별시,완도군,신지면,,5,2026-06-30
1285032021,전남광주통합특별시,완도군,신지면,송곡리,1,2026-06-30
1285032022,전남광주통합특별시,완도군,신지면,대곡리,2,2026-06-30
1285032023,전남광주통합특별시,완도군,신지면,신상리,3,2026-06-30
1285032024,전남광주통합특별시,완도군,신지면,월양리,4,2026-06-30
1285032025,전남광주통합특별시,완도군,신지면,신리,5,2026-06-30
1285032026,전남광주통합특별시,완도군,신지면,동고리,6,2026-06-30
1285033000,전남광주통합특별시,완도군,고금면,,6,2026-06-30
1285033021,전남광주통합특별시,완도군,고금면,농상리,1,2026-06-30
1285033022,전남광주통합특별시,완도군,고금면,덕암리,2,2026-06-30
1285033023,전남광주통합특별시,완도군,고금면,도남리,3,2026-06-30
1285033024,전남광주통합특별시,완도군,고금면,청용리,4,2026-06-30
1285033025,전남광주통합특별시,완도군,고금면,회룡리,5,2026-06-30
1285033026,전남광주통합특별시,완도군,고금면,봉명리,6,2026-06-30
1285033027,전남광주통합특별시,완도군,고금면,상정리,7,2026-06-30
1285033028,전남광주통합특별시,완도군,고금면,세동리,8,2026-06-30
1285033029,전남광주통합특별시,완도군,고금면,가교리,9,2026-06-30
1285033030,전남광주통합특별시,완도군,고금면,덕동리,10,2026-06-30
1285034000,전남광주통합특별시,완도군,약산면,,7,2026-06-30
1285034021,전남광주통합특별시,완도군,약산면,장용리,1,2026-06-30
1285034022,전남광주통합특별시,완도군,약산면,우두리,2,2026-06-30
1285034023,전남광주통합특별시,완도군,약산면,관산리,3,2026-06-30
1285034024,전남광주통합특별시,완도군,약산면,득암리,4,2026-06-30
1285034025,전남광주통합특별시,완도군,약산면,해동리,5,2026-06-30
1285035000,전남광주통합특별시,완도군,청산면,,8,2026-06-30
1285035021,전남광주통합특별시,완도군,청산면,도청리,1,2026-06-30
1285035022,전남광주통합특별시,완도군,청산면,당락리,2,2026-06-30
1285035023,전남광주통합특별시,완도군,청산면,읍리,3,2026-06-30
1285035024,전남광주통합특별시,완도군,청산면,청계리,4,2026-06-30
1285035025,전남광주통합특별시,완도군,청산면,부흥리,5,2026-06-30
1285035026,전남광주통합특별시,완도군,청산면,양중리,6,2026-06-30
1285035027,전남광주통합특별시,완도군,청산면,상동리,7,2026-06-30
1285035028,전남광주통합특별시,완도군,청산면,동촌리,8,2026-06-30
1285035029,전남광주통합특별시,완도군,청산면,신흥리,9,2026-06-30
1285035030,전남광주통합특별시,완도군,청산면,국산리,10,2026-06-30
1285035031,전남광주통합특별시,완도군,청산면,지리,11,2026-06-30
1285035032,전남광주통합특별시,완도군,청산면,모도리,12,2026-06-30
1285035033,전남광주통합특별시,완도군,청산면,여서리,13,2026-06-30
1285036000,전남광주통합특별시,완도군,소안면,,9,2026-06-30
1285036021,전남광주통합특별시,완도군,소안면,비자리,1,2026-06-30
1285036022,전남광주통합특별시,완도군,소안면,이월리,2,2026-06-30
1285036023,전남광주통합특별시,완도군,소안면,가학리,3,2026-06-30
1285036024,전남광주통합특별시,완도군,소안면,맹선리,4,2026-06-30
1285036025,전남광주통합특별시,완도군,소안면,진산리,5,2026-06-30
1285036026,전남광주통합특별시,완도군,소안면,미라리,6,2026-06-30
1285036027,전남광주통합특별시,완도군,소안면,당사리,7,2026-06-30
1285036028,전남광주통합특별시,완도군,소안면,횡간리,8,2026-06-30
1285037000,전남광주통합특별시,완도군,금당면,,10,2026-06-30
1285037021,전남광주통합특별시,완도군,금당면,차우리,1,2026-06-30
1285037022,전남광주통합특별시,완도군,금당면,육산리,2,2026-06-30
1285037023,전남광주통합특별시,완도군,금당면,가학리,3,2026-06-30
1285038000,전남광주통합특별시,완도군,보길면,,11,2026-06-30
1285038021,전남광주통합특별시,완도군,보길면,중통리,1,2026-06-30
1285038022,전남광주통합특별시,완도군,보길면,예송리,2,2026-06-30
1285038023,전남광주통합특별시,완도군,보길면,부황리,3,2026-06-30
1285038024,전남광주통합특별시,완도군,보길면,정자리,4,2026-06-30
1285039000,전남광주통합특별시,완도군,생일면,,12,2026-06-30
1285039021,전남광주통합특별시,완도군,생일면,유서리,1,2026-06-30
1285039022,전남광주통합특별시,완도군,생일면,금곡리,2,2026-06-30
1285039023,전남광주통합특별시,완도군,생일면,봉선리,3,2026-06-30
1286000000,전남광주통합특별시,진도군,,,21,2026-06-30
1286025000,전남광주통합특별시,진도군,진도읍,,1,2026-06-30
1286025021,전남광주통합특별시,진도군,진도읍,동외리,1,2026-06-30
1286025022,전남광주통합특별시,진도군,진도읍,쌍정리,2,2026-06-30
1286025023,전남광주통합특별시,진도군,진도읍,성내리,3,2026-06-30
1286025024,전남광주통합특별시,진도군,진도읍,교동리,4,2026-06-30
1286025025,전남광주통합특별시,진도군,진도읍,남동리,5,2026-06-30
1286025026,전남광주통합특별시,진도군,진도읍,포산리,6,2026-06-30
1286025027,전남광주통합특별시,진도군,진도읍,수역리,7,2026-06-30
1286025028,전남광주통합특별시,진도군,진도읍,수유리,8,2026-06-30
1286025029,전남광주통합특별시,진도군,진도읍,산월리,9,2026-06-30
1286025030,전남광주통합특별시,진도군,진도읍,해창리,10,2026-06-30
1286025031,전남광주통합특별시,진도군,진도읍,염장리,11,2026-06-30
1286031000,전남광주통합특별시,진도군,군내면,,2,2026-06-30
1286031021,전남광주통합특별시,진도군,군내면,나리,1,2026-06-30
1286031022,전남광주통합특별시,진도군,군내면,녹진리,2,2026-06-30
1286031023,전남광주통합특별시,진도군,군내면,덕병리,3,2026-06-30
1286031024,전남광주통합특별시,진도군,군내면,둔전리,4,2026-06-30
1286031025,전남광주통합특별시,진도군,군내면,세등리,5,2026-06-30
1286031026,전남광주통합특별시,진도군,군내면,용장리,6,2026-06-30
1286031027,전남광주통합특별시,진도군,군내면,송산리,7,2026-06-30
1286031028,전남광주통합특별시,진도군,군내면,분토리,8,2026-06-30
1286031029,전남광주통합특별시,진도군,군내면,월가리,9,2026-06-30
1286031030,전남광주통합특별시,진도군,군내면,정자리,10,2026-06-30
1286032000,전남광주통합특별시,진도군,고군면,,3,2026-06-30
1286032021,전남광주통합특별시,진도군,고군면,석현리,1,2026-06-30
1286032022,전남광주통합특별시,진도군,고군면,고성리,2,2026-06-30
1286032023,전남광주통합특별시,진도군,고군면,도평리,3,2026-06-30
1286032024,전남광주통합특별시,진도군,고군면,오류리,4,2026-06-30
1286032025,전남광주통합특별시,진도군,고군면,벽파리,5,2026-06-30
1286032026,전남광주통합특별시,진도군,고군면,내산리,6,2026-06-30
1286032027,전남광주통합특별시,진도군,고군면,오산리,7,2026-06-30
1286032028,전남광주통합특별시,진도군,고군면,지막리,8,2026-06-30
1286032029,전남광주통합특별시,진도군,고군면,원포리,9,2026-06-30
1286032030,전남광주통합특별시,진도군,고군면,향동리,10,2026-06-30
1286032031,전남광주통합특별시,진도군,고군면,금계리,11,2026-06-30
1286033000,전남광주통합특별시,진도군,의신면,,4,2026-06-30
1286033021,전남광주통합특별시,진도군,의신면,사천리,1,2026-06-30
1286033022,전남광주통합특별시,진도군,의신면,침계리,2,2026-06-30
1286033023,전남광주통합특별시,진도군,의신면,칠전리,3,2026-06-30
1286033024,전남광주통합특별시,진도군,의신면,창포리,4,2026-06-30
1286033025,전남광주통합특별시,진도군,의신면,돈지리,5,2026-06-30
1286033026,전남광주통합특별시,진도군,의신면,옥대리,6,2026-06-30
1286033027,전남광주통합특별시,진도군,의신면,청용리,7,2026-06-30
1286033028,전남광주통합특별시,진도군,의신면,연주리,8,2026-06-30
1286033029,전남광주통합특별시,진도군,의신면,초사리,9,2026-06-30
1286033030,전남광주통합특별시,진도군,의신면,모도리,10,2026-06-30
1286033031,전남광주통합특별시,진도군,의신면,거룡리,11,2026-06-30
1286033032,전남광주통합특별시,진도군,의신면,만길리,12,2026-06-30
1286033033,전남광주통합특별시,진도군,의신면,송정리,13,2026-06-30
1286033034,전남광주통합특별시,진도군,의신면,금갑리,14,2026-06-30
1286033035,전남광주통합특별시,진도군,의신면,구자도리,15,2026-06-30
1286034000,전남광주통합특별시,진도군,임회면,,5,2026-06-30
1286034021,전남광주통합특별시,진도군,임회면,명슬리,1,2026-06-30
1286034022,전남광주통합특별시,진도군,임회면,삼막리,2,2026-06-30
1286034023,전남광주통합특별시,진도군,임회면,용호리,3,2026-06-30
1286034024,전남광주통합특별시,진도군,임회면,고정리,4,2026-06-30
1286034025,전남광주통합특별시,진도군,임회면,사령리,5,2026-06-30
1286034026,전남광주통합특별시,진도군,임회면,석교리,6,2026-06-30
1286034027,전남광주통합특별시,진도군,임회면,봉상리,7,2026-06-30
1286034028,전남광주통합특별시,진도군,임회면,상만리,8,2026-06-30
1286034029,전남광주통합특별시,진도군,임회면,죽림리,9,2026-06-30
1286034030,전남광주통합특별시,진도군,임회면,백동리,10,2026-06-30
1286034031,전남광주통합특별시,진도군,임회면,굴포리,11,2026-06-30
1286034032,전남광주통합특별시,진도군,임회면,남동리,12,2026-06-30
1286034033,전남광주통합특별시,진도군,임회면,연동리,13,2026-06-30
1286035000,전남광주통합특별시,진도군,지산면,,6,2026-06-30
1286035021,전남광주통합특별시,진도군,지산면,인지리,1,2026-06-30
1286035022,전남광주통합특별시,진도군,지산면,관마리,2,2026-06-30
1286035023,전남광주통합특별시,진도군,지산면,삼당리,3,2026-06-30
1286035024,전남광주통합특별시,진도군,지산면,고야리,4,2026-06-30
1286035025,전남광주통합특별시,진도군,지산면,앵무리,5,2026-06-30
1286035026,전남광주통합특별시,진도군,지산면,길은리,6,2026-06-30
1286035027,전남광주통합특별시,진도군,지산면,소포리,7,2026-06-30
1286035028,전남광주통합특별시,진도군,지산면,거제리,8,2026-06-30
1286035029,전남광주통합특별시,진도군,지산면,보전리,9,2026-06-30
1286035030,전남광주통합특별시,진도군,지산면,와우리,10,2026-06-30
1286035031,전남광주통합특별시,진도군,지산면,가치리,11,2026-06-30
1286035032,전남광주통합특별시,진도군,지산면,가학리,12,2026-06-30
1286035033,전남광주통합특별시,진도군,지산면,심동리,13,2026-06-30
1286035034,전남광주통합특별시,진도군,지산면,오류리,14,2026-06-30
1286035035,전남광주통합특별시,진도군,지산면,송호리,15,2026-06-30
1286036000,전남광주통합특별시,진도군,조도면,,7,2026-06-30
1286036021,전남광주통합특별시,진도군,조도면,관매도리,1,2026-06-30
1286036022,전남광주통합특별시,진도군,조도면,동거차도리,2,2026-06-30
1286036023,전남광주통합특별시,진도군,조도면,서거차도리,3,2026-06-30
1286036024,전남광주통합특별시,진도군,조도면,신육리,4,2026-06-30
1286036025,전남광주통합특별시,진도군,조도면,창유리,5,2026-06-30
1286036026,전남광주통합특별시,진도군,조도면,대마도리,6,2026-06-30
1286036027,전남광주통합특별시,진도군,조도면,소마도리,7,2026-06-30
1286036028,전남광주통합특별시,진도군,조도면,관사도리,8,2026-06-30
1286036029,전남광주통합특별시,진도군,조도면,나배도리,9,2026-06-30
1286036030,전남광주통합특별시,진도군,조도면,맹성리,10,2026-06-30
1286036031,전남광주통합특별시,진도군,조도면,여미리,11,2026-06-30
1286036032,전남광주통합특별시,진도군,조도면,성남도리,12,2026-06-30
1286036033,전남광주통합특별시,진도군,조도면,죽항도리,13,2026-06-30
1286036034,전남광주통합특별시,진도군,조도면,독거도리,14,2026-06-30
1286036035,전남광주통합특별시,진도군,조도면,청등도리,15,2026-06-30
1286036036,전남광주통합특별시,진도군,조도면,모도리,16,2026-06-30
1286036037,전남광주통합특별시,진도군,조도면,맹골도리,17,2026-06-30
1286036038,전남광주통합특별시,진도군,조도면,진목도리,18,2026-06-30
1286036039,전남광주통합특별시,진도군,조도면,옥도리,19,2026-06-30
1286036040,전남광주통합특별시,진도군,조도면,눌옥도리,20,2026-06-30
1286036041,전남광주통합특별시,진도군,조도면,외병도리,21,2026-06-30
1286036042,전남광주통합특별시,진도군,조도면,내병도리,22,2026-06-30
1286036043,전남광주통합특별시,진도군,조도면,가사도리,23,2026-06-30
1287000000,전남광주통합특별시,신안군,,,22,2026-06-30
1287025000,전남광주통합특별시,신안군,지도읍,,1,2026-06-30
1287025021,전남광주통합특별시,신안군,지도읍,내양리,1,2026-06-30
1287025022,전남광주통합특별시,신안군,지도읍,봉리,2,2026-06-30
1287025023,전남광주통합특별시,신안군,지도읍,어의리,3,2026-06-30
1287025024,전남광주통합특별시,신안군,지도읍,감정리,4,2026-06-30
1287025025,전남광주통합특별시,신안군,지도읍,읍내리,5,2026-06-30
1287025026,전남광주통합특별시,신안군,지도읍,광정리,6,2026-06-30
1287025027,전남광주통합특별시,신안군,지도읍,탄동리,7,2026-06-30
1287025028,전남광주통합특별시,신안군,지도읍,당촌리,8,2026-06-30
1287025029,전남광주통합특별시,신안군,지도읍,자동리,9,2026-06-30
1287025030,전남광주통합특별시,신안군,지도읍,태천리,10,2026-06-30
1287025031,전남광주통합특별시,신안군,지도읍,선도리,11,2026-06-30
1287025300,전남광주통합특별시,신안군,압해읍,,,2026-06-30
1287025321,전남광주통합특별시,신안군,압해읍,복룡리,1,2026-06-30
1287025322,전남광주통합특별시,신안군,압해읍,가룡리,2,2026-06-30
1287025323,전남광주통합특별시,신안군,압해읍,고이리,3,2026-06-30
1287025324,전남광주통합특별시,신안군,압해읍,매화리,4,2026-06-30
1287025325,전남광주통합특별시,신안군,압해읍,신용리,5,2026-06-30
1287025326,전남광주통합특별시,신안군,압해읍,학교리,6,2026-06-30
1287025327,전남광주통합특별시,신안군,압해읍,동서리,7,2026-06-30
1287025328,전남광주통합특별시,신안군,압해읍,대천리,8,2026-06-30
1287025329,전남광주통합특별시,신안군,압해읍,송공리,9,2026-06-30
1287025330,전남광주통합특별시,신안군,압해읍,분매리,10,2026-06-30
1287025331,전남광주통합특별시,신안군,압해읍,신장리,11,2026-06-30
1287025332,전남광주통합특별시,신안군,압해읍,장감리,12,2026-06-30
1287025333,전남광주통합특별시,신안군,압해읍,가란리,13,2026-06-30
1287031000,전남광주통합특별시,신안군,증도면,,2,2026-06-30
1287031021,전남광주통합특별시,신안군,증도면,증동리,1,2026-06-30
1287031022,전남광주통합특별시,신안군,증도면,방축리,2,2026-06-30
1287031023,전남광주통합특별시,신안군,증도면,대초리,3,2026-06-30
1287031024,전남광주통합특별시,신안군,증도면,우전리,4,2026-06-30
1287031025,전남광주통합특별시,신안군,증도면,병풍리,5,2026-06-30
1287032000,전남광주통합특별시,신안군,임자면,,3,2026-06-30
1287032021,전남광주통합특별시,신안군,임자면,도찬리,1,2026-06-30
1287032022,전남광주통합특별시,신안군,임자면,대기리,2,2026-06-30
1287032023,전남광주통합특별시,신안군,임자면,광산리,3,2026-06-30
1287032024,전남광주통합특별시,신안군,임자면,재원리,4,2026-06-30
1287032025,전남광주통합특별시,신안군,임자면,삼두리,5,2026-06-30
1287032026,전남광주통합특별시,신안군,임자면,이흑암리,6,2026-06-30
1287032027,전남광주통합특별시,신안군,임자면,진리,7,2026-06-30
1287032028,전남광주통합특별시,신안군,임자면,수도리,8,2026-06-30
1287033000,전남광주통합특별시,신안군,자은면,,4,2026-06-30
1287033021,전남광주통합특별시,신안군,자은면,한운리,1,2026-06-30
1287033022,전남광주통합특별시,신안군,자은면,송산리,2,2026-06-30
1287033023,전남광주통합특별시,신안군,자은면,대율리,3,2026-06-30
1287033024,전남광주통합특별시,신안군,자은면,유천리,4,2026-06-30
1287033025,전남광주통합특별시,신안군,자은면,유각리,5,2026-06-30
1287033026,전남광주통합특별시,신안군,자은면,면전리,6,2026-06-30
1287033027,전남광주통합특별시,신안군,자은면,백산리,7,2026-06-30
1287033028,전남광주통합특별시,신안군,자은면,고장리,8,2026-06-30
1287033029,전남광주통합특별시,신안군,자은면,구영리,9,2026-06-30
1287034000,전남광주통합특별시,신안군,비금면,,5,2026-06-30
1287034021,전남광주통합특별시,신안군,비금면,광대리,1,2026-06-30
1287034022,전남광주통합특별시,신안군,비금면,용소리,2,2026-06-30
1287034023,전남광주통합특별시,신안군,비금면,도고리,3,2026-06-30
1287034024,전남광주통합특별시,신안군,비금면,가산리,4,2026-06-30
1287034025,전남광주통합특별시,신안군,비금면,덕산리,5,2026-06-30
1287034026,전남광주통합특별시,신안군,비금면,지당리,6,2026-06-30
1287034027,전남광주통합특별시,신안군,비금면,구림리,7,2026-06-30
1287034028,전남광주통합특별시,신안군,비금면,신원리,8,2026-06-30
1287034029,전남광주통합특별시,신안군,비금면,고서리,9,2026-06-30
1287034030,전남광주통합특별시,신안군,비금면,죽림리,10,2026-06-30
1287034031,전남광주통합특별시,신안군,비금면,내월리,11,2026-06-30
1287034032,전남광주통합특별시,신안군,비금면,수대리,12,2026-06-30
1287034033,전남광주통합특별시,신안군,비금면,수치리,13,2026-06-30
1287035000,전남광주통합특별시,신안군,도초면,,6,2026-06-30
1287035021,전남광주통합특별시,신안군,도초면,발매리,1,2026-06-30
1287035022,전남광주통합특별시,신안군,도초면,지남리,2,2026-06-30
1287035023,전남광주통합특별시,신안군,도초면,외남리,3,2026-06-30
1287035024,전남광주통합특별시,신안군,도초면,오류리,4,2026-06-30
1287035025,전남광주통합특별시,신안군,도초면,수항리,5,2026-06-30
1287035026,전남광주통합특별시,신안군,도초면,죽연리,6,2026-06-30
1287035027,전남광주통합특별시,신안군,도초면,고란리,7,2026-06-30
1287035028,전남광주통합특별시,신안군,도초면,이곡리,8,2026-06-30
1287035029,전남광주통합특별시,신안군,도초면,만년리,9,2026-06-30
1287035030,전남광주통합특별시,신안군,도초면,수다리,10,2026-06-30
1287035031,전남광주통합특별시,신안군,도초면,우이도리,11,2026-06-30
1287036000,전남광주통합특별시,신안군,흑산면,,7,2026-06-30
1287036021,전남광주통합특별시,신안군,흑산면,진리,1,2026-06-30
1287036022,전남광주통합특별시,신안군,흑산면,예리,2,2026-06-30
1287036023,전남광주통합특별시,신안군,흑산면,비리,3,2026-06-30
1287036024,전남광주통합특별시,신안군,흑산면,사리,4,2026-06-30
1287036025,전남광주통합특별시,신안군,흑산면,심리,5,2026-06-30
1287036026,전남광주통합특별시,신안군,흑산면,영산리,6,2026-06-30
1287036028,전남광주통합특별시,신안군,흑산면,오리,7,2026-06-30
1287036029,전남광주통합특별시,신안군,흑산면,홍도리,8,2026-06-30
1287036030,전남광주통합특별시,신안군,흑산면,태도리,9,2026-06-30
1287036031,전남광주통합특별시,신안군,흑산면,수리,10,2026-06-30
1287036032,전남광주통합특별시,신안군,흑산면,가거도리,11,2026-06-30
1287036033,전남광주통합특별시,신안군,흑산면,만재도리,12,2026-06-30
1287036034,전남광주통합특별시,신안군,흑산면,다물도리,13,2026-06-30
1287037000,전남광주통합특별시,신안군,하의면,,8,2026-06-30
1287037021,전남광주통합특별시,신안군,하의면,웅곡리,1,2026-06-30
1287037022,전남광주통합특별시,신안군,하의면,어은리,2,2026-06-30
1287037023,전남광주통합특별시,신안군,하의면,오림리,3,2026-06-30
1287037024,전남광주통합특별시,신안군,하의면,대리,4,2026-06-30
1287037025,전남광주통합특별시,신안군,하의면,후광리,5,2026-06-30
1287037026,전남광주통합특별시,신안군,하의면,능산리,6,2026-06-30
1287037027,전남광주통합특별시,신안군,하의면,옥도리,7,2026-06-30
1287038000,전남광주통합특별시,신안군,신의면,,9,2026-06-30
1287038021,전남광주통합특별시,신안군,신의면,상태서리,1,2026-06-30
1287038022,전남광주통합특별시,신안군,신의면,상태동리,2,2026-06-30
1287038023,전남광주통합특별시,신안군,신의면,하태서리,3,2026-06-30
1287038024,전남광주통합특별시,신안군,신의면,하태동리,4,2026-06-30
1287038025,전남광주통합특별시,신안군,신의면,고평사도리,5,2026-06-30
1287039000,전남광주통합특별시,신안군,장산면,,10,2026-06-30
1287039021,전남광주통합특별시,신안군,장산면,오음리,1,2026-06-30
1287039022,전남광주통합특별시,신안군,장산면,대리,2,2026-06-30
1287039023,전남광주통합특별시,신안군,장산면,도창리,3,2026-06-30
1287039024,전남광주통합특별시,신안군,장산면,공수리,4,2026-06-30
1287039025,전남광주통합특별시,신안군,장산면,팽진리,5,2026-06-30
1287039026,전남광주통합특별시,신안군,장산면,다수리,6,2026-06-30
1287039027,전남광주통합특별시,신안군,장산면,마진도리,7,2026-06-30
1287040000,전남광주통합특별시,신안군,안좌면,,11,2026-06-30
1287040021,전남광주통합특별시,신안군,안좌면,금산리,1,2026-06-30
1287040022,전남광주통합특별시,신안군,안좌면,탄동리,2,2026-06-30
1287040023,전남광주통합특별시,신안군,안좌면,산두리,3,2026-06-30
1287040024,전남광주통합특별시,신안군,안좌면,대리,4,2026-06-30
1287040025,전남광주통합특별시,신안군,안좌면,복호리,5,2026-06-30
1287040026,전남광주통합특별시,신안군,안좌면,자라리,6,2026-06-30
1287040027,전남광주통합특별시,신안군,안좌면,존포리,7,2026-06-30
1287040028,전남광주통합특별시,신안군,안좌면,향목리,8,2026-06-30
1287040029,전남광주통합특별시,신안군,안좌면,여흘리,9,2026-06-30
1287040030,전남광주통합특별시,신안군,안좌면,남강리,10,2026-06-30
1287040031,전남광주통합특별시,신안군,안좌면,대척리,11,2026-06-30
1287040032,전남광주통합특별시,신안군,안좌면,창마리,12,2026-06-30
1287040033,전남광주통합특별시,신안군,안좌면,소곡리,13,2026-06-30
1287040034,전남광주통합특별시,신안군,안좌면,박지리,14,2026-06-30
1287040035,전남광주통합특별시,신안군,안좌면,반월리,15,2026-06-30
1287040036,전남광주통합특별시,신안군,안좌면,구대리,16,2026-06-30
1287040037,전남광주통합특별시,신안군,안좌면,마명리,17,2026-06-30
1287040038,전남광주통합특별시,신안군,안좌면,신촌리,18,2026-06-30
1287040039,전남광주통합특별시,신안군,안좌면,대우리,19,2026-06-30
1287040040,전남광주통합특별시,신안군,안좌면,방월리,20,2026-06-30
1287040041,전남광주통합특별시,신안군,안좌면,내호리,21,2026-06-30
1287040042,전남광주통합특별시,신안군,안좌면,한운리,22,2026-06-30
1287040043,전남광주통합특별시,신안군,안좌면,시서리,23,2026-06-30
1287040044,전남광주통합특별시,신안군,안좌면,읍동리,24,2026-06-30
1287040045,전남광주통합특별시,신안군,안좌면,마진리,25,2026-06-30
1287041000,전남광주통합특별시,신안군,팔금면,,12,2026-06-30
1287041021,전남광주통합특별시,신안군,팔금면,대심리,1,2026-06-30
1287041022,전남광주통합특별시,신안군,팔금면,장촌리,2,2026-06-30
1287041023,전남광주통합특별시,신안군,팔금면,원산리,3,2026-06-30
1287041024,전남광주통합특별시,신안군,팔금면,읍리,4,2026-06-30
1287041025,전남광주통합특별시,신안군,팔금면,진고리,5,2026-06-30
1287041026,전남광주통합특별시,신안군,팔금면,이목리,6,2026-06-30
1287041027,전남광주통합특별시,신안군,팔금면,당고리,7,2026-06-30
1287042000,전남광주통합특별시,신안군,암태면,,13,2026-06-30
1287042021,전남광주통합특별시,신안군,암태면,도창리,1,2026-06-30
1287042022,전남광주통합특별시,신안군,암태면,수곡리,2,2026-06-30
1287042023,전남광주통합특별시,신안군,암태면,와촌리,3,2026-06-30
1287042024,전남광주통합특별시,신안군,암태면,단고리,4,2026-06-30
1287042025,전남광주통합특별시,신안군,암태면,오상리,5,2026-06-30
1287042026,전남광주통합특별시,신안군,암태면,기동리,6,2026-06-30
1287042027,전남광주통합특별시,신안군,암태면,송곡리,7,2026-06-30
1287042028,전남광주통합특별시,신안군,암태면,신석리,8,2026-06-30
1287042029,전남광주통합특별시,신안군,암태면,당사리,9,2026-06-30
2600000000,부산광역시,,,,2,1995-01-01
2611000000,부산광역시,중구,,,1,1995-01-01
2611010100,부산광역시,중구,영주동,,1,1995-01-01
2611010200,부산광역시,중구,대창동1가,,2,1995-01-01
2611010300,부산광역시,중구,대창동2가,,3,1995-01-01
2611010400,부산광역시,중구,중앙동1가,,4,1995-01-01
2611010500,부산광역시,중구,중앙동2가,,5,1995-01-01
2611010600,부산광역시,중구,중앙동3가,,6,1995-01-01
2611010700,부산광역시,중구,중앙동4가,,7,1995-01-01
2611010800,부산광역시,중구,중앙동5가,,8,1995-01-01
2611010900,부산광역시,중구,중앙동6가,,9,1995-01-01
2611011000,부산광역시,중구,중앙동7가,,10,1995-01-01
2611011100,부산광역시,중구,동광동1가,,11,1995-01-01
2611011200,부산광역시,중구,동광동2가,,12,1995-01-01
2611011300,부산광역시,중구,동광동3가,,13,1995-01-01
2611011400,부산광역시,중구,동광동4가,,14,1995-01-01
2611011500,부산광역시,중구,동광동5가,,15,1995-01-01
2611011600,부산광역시,중구,대청동1가,,16,1995-01-01
2611011700,부산광역시,중구,대청동2가,,17,1995-01-01
2611011800,부산광역시,중구,대청동3가,,18,1995-01-01
2611011900,부산광역시,중구,대청동4가,,19,1995-01-01
2611012000,부산광역시,중구,보수동1가,,20,1999-01-01
2611012100,부산광역시,중구,보수동2가,,21,1999-01-01
2611012200,부산광역시,중구,보수동3가,,22,1999-01-01
2611012300,부산광역시,중구,부평동1가,,23,1995-01-01
2611012400,부산광역시,중구,부평동2가,,24,1995-01-01
2611012500,부산광역시,중구,부평동3가,,25,1995-01-01
2611012600,부산광역시,중구,부평동4가,,26,1995-01-01
2611012700,부산광역시,중구,신창동1가,,27,1995-01-01
2611012800,부산광역시,중구,신창동2가,,28,1995-01-01
2611012900,부산광역시,중구,신창동3가,,29,1995-01-01
2611013000,부산광역시,중구,신창동4가,,30,1995-01-01
2611013100,부산광역시,중구,창선동1가,,31,1995-01-01
2611013200,부산광역시,중구,창선동2가,,32,1995-01-01
2611013300,부산광역시,중구,광복동1가,,33,1995-01-01
2611013400,부산광역시,중구,광복동2가,,34,1995-01-01
2611013500,부산광역시,중구,광복동3가,,35,1995-01-01
2611013600,부산광역시,중구,남포동1가,,36,1995-01-01
2611013700,부산광역시,중구,남포동2가,,37,1995-01-01
2611013800,부산광역시,중구,남포동3가,,38,1995-01-01
2611013900,부산광역시,중구,남포동4가,,39,1995-01-01
2611014000,부산광역시,중구,남포동5가,,40,1995-01-01
2611014100,부산광역시,중구,남포동6가,,41,1995-01-01
2614000000,부산광역시,서구,,,2,1995-01-01
2614010100,부산광역시,서구,동대신동1가,,1,1995-01-01
2614010200,부산광역시,서구,동대신동2가,,2,1995-01-01
2614010300,부산광역시,서구,동대신동3가,,3,1995-01-01
2614010400,부산광역시,서구,서대신동1가,,4,1995-01-01
2614010500,부산광역시,서구,서대신동2가,,5,1995-01-01
2614010600,부산광역시,서구,서대신동3가,,6,1995-01-01
2614010700,부산광역시,서구,부용동1가,,7,1998-10-01
2614010800,부산광역시,서구,부용동2가,,8,1998-10-01
2614010900,부산광역시,서구,부민동1가,,9,1995-01-01
2614011000,부산광역시,서구,부민동2가,,10,1995-01-01
2614011100,부산광역시,서구,부민동3가,,11,1995-01-01
2614011200,부산광역시,서구,토성동1가,,12,1998-10-01
2614011300,부산광역시,서구,토성동2가,,13,1998-10-01
2614011400,부산광역시,서구,토성동3가,,14,1998-10-01
2614011500,부산광역시,서구,아미동1가,,15,1998-10-01
2614011600,부산광역시,서구,아미동2가,,16,1998-10-01
2614011700,부산광역시,서구,토성동4가,,17,1998-10-01
2614011800,부산광역시,서구,토성동5가,,18,1998-10-01
2614011900,부산광역시,서구,초장동,,19,1995-01-01
2614012000,부산광역시,서구,충무동1가,,20,1995-01-01
2614012100,부산광역시,서구,충무동2가,,21,1995-01-01
2614012200,부산광역시,서구,충무동3가,,22,1995-01-01
2614012300,부산광역시,서구,남부민동,,23,1995-01-01
2614012400,부산광역시,서구,암남동,,24,1995-01-01
2617000000,부산광역시,동구,,,3,1995-01-01
2617010100,부산광역시,동구,초량동,,1,1995-01-01
2617010200,부산광역시,동구,수정동,,2,1995-01-01
2617010300,부산광역시,동구,좌천동,,3,1998-09-17
2617010400,부산광역시,동구,범일동,,4,1995-01-01
2620000000,부산광역시,영도구,,,4,1995-01-01
2620010100,부산광역시,영도구,대교동1가,,1,1998-10-01
2620010200,부산광역시,영도구,대교동2가,,2,1998-10-01
2620010300,부산광역시,영도구,대평동1가,,3,1998-10-01
2620010400,부산광역시,영도구,대평동2가,,4,1998-10-01
2620010500,부산광역시,영도구,남항동1가,,5,1995-01-01
2620010600,부산광역시,영도구,남항동2가,,6,1995-01-01
2620010700,부산광역시,영도구,남항동3가,,7,1995-01-01
2620010800,부산광역시,영도구,영선동1가,,8,1995-01-01
2620010900,부산광역시,영도구,영선동2가,,9,1996-02-10
2620011000,부산광역시,영도구,영선동3가,,10,1995-01-01
2620011100,부산광역시,영도구,영선동4가,,11,1995-01-01
2620011200,부산광역시,영도구,신선동1가,,12,1995-01-01
2620011300,부산광역시,영도구,신선동2가,,13,1995-01-01
2620011400,부산광역시,영도구,신선동3가,,14,1996-02-10
2620011500,부산광역시,영도구,봉래동1가,,15,1995-01-01
2620011600,부산광역시,영도구,봉래동2가,,16,1995-01-01
2620011700,부산광역시,영도구,봉래동3가,,17,1998-10-01
2620011800,부산광역시,영도구,봉래동4가,,18,1996-02-10
2620011900,부산광역시,영도구,봉래동5가,,19,1995-01-01
2620012000,부산광역시,영도구,청학동,,20,1995-01-01
2620012100,부산광역시,영도구,동삼동,,21,1995-01-01
2623000000,부산광역시,부산진구,,,5,1995-01-01
2623010100,부산광역시,부산진구,양정동,,1,1995-01-01
2623010200,부산광역시,부산진구,전포동,,2,1995-01-01
2623010300,부산광역시,부산진구,부전동,,3,1995-01-01
2623010400,부산광역시,부산진구,범천동,,4,1995-01-01
2623010500,부산광역시,부산진구,범전동,,5,1995-01-01
2623010600,부산광역시,부산진구,연지동,,6,1995-01-01
2623010700,부산광역시,부산진구,초읍동,,7,1995-01-01
2623010800,부산광역시,부산진구,부암동,,8,2000-01-01
2623010900,부산광역시,부산진구,당감동,,9,1995-01-01
2623011000,부산광역시,부산진구,가야동,,10,1995-01-01
2623011100,부산광역시,부산진구,개금동,,11,1995-01-01
2626000000,부산광역시,동래구,,,6,1995-01-01
2626010100,부산광역시,동래구,명장동,,1,1995-01-01
2626010200,부산광역시,동래구,안락동,,2,1995-01-01
2626010300,부산광역시,동래구,칠산동,,3,1995-01-01
2626010400,부산광역시,동래구,낙민동,,4,1995-01-01
2626010500,부산광역시,동래구,복천동,,5,1995-01-01
2626010600,부산광역시,동래구,수안동,,6,1995-01-01
2626010700,부산광역시,동래구,명륜동,,7,1995-01-01
2626010800,부산광역시,동래구,온천동,,8,1995-01-01
2626010900,부산광역시,동래구,사직동,,9,1995-01-01
2629000000,부산광역시,남구,,,7,1995-01-01
2629010600,부산광역시,남구,대연동,,1,1995-01-01
2629010700,부산광역시,남구,용호동,,2,1995-01-01
2629010800,부산광역시,남구,용당동,,3,1995-01-01
2629010900,부산광역시,남구,문현동,,4,1995-01-01
2629011000,부산광역시,남구,우암동,,5,1995-01-01
2629011100,부산광역시,남구,감만동,,6,1995-01-01
2632000000,부산광역시,북구,,,8,1995-01-01
2632010100,부산광역시,북구,금곡동,,1,1995-01-01
2632010200,부산광역시,북구,화명동,,2,1995-01-01
2632010300,부산광역시,북구,만덕동,,3,1995-01-01
2632010400,부산광역시,북구,덕천동,,4,1995-01-01
2632010500,부산광역시,북구,구포동,,5,1995-01-01
2635000000,부산광역시,해운대구,,,9,1995-01-01
2635010100,부산광역시,해운대구,반송동,,1,1995-01-01
2635010200,부산광역시,해운대구,석대동,,2,1998-10-01
2635010300,부산광역시,해운대구,반여동,,3,1995-01-01
2635010400,부산광역시,해운대구,재송동,,4,1995-01-01
2635010500,부산광역시,해운대구,우동,,5,1995-01-01
2635010600,부산광역시,해운대구,중동,,6,1995-01-01
2635010700,부산광역시,해운대구,좌동,,7,1995-01-01
2635010800,부산광역시,해운대구,송정동,,8,1995-01-01
2638000000,부산광역시,사하구,,,10,1995-01-01
2638010100,부산광역시,사하구,괴정동,,1,1995-01-01
2638010200,부산광역시,사하구,당리동,,2,1995-01-01
2638010300,부산광역시,사하구,하단동,,3,1995-01-01
2638010400,부산광역시,사하구,신평동,,4,1995-01-01
2638010500,부산광역시,사하구,장림동,,5,1995-01-01
2638010600,부산광역시,사하구,다대동,,6,1995-01-01
2638010700,부산광역시,사하구,구평동,,7,1995-01-01
2638010800,부산광역시,사하구,감천동,,8,1995-01-01
2641000000,부산광역시,금정구,,,11,1995-01-01
2641010100,부산광역시,금정구,두구동,,1,1998-11-01
2641010200,부산광역시,금정구,노포동,,2,1998-11-01
2641010300,부산광역시,금정구,청룡동,,3,1995-01-01
2641010400,부산광역시,금정구,남산동,,4,1995-01-01
2641010500,부산광역시,금정구,선동,,5,1998-11-01
2641010600,부산광역시,금정구,오륜동,,6,1998-11-01
2641010700,부산광역시,금정구,구서동,,7,1995-01-01
2641010800,부산광역시,금정구,장전동,,8,1995-01-01
2641010900,부산광역시,금정구,부곡동,,9,1995-01-01
2641011000,부산광역시,금정구,서동,,10,1995-01-01
2641011100,부산광역시,금정구,금사동,,11,1995-01-01
2641011200,부산광역시,금정구,회동동,,12,1995-01-01
2641011300,부산광역시,금정구,금성동,,13,1995-01-01
2644000000,부산광역시,강서구,,,12,1995-01-01
2644010100,부산광역시,강서구,대저1동,,1,1999-02-01
2644010200,부산광역시,강서구,대저2동,,2,1999-02-01
2644010300,부산광역시,강서구,강동동,,3,1995-01-01
2644010400,부산광역시,강서구,명지동,,4,1995-01-01
2644010500,부산광역시,강서구,죽림동,,5,1995-01-01
2644010600,부산광역시,강서구,식만동,,6,1995-01-01
2644010700,부산광역시,강서구,죽동동,,7,1995-01-01
2644010800,부산광역시,강서구,봉림동,,8,1995-01-01
2644010900,부산광역시,강서구,송정동,,9,1995-01-01
2644011000,부산광역시,강서구,화전동,,10,1995-01-01
2644011100,부산광역시,강서구,녹산동,,11,1995-01-01
2644011200,부산광역시,강서구,생곡동,,12,1995-01-01
2644011300,부산광역시,강서구,구랑동,,13,1995-01-01
2644011400,부산광역시,강서구,지사동,,14,1995-01-01
2644011500,부산광역시,강서구,미음동,,15,1995-01-01
2644011600,부산광역시,강서구,범방동,,16,1995-01-01
2644011700,부산광역시,강서구,신호동,,17,1995-01-01
2644011800,부산광역시,강서구,동선동,,18,1995-01-01
2644011900,부산광역시,강서구,성북동,,19,1995-01-01
2644012000,부산광역시,강서구,눌차동,,20,1995-01-01
2644012100,부산광역시,강서구,천성동,,21,1995-01-01
2644012200,부산광역시,강서구,대항동,,22,1995-01-01
2647000000,부산광역시,연제구,,,13,1995-03-01
2647010100,부산광역시,연제구,거제동,,1,1995-03-01
2647010200,부산광역시,연제구,연산동,,2,1995-03-01
2650000000,부산광역시,수영구,,,14,1995-03-01
2650010100,부산광역시,수영구,망미동,,1,1995-03-01
2650010200,부산광역시,수영구,수영동,,2,1995-03-01
2650010300,부산광역시,수영구,민락동,,3,1995-03-01
2650010400,부산광역시,수영구,광안동,,4,1995-03-01
2650010500,부산광역시,수영구,남천동,,5,1995-03-01
2653000000,부산광역시,사상구,,,15,1995-03-01
2653010100,부산광역시,사상구,삼락동,,1,1995-03-01
2653010200,부산광역시,사상구,모라동,,2,1995-03-01
2653010300,부산광역시,사상구,덕포동,,3,1995-03-01
2653010400,부산광역시,사상구,괘법동,,4,1995-03-01
2653010500,부산광역시,사상구,감전동,,5,1995-03-01
2653010600,부산광역시,사상구,주례동,,6,1995-03-01
2653010700,부산광역시,사상구,학장동,,7,1995-03-01
2653010800,부산광역시,사상구,엄궁동,,8,1995-03-01
2671000000,부산광역시,기장군,,,16,1995-03-01
2671025000,부산광역시,기장군,기장읍,,1,1995-03-01
2671025021,부산광역시,기장군,기장읍,동부리,1,1995-03-01
2671025022,부산광역시,기장군,기장읍,교리,2,1995-03-01
2671025023,부산광역시,기장군,기장읍,신천리,3,1995-03-01
2671025024,부산광역시,기장군,기장읍,죽성리,4,1995-03-01
2671025025,부산광역시,기장군,기장읍,서부리,5,1995-03-01
2671025026,부산광역시,기장군,기장읍,대라리,6,1995-03-01
2671025027,부산광역시,기장군,기장읍,청강리,7,1995-03-01
2671025028,부산광역시,기장군,기장읍,대변리,8,1995-03-01
2671025029,부산광역시,기장군,기장읍,연화리,9,1995-03-01
2671025030,부산광역시,기장군,기장읍,만화리,10,1995-03-01
2671025031,부산광역시,기장군,기장읍,석산리,11,1995-03-01
2671025032,부산광역시,기장군,기장읍,당사리,12,1995-03-01
2671025033,부산광역시,기장군,기장읍,시랑리,13,1995-03-01
2671025034,부산광역시,기장군,기장읍,내리,14,1995-03-01
2671025300,부산광역시,기장군,장안읍,,2,1995-03-01
2671025321,부산광역시,기장군,장안읍,좌천리,1,1995-03-01
2671025322,부산광역시,기장군,장안읍,효암리,2,1995-03-01
2671025323,부산광역시,기장군,장안읍,고리,3,1995-03-01
2671025324,부산광역시,기장군,장안읍,좌동리,4,1995-03-01
2671025325,부산광역시,기장군,장안읍,장안리,5,1995-03-01
2671025326,부산광역시,기장군,장안읍,덕선리,6,1995-03-01
2671025327,부산광역시,기장군,장안읍,용소리,7,1995-03-01
2671025328,부산광역시,기장군,장안읍,기룡리,8,1995-03-01
2671025329,부산광역시,기장군,장안읍,명례리,9,1995-03-01
2671025330,부산광역시,기장군,장안읍,월내리,10,1995-03-01
2671025331,부산광역시,기장군,장안읍,반룡리,11,1995-03-01
2671025332,부산광역시,기장군,장안읍,임랑리,12,1995-03-01
2671025333,부산광역시,기장군,장안읍,오리,13,1995-03-01
2671025334,부산광역시,기장군,장안읍,길천리,14,1995-03-01
2671025600,부산광역시,기장군,정관읍,,4,2015-09-23
2671025621,부산광역시,기장군,정관읍,방곡리,1,2015-09-23
2671025622,부산광역시,기장군,정관읍,매학리,2,2015-09-23
2671025623,부산광역시,기장군,정관읍,임곡리,3,2015-09-23
2671025624,부산광역시,기장군,정관읍,월평리,4,2015-09-23
2671025625,부산광역시,기장군,정관읍,달산리,5,2015-09-23
2671025626,부산광역시,기장군,정관읍,병산리,6,2015-09-23
2671025627,부산광역시,기장군,정관읍,모전리,7,2015-09-23
2671025628,부산광역시,기장군,정관읍,용수리,8,2015-09-23
2671025629,부산광역시,기장군,정관읍,두명리,9,2015-09-23
2671025630,부산광역시,기장군,정관읍,예림리,10,2015-09-23
2671025900,부산광역시,기장군,일광읍,,3,2022-04-05
2671025921,부산광역시,기장군,일광읍,삼성리,1,2022-04-05
2671025922,부산광역시,기장군,일광읍,이천리,2,2022-04-05
2671025923,부산광역시,기장군,일광읍,학리,3,2022-04-05
2671025924,부산광역시,기장군,일광읍,동백리,4,2022-04-05
2671025925,부산광역시,기장군,일광읍,문중리,5,2022-04-05
2671025926,부산광역시,기장군,일광읍,신평리,6,2022-04-05
2671025927,부산광역시,기장군,일광읍,칠암리,7,2022-04-05
2671025928,부산광역시,기장군,일광읍,문동리,8,2022-04-05
2671025929,부산광역시,기장군,일광읍,청광리,9,2022-04-05
2671025930,부산광역시,기장군,일광읍,원리,10,2022-04-05
2671025931,부산광역시,기장군,일광읍,화전리,11,2022-04-05
2671025932,부산광역시,기장군,일광읍,횡계리,12,2022-04-05
2671025933,부산광역시,기장군,일광읍,용천리,13,2022-04-05
2671033000,부산광역시,기장군,철마면,,5,1995-03-01
2671033021,부산광역시,기장군,철마면,와여리,1,1995-03-01
2671033022,부산광역시,기장군,철마면,장전리,2,1995-03-01
2671033023,부산광역시,기장군,철마면,백길리,3,1995-03-01
2671033024,부산광역시,기장군,철마면,송정리,4,1995-03-01
2671033025,부산광역시,기장군,철마면,웅천리,5,1995-03-01
2671033026,부산광역시,기장군,철마면,연구리,6,1995-03-01
2671033027,부산광역시,기장군,철마면,구칠리,7,1995-03-01
2671033028,부산광역시,기장군,철마면,이곡리,8,1995-03-01
2671033029,부산광역시,기장군,철마면,고촌리,9,1995-03-01
2671033030,부산광역시,기장군,철마면,안평리,10,1995-03-01
2671033031,부산광역시,기장군,철마면,임기리,11,1995-03-01
2700000000,대구광역시,,,,3,1995-01-01
2711000000,대구광역시,중구,,,1,1995-01-01
2711010100,대구광역시,중구,동인동1가,,1,1998-09-14
2711010200,대구광역시,중구,동인동2가,,2,1998-09-14
2711010300,대구광역시,중구,동인동3가,,3,1995-01-01
2711010400,대구광역시,중구,동인동4가,,4,1998-09-14
2711010500,대구광역시,중구,삼덕동1가,,5,1998-07-01
2711010600,대구광역시,중구,삼덕동2가,,6,1998-07-01
2711010700,대구광역시,중구,삼덕동3가,,7,1998-07-01
2711010800,대구광역시,중구,봉산동,,8,1998-09-14
2711010900,대구광역시,중구,장관동,,9,1998-09-14
2711011000,대구광역시,중구,상서동,,10,1998-09-14
2711011100,대구광역시,중구,수동,,11,1998-09-14
2711011200,대구광역시,중구,덕산동,,12,1998-09-14
2711011300,대구광역시,중구,종로1가,,13,1998-09-14
2711011400,대구광역시,중구,종로2가,,14,1998-09-14
2711011500,대구광역시,중구,사일동,,15,1998-09-14
2711011600,대구광역시,중구,동일동,,16,1998-09-14
2711011700,대구광역시,중구,남일동,,17,1998-09-14
2711011800,대구광역시,중구,전동,,18,1998-09-14
2711011900,대구광역시,중구,동성로3가,,19,1998-09-14
2711012000,대구광역시,중구,동문동,,20,1998-09-14
2711012100,대구광역시,중구,문화동,,21,1998-09-14
2711012200,대구광역시,중구,공평동,,22,1998-09-14
2711012300,대구광역시,중구,동성로2가,,23,1998-09-14
2711012400,대구광역시,중구,태평로1가,,24,1998-09-14
2711012500,대구광역시,중구,교동,,25,1998-09-14
2711012600,대구광역시,중구,용덕동,,26,1998-09-14
2711012700,대구광역시,중구,상덕동,,27,1998-09-14
2711012800,대구광역시,중구,완전동,,28,1998-09-14
2711012900,대구광역시,중구,도원동,,29,1998-09-14
2711013000,대구광역시,중구,수창동,,30,1998-09-14
2711013100,대구광역시,중구,태평로3가,,31,1998-09-14
2711013200,대구광역시,중구,인교동,,32,1998-09-14
2711013300,대구광역시,중구,서야동,,33,1998-09-14
2711013400,대구광역시,중구,서성로1가,,34,1998-09-14
2711013500,대구광역시,중구,시장북로,,35,1998-09-14
2711013600,대구광역시,중구,하서동,,36,1998-09-14
2711013700,대구광역시,중구,남성로,,37,1998-09-14
2711013800,대구광역시,중구,계산동1가,,38,1998-09-14
2711013900,대구광역시,중구,계산동2가,,39,1998-09-14
2711014000,대구광역시,중구,동산동,,40,1998-09-14
2711014100,대구광역시,중구,서문로2가,,41,1998-09-14
2711014200,대구광역시,중구,서성로2가,,42,1998-09-14
2711014300,대구광역시,중구,포정동,,43,1998-09-14
2711014400,대구광역시,중구,서문로1가,,44,1998-09-14
2711014500,대구광역시,중구,서내동,,45,1998-09-14
2711014600,대구광역시,중구,북성로2가,,46,1998-09-14
2711014700,대구광역시,중구,대안동,,47,1998-09-14
2711014800,대구광역시,중구,동성로1가,,48,1998-09-14
2711014900,대구광역시,중구,태평로2가,,49,1998-09-14
2711015000,대구광역시,중구,북성로1가,,50,1998-09-14
2711015100,대구광역시,중구,화전동,,51,1998-09-14
2711015200,대구광역시,중구,향촌동,,52,1998-09-14
2711015300,대구광역시,중구,북내동,,53,1998-09-14
2711015400,대구광역시,중구,대신동,,54,1998-09-14
2711015500,대구광역시,중구,달성동,,55,1998-09-14
2711015600,대구광역시,중구,남산동,,56,1995-01-01
2711015700,대구광역시,중구,대봉동,,57,1995-01-01
2714000000,대구광역시,동구,,,2,1995-01-01
2714010100,대구광역시,동구,신암동,,1,1995-01-01
2714010200,대구광역시,동구,신천동,,2,1998-09-01
2714010300,대구광역시,동구,효목동,,3,1995-01-01
2714010400,대구광역시,동구,평광동,,4,1998-09-01
2714010500,대구광역시,동구,봉무동,,5,1995-01-01
2714010600,대구광역시,동구,불로동,,6,1995-01-01
2714010700,대구광역시,동구,도동,,7,1998-09-01
2714010800,대구광역시,동구,지저동,,8,1995-01-01
2714010900,대구광역시,동구,입석동,,9,1998-09-01
2714011000,대구광역시,동구,검사동,,10,1998-09-01
2714011100,대구광역시,동구,방촌동,,11,1998-09-01
2714011200,대구광역시,동구,둔산동,,12,1998-09-01
2714011300,대구광역시,동구,부동,,13,1998-09-01
2714011400,대구광역시,동구,신평동,,14,1998-09-01
2714011500,대구광역시,동구,서호동,,15,1998-09-01
2714011600,대구광역시,동구,동호동,,16,1998-09-01
2714011700,대구광역시,동구,신기동,,17,1995-01-01
2714011800,대구광역시,동구,율하동,,18,1995-01-01
2714011900,대구광역시,동구,용계동,,19,1995-01-01
2714012000,대구광역시,동구,율암동,,20,1995-01-01
2714012100,대구광역시,동구,상매동,,21,1995-01-01
2714012200,대구광역시,동구,매여동,,22,1995-01-01
2714012300,대구광역시,동구,각산동,,23,1998-09-01
2714012400,대구광역시,동구,신서동,,24,1998-09-01
2714012500,대구광역시,동구,동내동,,25,1998-09-01
2714012600,대구광역시,동구,괴전동,,26,1998-09-01
2714012700,대구광역시,동구,금강동,,27,1998-09-01
2714012800,대구광역시,동구,대림동,,28,1998-09-01
2714012900,대구광역시,동구,사복동,,29,1998-09-01
2714013000,대구광역시,동구,숙천동,,30,1998-09-01
2714013100,대구광역시,동구,내곡동,,31,1998-09-01
2714013200,대구광역시,동구,능성동,,32,1998-09-01
2714013300,대구광역시,동구,진인동,,33,1998-09-01
2714013400,대구광역시,동구,도학동,,34,1998-09-01
2714013500,대구광역시,동구,백안동,,35,1998-09-01
2714013600,대구광역시,동구,미곡동,,36,1998-09-01
2714013700,대구광역시,동구,용수동,,37,1998-09-01
2714013800,대구광역시,동구,신무동,,38,1998-09-01
2714013900,대구광역시,동구,미대동,,39,1998-09-01
2714014000,대구광역시,동구,내동,,40,1998-09-01
2714014100,대구광역시,동구,신용동,,41,1998-09-01
2714014200,대구광역시,동구,중대동,,42,1998-09-01
2714014300,대구광역시,동구,송정동,,43,1998-09-01
2714014400,대구광역시,동구,덕곡동,,44,1998-09-01
2714014500,대구광역시,동구,지묘동,,45,1998-09-01
2717000000,대구광역시,서구,,,3,1995-01-01
2717010100,대구광역시,서구,내당동,,1,1995-01-01
2717010200,대구광역시,서구,비산동,,2,1995-01-01
2717010300,대구광역시,서구,평리동,,3,1995-01-01
2717010400,대구광역시,서구,상리동,,4,1998-09-25
2717010500,대구광역시,서구,중리동,,5,1998-09-25
2717010600,대구광역시,서구,이현동,,6,1998-09-25
2717010700,대구광역시,서구,원대동1가,,7,1997-01-01
2717010800,대구광역시,서구,원대동2가,,8,1997-01-01
2717010900,대구광역시,서구,원대동3가,,9,1997-01-01
2720000000,대구광역시,남구,,,4,1995-01-01
2720010100,대구광역시,남구,이천동,,1,1998-07-01
2720010200,대구광역시,남구,봉덕동,,2,1995-01-01
2720010300,대구광역시,남구,대명동,,3,1998-07-01
2723000000,대구광역시,북구,,,5,1995-01-01
2723010100,대구광역시,북구,칠성동1가,,1,1998-10-12
2723010200,대구광역시,북구,칠성동2가,,2,1998-10-12
2723010300,대구광역시,북구,고성동1가,,3,1995-01-01
2723010400,대구광역시,북구,고성동2가,,4,1995-01-01
2723010500,대구광역시,북구,고성동3가,,5,1995-01-01
2723010600,대구광역시,북구,침산동,,6,1995-01-01
2723010700,대구광역시,북구,노원동1가,,7,1998-10-12
2723010800,대구광역시,북구,노원동2가,,8,1998-10-12
2723010900,대구광역시,북구,노원동3가,,9,1998-10-12
2723011000,대구광역시,북구,대현동,,10,1998-10-12
2723011100,대구광역시,북구,산격동,,11,1995-01-01
2723011200,대구광역시,북구,복현동,,12,1995-01-01
2723011300,대구광역시,북구,검단동,,13,1995-01-01
2723011400,대구광역시,북구,동변동,,14,1998-10-12
2723011500,대구광역시,북구,서변동,,15,1998-10-12
2723011600,대구광역시,북구,조야동,,16,1998-10-12
2723011700,대구광역시,북구,노곡동,,17,1998-10-12
2723011800,대구광역시,북구,읍내동,,18,1995-01-01
2723011900,대구광역시,북구,동호동,,19,1995-01-01
2723012000,대구광역시,북구,학정동,,20,1995-01-01
2723012100,대구광역시,북구,도남동,,21,1995-01-01
2723012200,대구광역시,북구,국우동,,22,1995-01-01
2723012300,대구광역시,북구,구암동,,23,1995-01-01
2723012400,대구광역시,북구,동천동,,24,1995-01-01
2723012500,대구광역시,북구,관음동,,25,1995-01-01
2723012600,대구광역시,북구,태전동,,26,1995-01-01
2723012700,대구광역시,북구,매천동,,27,1995-01-01
2723012800,대구광역시,북구,팔달동,,28,1995-01-01
2723012900,대구광역시,북구,금호동,,29,1995-01-01
2723013000,대구광역시,북구,사수동,,30,1995-01-01
2723013100,대구광역시,북구,연경동,,31,1998-10-12
2726000000,대구광역시,수성구,,,6,1995-01-01
2726010100,대구광역시,수성구,범어동,,1,1995-01-01
2726010200,대구광역시,수성구,만촌동,,2,1995-01-01
2726010300,대구광역시,수성구,수성동1가,,3,1995-01-01
2726010400,대구광역시,수성구,수성동2가,,4,1995-01-01
2726010500,대구광역시,수성구,수성동3가,,5,1995-01-01
2726010600,대구광역시,수성구,수성동4가,,6,1995-01-01
2726010700,대구광역시,수성구,황금동,,7,1995-01-01
2726010800,대구광역시,수성구,중동,,8,1995-01-01
2726010900,대구광역시,수성구,상동,,9,1995-01-01
2726011000,대구광역시,수성구,파동,,10,1995-01-01
2726011100,대구광역시,수성구,두산동,,11,1995-01-01
2726011200,대구광역시,수성구,지산동,,12,1995-01-01
2726011300,대구광역시,수성구,범물동,,13,1996-01-01
2726011400,대구광역시,수성구,시지동,,14,1995-01-01
2726011500,대구광역시,수성구,매호동,,15,1996-01-01
2726011600,대구광역시,수성구,성동,,16,1996-01-01
2726011700,대구광역시,수성구,사월동,,17,1995-01-01
2726011800,대구광역시,수성구,신매동,,18,1995-01-01
2726011900,대구광역시,수성구,욱수동,,19,1995-01-01
2726012000,대구광역시,수성구,노변동,,20,1995-01-01
2726012200,대구광역시,수성구,삼덕동,,22,1995-01-01
2726012300,대구광역시,수성구,연호동,,23,1995-01-01
2726012400,대구광역시,수성구,이천동,,24,1995-01-01
2726012500,대구광역시,수성구,고모동,,25,1995-01-01
2726012600,대구광역시,수성구,가천동,,26,1995-01-01
2726012700,대구광역시,수성구,대흥동,,0,1998-07-01
2729000000,대구광역시,달서구,,,7,1995-01-01
2729010100,대구광역시,달서구,성당동,,1,1995-01-01
2729010200,대구광역시,달서구,두류동,,2,1995-01-01
2729010400,대구광역시,달서구,파호동,,4,1996-01-01
2729010500,대구광역시,달서구,호림동,,5,1996-01-01
2729010600,대구광역시,달서구,갈산동,,6,1996-02-01
2729010700,대구광역시,달서구,신당동,,7,1996-02-01
2729010800,대구광역시,달서구,이곡동,,8,1996-02-01
2729010900,대구광역시,달서구,장동,,9,1996-02-01
2729011000,대구광역시,달서구,장기동,,10,1996-02-01
2729011100,대구광역시,달서구,용산동,,11,1996-02-01
2729011200,대구광역시,달서구,죽전동,,12,1996-02-01
2729011300,대구광역시,달서구,감삼동,,13,1996-02-01
2729011400,대구광역시,달서구,본리동,,14,1995-01-01
2729011500,대구광역시,달서구,상인동,,15,1996-02-01
2729011600,대구광역시,달서구,도원동,,16,1997-03-15
2729011700,대구광역시,달서구,진천동,,17,1996-02-01
2729011800,대구광역시,달서구,유천동,,18,1996-02-01
2729011900,대구광역시,달서구,대천동,,19,1996-02-01
2729012000,대구광역시,달서구,월성동,,20,1996-02-01
2729012100,대구광역시,달서구,월암동,,21,1996-02-01
2729012200,대구광역시,달서구,송현동,,22,1995-01-01
2729012300,대구광역시,달서구,대곡동,,23,1996-02-01
2729012400,대구광역시,달서구,본동,,24,1995-01-01
2729012500,대구광역시,달서구,호산동,,1,2005-04-30
2771000000,대구광역시,달성군,,,8,1995-03-01
2771025000,대구광역시,달성군,화원읍,,1,1995-03-01
2771025021,대구광역시,달성군,화원읍,천내리,1,1995-03-01
2771025022,대구광역시,달성군,화원읍,구라리,2,1995-03-01
2771025023,대구광역시,달성군,화원읍,성산리,3,1995-03-01
2771025024,대구광역시,달성군,화원읍,설화리,4,1995-03-01
2771025025,대구광역시,달성군,화원읍,명곡리,5,1995-03-01
2771025026,대구광역시,달성군,화원읍,본리리,6,1995-03-01
2771025300,대구광역시,달성군,논공읍,,2,1996-09-01
2771025321,대구광역시,달성군,논공읍,노이리,1,1996-09-01
2771025322,대구광역시,달성군,논공읍,금포리,2,1996-09-01
2771025323,대구광역시,달성군,논공읍,삼리리,3,1996-09-01
2771025324,대구광역시,달성군,논공읍,위천리,4,1996-09-01
2771025325,대구광역시,달성군,논공읍,상리,5,1996-09-01
2771025326,대구광역시,달성군,논공읍,하리,6,1996-09-01
2771025327,대구광역시,달성군,논공읍,남리,7,1996-09-01
2771025328,대구광역시,달성군,논공읍,북리,8,1996-09-01
2771025329,대구광역시,달성군,논공읍,본리리,9,1996-09-01
2771025600,대구광역시,달성군,다사읍,,3,1997-11-01
2771025621,대구광역시,달성군,다사읍,이천리,1,1997-11-01
2771025622,대구광역시,달성군,다사읍,달천리,2,1997-11-01
2771025623,대구광역시,달성군,다사읍,박곡리,3,1997-11-01
2771025624,대구광역시,달성군,다사읍,방천리,4,1997-11-01
2771025625,대구광역시,달성군,다사읍,서재리,5,1997-11-01
2771025626,대구광역시,달성군,다사읍,세천리,6,1997-11-01
2771025627,대구광역시,달성군,다사읍,죽곡리,7,1997-11-01
2771025628,대구광역시,달성군,다사읍,매곡리,8,1997-11-01
2771025629,대구광역시,달성군,다사읍,부곡리,9,1997-11-01
2771025630,대구광역시,달성군,다사읍,문양리,10,1997-11-01
2771025631,대구광역시,달성군,다사읍,문산리,11,1997-11-01
2771025900,대구광역시,달성군,유가읍,,8,2018-02-27
2771025921,대구광역시,달성군,유가읍,음리,1,2018-02-27
2771025922,대구광역시,달성군,유가읍,양리,2,2018-02-27
2771025923,대구광역시,달성군,유가읍,용리,3,2018-02-27
2771025924,대구광역시,달성군,유가읍,봉리,4,2018-02-27
2771025925,대구광역시,달성군,유가읍,쌍계리,5,2018-02-27
2771025926,대구광역시,달성군,유가읍,초곡리,6,2018-02-27
2771025927,대구광역시,달성군,유가읍,상리,7,2018-02-27
2771025928,대구광역시,달성군,유가읍,금리,8,2018-02-27
2771025929,대구광역시,달성군,유가읍,유곡리,9,2018-02-27
2771025930,대구광역시,달성군,유가읍,도의리,10,2018-02-27
2771025931,대구광역시,달성군,유가읍,가태리,11,2018-02-27
2771025932,대구광역시,달성군,유가읍,한정리,12,2018-02-27
2771025933,대구광역시,달성군,유가읍,본말리,13,2018-02-27
2771026200,대구광역시,달성군,옥포읍,,6,2018-10-31
2771026221,대구광역시,달성군,옥포읍,신당리,1,2018-10-31
2771026222,대구광역시,달성군,옥포읍,교항리,2,2018-10-31
2771026223,대구광역시,달성군,옥포읍,강림리,3,2018-10-31
2771026224,대구광역시,달성군,옥포읍,송촌리,4,2018-10-31
2771026225,대구광역시,달성군,옥포읍,간경리,5,2018-10-31
2771026226,대구광역시,달성군,옥포읍,기세리,6,2018-10-31
2771026227,대구광역시,달성군,옥포읍,반송리,7,2018-10-31
2771026228,대구광역시,달성군,옥포읍,김흥리,8,2018-10-31
2771026229,대구광역시,달성군,옥포읍,본리리,9,2018-10-31
2771026500,대구광역시,달성군,현풍읍,,7,2018-10-31
2771026521,대구광역시,달성군,현풍읍,상리,1,2018-10-31
2771026522,대구광역시,달성군,현풍읍,중리,2,2018-10-31
2771026523,대구광역시,달성군,현풍읍,부리,3,2018-10-31
2771026524,대구광역시,달성군,현풍읍,하리,4,2018-10-31
2771026525,대구광역시,달성군,현풍읍,성하리,5,2018-10-31
2771026526,대구광역시,달성군,현풍읍,원교리,6,2018-10-31
2771026527,대구광역시,달성군,현풍읍,자모리,7,2018-10-31
2771026528,대구광역시,달성군,현풍읍,오산리,8,2018-10-31
2771026529,대구광역시,달성군,현풍읍,지리,9,2018-10-31
2771026530,대구광역시,달성군,현풍읍,대리,10,2018-10-31
2771026531,대구광역시,달성군,현풍읍,신기리,11,2018-10-31
2771031000,대구광역시,달성군,가창면,,4,1995-03-01
2771031021,대구광역시,달성군,가창면,용계리,1,1995-03-01
2771031022,대구광역시,달성군,가창면,오리,2,1995-03-01
2771031023,대구광역시,달성군,가창면,정대리,3,1995-03-01
2771031024,대구광역시,달성군,가창면,냉천리,4,1995-03-01
2771031025,대구광역시,달성군,가창면,행정리,5,1995-03-01
2771031026,대구광역시,달성군,가창면,상원리,6,1995-03-01
2771031027,대구광역시,달성군,가창면,단산리,7,1995-03-01
2771031028,대구광역시,달성군,가창면,대일리,8,1995-03-01
2771031029,대구광역시,달성군,가창면,주리,9,1995-03-01
2771031030,대구광역시,달성군,가창면,옥분리,10,1995-03-01
2771031031,대구광역시,달성군,가창면,삼산리,11,1995-03-01
2771031032,대구광역시,달성군,가창면,우록리,12,1995-03-01
2771033000,대구광역시,달성군,하빈면,,5,1995-03-01
2771033021,대구광역시,달성군,하빈면,하산리,1,1995-03-01
2771033022,대구광역시,달성군,하빈면,묘리,2,1995-03-01
2771033023,대구광역시,달성군,하빈면,기곡리,3,1995-03-01
2771033024,대구광역시,달성군,하빈면,대평리,4,1995-03-01
2771033025,대구광역시,달성군,하빈면,무등리,5,1995-03-01
2771033026,대구광역시,달성군,하빈면,현내리,6,1995-03-01
2771033027,대구광역시,달성군,하빈면,감문리,7,1995-03-01
2771033028,대구광역시,달성군,하빈면,동곡리,8,1995-03-01
2771033029,대구광역시,달성군,하빈면,봉촌리,9,1995-03-01
2771038000,대구광역시,달성군,구지면,,9,1995-03-01
2771038021,대구광역시,달성군,구지면,창리,1,1995-03-01
2771038022,대구광역시,달성군,구지면,응암리,2,1995-03-01
2771038023,대구광역시,달성군,구지면,고봉리,3,1995-03-01
2771038024,대구광역시,달성군,구지면,가천리,4,1995-03-01
2771038025,대구광역시,달성군,구지면,평촌리,5,1995-03-01
2771038026,대구광역시,달성군,구지면,예현리,6,1995-03-01
2771038027,대구광역시,달성군,구지면,유산리,7,1995-03-01
2771038028,대구광역시,달성군,구지면,목단리,8,1995-03-01
2771038029,대구광역시,달성군,구지면,대암리,9,1995-03-01
2771038030,대구광역시,달성군,구지면,내리,10,1995-03-01
2771038031,대구광역시,달성군,구지면,화산리,11,1995-03-01
2771038032,대구광역시,달성군,구지면,수리리,12,1995-03-01
2771038033,대구광역시,달성군,구지면,징리,13,1995-03-01
2771038034,대구광역시,달성군,구지면,오설리,14,1995-03-01
2771038035,대구광역시,달성군,구지면,도동리,15,1995-03-01
2772000000,대구광역시,군위군,,,13,2023-06-30
2772025000,대구광역시,군위군,군위읍,,1,2023-06-30
2772025021,대구광역시,군위군,군위읍,동부리,1,2023-06-30
2772025022,대구광역시,군위군,군위읍,서부리,2,2023-06-30
2772025023,대구광역시,군위군,군위읍,금구리,3,2023-06-30
2772025024,대구광역시,군위군,군위읍,무성리,4,2023-06-30
2772025025,대구광역시,군위군,군위읍,수서리,5,2023-06-30
2772025026,대구광역시,군위군,군위읍,사직리,6,2023-06-30
2772025027,대구광역시,군위군,군위읍,내량리,7,2023-06-30
2772025028,대구광역시,군위군,군위읍,외량리,8,2023-06-30
2772025029,대구광역시,군위군,군위읍,삽령리,9,2023-06-30
2772025030,대구광역시,군위군,군위읍,대북리,10,2023-06-30
2772025031,대구광역시,군위군,군위읍,오곡리,11,2023-06-30
2772025032,대구광역시,군위군,군위읍,정리,12,2023-06-30
2772025033,대구광역시,군위군,군위읍,하곡리,13,2023-06-30
2772025034,대구광역시,군위군,군위읍,용대리,14,2023-06-30
2772025035,대구광역시,군위군,군위읍,상곡리,15,2023-06-30
2772025036,대구광역시,군위군,군위읍,광현리,16,2023-06-30
2772025037,대구광역시,군위군,군위읍,대흥리,17,2023-06-30
2772031000,대구광역시,군위군,소보면,,2,2023-06-30
2772031021,대구광역시,군위군,소보면,사리리,1,2023-06-30
2772031022,대구광역시,군위군,소보면,보현리,2,2023-06-30
2772031023,대구광역시,군위군,소보면,복성리,3,2023-06-30
2772031024,대구광역시,군위군,소보면,위성리,4,2023-06-30
2772031025,대구광역시,군위군,소보면,달산리,5,2023-06-30
2772031026,대구광역시,군위군,소보면,송원리,6,2023-06-30
2772031027,대구광역시,군위군,소보면,신계리,7,2023-06-30
2772031028,대구광역시,군위군,소보면,도산리,8,2023-06-30
2772031029,대구광역시,군위군,소보면,서경리,9,2023-06-30
2772031030,대구광역시,군위군,소보면,평호리,10,2023-06-30
2772031031,대구광역시,군위군,소보면,산법리,11,2023-06-30
2772031032,대구광역시,군위군,소보면,내의리,12,2023-06-30
2772031033,대구광역시,군위군,소보면,봉황리,13,2023-06-30
2772031034,대구광역시,군위군,소보면,봉소리,14,2023-06-30
2772032000,대구광역시,군위군,효령면,,3,2023-06-30
2772032021,대구광역시,군위군,효령면,노행리,1,2023-06-30
2772032022,대구광역시,군위군,효령면,오천리,2,2023-06-30
2772032023,대구광역시,군위군,효령면,성리,3,2023-06-30
2772032024,대구광역시,군위군,효령면,병수리,4,2023-06-30
2772032025,대구광역시,군위군,효령면,불로리,5,2023-06-30
2772032026,대구광역시,군위군,효령면,내리리,6,2023-06-30
2772032027,대구광역시,군위군,효령면,중구리,7,2023-06-30
2772032028,대구광역시,군위군,효령면,거매리,8,2023-06-30
2772032029,대구광역시,군위군,효령면,장군리,9,2023-06-30
2772032030,대구광역시,군위군,효령면,장기리,10,2023-06-30
2772032031,대구광역시,군위군,효령면,금매리,11,2023-06-30
2772032032,대구광역시,군위군,효령면,화계리,12,2023-06-30
2772032033,대구광역시,군위군,효령면,마시리,13,2023-06-30
2772032034,대구광역시,군위군,효령면,매곡리,14,2023-06-30
2772032035,대구광역시,군위군,효령면,고곡리,15,2023-06-30
2772033000,대구광역시,군위군,부계면,,4,2023-06-30
2772033021,대구광역시,군위군,부계면,창평리,1,2023-06-30
2772033022,대구광역시,군위군,부계면,가호리,2,2023-06-30
2772033023,대구광역시,군위군,부계면,춘산리,3,2023-06-30
2772033024,대구광역시,군위군,부계면,대율리,4,2023-06-30
2772033025,대구광역시,군위군,부계면,동산리,5,2023-06-30
2772033026,대구광역시,군위군,부계면,남산리,6,2023-06-30
2772033027,대구광역시,군위군,부계면,명산리,7,2023-06-30
2772033028,대구광역시,군위군,부계면,신화리,8,2023-06-30
2772034000,대구광역시,군위군,우보면,,5,2023-06-30
2772034021,대구광역시,군위군,우보면,나호리,1,2023-06-30
2772034022,대구광역시,군위군,우보면,이화리,2,2023-06-30
2772034023,대구광역시,군위군,우보면,두북리,3,2023-06-30
2772034024,대구광역시,군위군,우보면,선곡리,4,2023-06-30
2772034025,대구광역시,군위군,우보면,미성리,5,2023-06-30
2772034026,대구광역시,군위군,우보면,모산리,6,2023-06-30
2772034027,대구광역시,군위군,우보면,문덕리,7,2023-06-30
2772034028,대구광역시,군위군,우보면,달산리,8,2023-06-30
2772034029,대구광역시,군위군,우보면,봉산리,9,2023-06-30
2772035000,대구광역시,군위군,의흥면,,6,2023-06-30
2772035021,대구광역시,군위군,의흥면,읍내리,1,2023-06-30
2772035022,대구광역시,군위군,의흥면,수북리,2,2023-06-30
2772035023,대구광역시,군위군,의흥면,수서리,3,2023-06-30
2772035024,대구광역시,군위군,의흥면,이지리,4,2023-06-30
2772035025,대구광역시,군위군,의흥면,파전리,5,2023-06-30
2772035026,대구광역시,군위군,의흥면,신덕리,6,2023-06-30
2772035027,대구광역시,군위군,의흥면,지호리,7,2023-06-30
2772035028,대구광역시,군위군,의흥면,연계리,8,2023-06-30
2772035029,대구광역시,군위군,의흥면,매성리,9,2023-06-30
2772035030,대구광역시,군위군,의흥면,원산리,10,2023-06-30
2772035031,대구광역시,군위군,의흥면,금양리,11,2023-06-30
2772036000,대구광역시,군위군,산성면,,7,2023-06-30
2772036021,대구광역시,군위군,산성면,백학리,1,2023-06-30
2772036022,대구광역시,군위군,산성면,삼산리,2,2023-06-30
2772036023,대구광역시,군위군,산성면,봉림리,3,2023-06-30
2772036024,대구광역시,군위군,산성면,무암리,4,2023-06-30
2772036025,대구광역시,군위군,산성면,운산리,5,2023-06-30
2772036026,대구광역시,군위군,산성면,화본리,6,2023-06-30
2772036027,대구광역시,군위군,산성면,화전리,7,2023-06-30
2772037000,대구광역시,군위군,삼국유사면,,8,2023-06-30
2772037021,대구광역시,군위군,삼국유사면,화수리,1,2023-06-30
2772037022,대구광역시,군위군,삼국유사면,화북리,2,2023-06-30
2772037023,대구광역시,군위군,삼국유사면,괴산리,3,2023-06-30
2772037024,대구광역시,군위군,삼국유사면,학성리,4,2023-06-30
2772037025,대구광역시,군위군,삼국유사면,장곡리,5,2023-06-30
2772037026,대구광역시,군위군,삼국유사면,인곡리,6,2023-06-30
2772037027,대구광역시,군위군,삼국유사면,양지리,7,2023-06-30
2772037028,대구광역시,군위군,삼국유사면,낙전리,8,2023-06-30
2772037029,대구광역시,군위군,삼국유사면,가암리,9,2023-06-30
2772037030,대구광역시,군위군,삼국유사면,석산리,10,2023-06-30
2772037031,대구광역시,군위군,삼국유사면,학암리,11,2023-06-30
2800000000,인천광역시,,,,4,1995-01-01
2812500000,인천광역시,제물포구,,,1,2026-06-30
2812510100,인천광역시,제물포구,만석동,,48,2026-06-30
2812510200,인천광역시,제물포구,화수동,,49,2026-06-30
2812510300,인천광역시,제물포구,송현동,,52,2026-06-30
2812510400,인천광역시,제물포구,화평동,,50,2026-06-30
2812510500,인천광역시,제물포구,창영동,,61,2026-06-30
2812510600,인천광역시,제물포구,금곡동,,60,2026-06-30
2812510700,인천광역시,제물포구,송림동,,62,2026-06-30
2812510800,인천광역시,제물포구,중앙동1가,,1,2026-06-30
2812510900,인천광역시,제물포구,중앙동2가,,2,2026-06-30
2812511000,인천광역시,제물포구,중앙동3가,,3,2026-06-30
2812511100,인천광역시,제물포구,중앙동4가,,4,2026-06-30
2812511200,인천광역시,제물포구,해안동1가,,5,2026-06-30
2812511300,인천광역시,제물포구,해안동2가,,6,2026-06-30
2812511400,인천광역시,제물포구,해안동3가,,7,2026-06-30
2812511500,인천광역시,제물포구,해안동4가,,8,2026-06-30
2812511600,인천광역시,제물포구,관동1가,,9,2026-06-30
2812511700,인천광역시,제물포구,관동2가,,10,2026-06-30
2812511800,인천광역시,제물포구,관동3가,,11,2026-06-30
2812511900,인천광역시,제물포구,항동1가,,12,2026-06-30
2812512000,인천광역시,제물포구,항동2가,,13,2026-06-30
2812512100,인천광역시,제물포구,항동3가,,14,2026-06-30
2812512200,인천광역시,제물포구,항동4가,,15,2026-06-30
2812512300,인천광역시,제물포구,항동5가,,16,2026-06-30
2812512400,인천광역시,제물포구,항동6가,,17,2026-06-30
2812512500,인천광역시,제물포구,항동7가,,18,2026-06-30
2812512600,인천광역시,제물포구,송학동1가,,19,2026-06-30
2812512700,인천광역시,제물포구,송학동2가,,20,2026-06-30
2812512800,인천광역시,제물포구,송학동3가,,21,2026-06-30
2812512900,인천광역시,제물포구,사동,,22,2026-06-30
2812513000,인천광역시,제물포구,신생동,,23,2026-06-30
2812513100,인천광역시,제물포구,신포동,,24,2026-06-30
2812513200,인천광역시,제물포구,답동,,25,2026-06-30
2812513300,인천광역시,제물포구,신흥동1가,,28,2026-06-30
2812513400,인천광역시,제물포구,신흥동2가,,29,2026-06-30
2812513500,인천광역시,제물포구,신흥동3가,,30,2026-06-30
2812513600,인천광역시,제물포구,선화동,,31,2026-06-30
2812513700,인천광역시,제물포구,유동,,33,2026-06-30
2812513800,인천광역시,제물포구,율목동,,34,2026-06-30
2812513900,인천광역시,제물포구,도원동,,32,2026-06-30
2812514000,인천광역시,제물포구,내동,,35,2026-06-30
2812514100,인천광역시,제물포구,경동,,36,2026-06-30
2812514200,인천광역시,제물포구,용동,,37,2026-06-30
2812514300,인천광역시,제물포구,인현동,,38,2026-06-30
2812514400,인천광역시,제물포구,전동,,39,2026-06-30
2812514500,인천광역시,제물포구,북성동1가,,27,2026-06-30
2812514600,인천광역시,제물포구,북성동2가,,41,2026-06-30
2812514700,인천광역시,제물포구,북성동3가,,42,2026-06-30
2812514800,인천광역시,제물포구,선린동,,43,2026-06-30
2812514900,인천광역시,제물포구,송월동1가,,44,2026-06-30
2812515000,인천광역시,제물포구,송월동2가,,45,2026-06-30
2812515100,인천광역시,제물포구,송월동3가,,46,2026-06-30
2815500000,인천광역시,영종구,,,1,2026-06-30
2815510100,인천광역시,영종구,중산동,,1,2026-06-30
2815510200,인천광역시,영종구,운남동,,2,2026-06-30
2815510300,인천광역시,영종구,운서동,,7,2026-06-30
2815510400,인천광역시,영종구,운북동,,3,2026-06-30
2815510500,인천광역시,영종구,을왕동,,9,2026-06-30
2815510600,인천광역시,영종구,남북동,,10,2026-06-30
2815510700,인천광역시,영종구,덕교동,,11,2026-06-30
2815510800,인천광역시,영종구,무의동,,12,2026-06-30
2817700000,인천광역시,미추홀구,,,0,2018-07-01
2817710100,인천광역시,미추홀구,숭의동,,1,2018-07-01
2817710200,인천광역시,미추홀구,용현동,,2,2018-07-01
2817710300,인천광역시,미추홀구,학익동,,3,2018-07-01
2817710400,인천광역시,미추홀구,도화동,,4,2018-07-01
2817710500,인천광역시,미추홀구,주안동,,5,2018-07-01
2817710600,인천광역시,미추홀구,관교동,,6,2018-07-01
2817710700,인천광역시,미추홀구,문학동,,7,2018-07-01
2818500000,인천광역시,연수구,,,4,1995-03-01
2818510100,인천광역시,연수구,옥련동,,1,1995-03-01
2818510200,인천광역시,연수구,선학동,,2,1995-03-01
2818510300,인천광역시,연수구,연수동,,3,1995-03-01
2818510400,인천광역시,연수구,청학동,,4,1995-03-01
2818510500,인천광역시,연수구,동춘동,,5,1995-03-01
2818510600,인천광역시,연수구,송도동,,1,2006-03-06
2820000000,인천광역시,남동구,,,5,1995-01-01
2820010100,인천광역시,남동구,구월동,,1,1995-01-01
2820010200,인천광역시,남동구,간석동,,2,1995-01-01
2820010300,인천광역시,남동구,만수동,,3,1995-01-01
2820010400,인천광역시,남동구,장수동,,4,1998-11-01
2820010500,인천광역시,남동구,서창동,,5,1998-11-01
2820010600,인천광역시,남동구,운연동,,6,1998-11-01
2820010700,인천광역시,남동구,남촌동,,7,1998-11-01
2820010800,인천광역시,남동구,수산동,,8,1998-11-01
2820010900,인천광역시,남동구,도림동,,9,1998-11-01
2820011000,인천광역시,남동구,논현동,,10,1998-11-01
2820011100,인천광역시,남동구,고잔동,,11,1998-11-01
2823700000,인천광역시,부평구,,,6,1995-03-01
2823710100,인천광역시,부평구,부평동,,1,1995-03-01
2823710200,인천광역시,부평구,십정동,,2,1995-03-01
2823710300,인천광역시,부평구,산곡동,,3,1995-03-01
2823710400,인천광역시,부평구,청천동,,4,1995-03-01
2823710500,인천광역시,부평구,삼산동,,5,1995-03-01
2823710600,인천광역시,부평구,갈산동,,6,1995-03-01
2823710700,인천광역시,부평구,부개동,,7,1995-03-01
2823710800,인천광역시,부평구,일신동,,8,1995-03-01
2823710900,인천광역시,부평구,구산동,,9,1995-03-01
2824500000,인천광역시,계양구,,,7,1995-03-01
2824510100,인천광역시,계양구,효성동,,1,1995-03-01
2824510200,인천광역시,계양구,계산동,,2,1995-03-01
2824510300,인천광역시,계양구,작전동,,3,1998-11-01
2824510400,인천광역시,계양구,서운동,,4,1998-11-01
2824510500,인천광역시,계양구,임학동,,5,1995-03-01
2824510600,인천광역시,계양구,용종동,,6,1997-07-07
2824510700,인천광역시,계양구,병방동,,7,1995-03-01
2824510800,인천광역시,계양구,방축동,,8,1995-03-01
2824510900,인천광역시,계양구,박촌동,,9,1995-03-01
2824511000,인천광역시,계양구,동양동,,10,1995-03-01
2824511100,인천광역시,계양구,귤현동,,11,1995-03-01
2824511200,인천광역시,계양구,상야동,,12,1995-03-01
2824511300,인천광역시,계양구,하야동,,13,1995-03-01
2824511400,인천광역시,계양구,평동,,14,1995-03-01
2824511500,인천광역시,계양구,노오지동,,15,1995-03-01
2824511600,인천광역시,계양구,선주지동,,16,1995-03-01
2824511700,인천광역시,계양구,이화동,,17,1995-03-01
2824511800,인천광역시,계양구,오류동,,18,1995-03-01
2824511900,인천광역시,계양구,갈현동,,19,1995-03-01
2824512000,인천광역시,계양구,둑실동,,20,1995-03-01
2824512100,인천광역시,계양구,목상동,,21,1995-03-01
2824512200,인천광역시,계양구,다남동,,22,1995-03-01
2824512300,인천광역시,계양구,장기동,,23,1995-03-01
2827500000,인천광역시,서해구,,,1,2026-06-30
2827510100,인천광역시,서해구,검암동,,2,2026-06-30
2827510200,인천광역시,서해구,경서동,,3,2026-06-30
2827510300,인천광역시,서해구,공촌동,,5,2026-06-30
2827510400,인천광역시,서해구,연희동,,6,2026-06-30
2827510500,인천광역시,서해구,심곡동,,7,2026-06-30
2827510600,인천광역시,서해구,가정동,,11,2026-06-30
2827510700,인천광역시,서해구,신현동,,14,2026-06-30
2827510800,인천광역시,서해구,석남동,,16,2026-06-30
2827510900,인천광역시,서해구,원창동,,15,2026-06-30
2827511000,인천광역시,서해구,가좌동,,19,2026-06-30
2827511100,인천광역시,서해구,청라동,,8,2026-06-30
2829000000,인천광역시,검단구,,,1,2026-06-30
2829010100,인천광역시,검단구,백석동,,7,2026-06-30
2829010200,인천광역시,검단구,시천동,,8,2026-06-30
2829010300,인천광역시,검단구,마전동,,1,2026-06-30
2829010400,인천광역시,검단구,당하동,,5,2026-06-30
2829010500,인천광역시,검단구,원당동,,6,2026-06-30
2829010600,인천광역시,검단구,대곡동,,3,2026-06-30
2829010700,인천광역시,검단구,금곡동,,2,2026-06-30
2829010800,인천광역시,검단구,오류동,,11,2026-06-30
2829010900,인천광역시,검단구,왕길동,,12,2026-06-30
2829011000,인천광역시,검단구,불로동,,4,2026-06-30
2871000000,인천광역시,강화군,,,9,1995-03-01
2871025000,인천광역시,강화군,강화읍,,1,1995-03-01
2871025021,인천광역시,강화군,강화읍,신문리,1,1995-03-01
2871025022,인천광역시,강화군,강화읍,관청리,2,1995-03-01
2871025023,인천광역시,강화군,강화읍,국화리,3,1995-03-01
2871025024,인천광역시,강화군,강화읍,남산리,4,1995-03-01
2871025025,인천광역시,강화군,강화읍,갑곳리,5,1995-03-01
2871025026,인천광역시,강화군,강화읍,용정리,6,1995-03-01
2871025027,인천광역시,강화군,강화읍,옥림리,7,1995-03-01
2871025028,인천광역시,강화군,강화읍,월곳리,8,1995-03-01
2871025029,인천광역시,강화군,강화읍,대산리,9,1995-03-01
2871031000,인천광역시,강화군,선원면,,2,1995-03-01
2871031021,인천광역시,강화군,선원면,금월리,1,1995-03-01
2871031022,인천광역시,강화군,선원면,연리,2,1995-03-01
2871031023,인천광역시,강화군,선원면,지산리,3,1995-03-01
2871031024,인천광역시,강화군,선원면,신정리,4,1995-03-01
2871031025,인천광역시,강화군,선원면,창리,5,1995-03-01
2871031026,인천광역시,강화군,선원면,선행리,6,1995-03-01
2871031027,인천광역시,강화군,선원면,냉정리,7,1995-03-01
2871032000,인천광역시,강화군,불은면,,3,1995-03-01
2871032021,인천광역시,강화군,불은면,두운리,1,1995-03-01
2871032022,인천광역시,강화군,불은면,고능리,2,1995-03-01
2871032023,인천광역시,강화군,불은면,오두리,3,1995-03-01
2871032024,인천광역시,강화군,불은면,넙성리,4,1995-03-01
2871032025,인천광역시,강화군,불은면,신현리,5,1995-03-01
2871032026,인천광역시,강화군,불은면,삼동암리,6,1995-03-01
2871032027,인천광역시,강화군,불은면,삼성리,7,1995-03-01
2871032028,인천광역시,강화군,불은면,덕성리,8,1995-03-01
2871033000,인천광역시,강화군,길상면,,4,1995-03-01
2871033021,인천광역시,강화군,길상면,온수리,1,1995-03-01
2871033022,인천광역시,강화군,길상면,선두리,2,1995-03-01
2871033023,인천광역시,강화군,길상면,동검리,3,1995-03-01
2871033024,인천광역시,강화군,길상면,초지리,4,1995-03-01
2871033025,인천광역시,강화군,길상면,장흥리,5,1995-03-01
2871033026,인천광역시,강화군,길상면,길직리,6,1995-03-01
2871034000,인천광역시,강화군,화도면,,5,1995-03-01
2871034021,인천광역시,강화군,화도면,내리,1,1995-03-01
2871034022,인천광역시,강화군,화도면,상방리,2,1995-03-01
2871034023,인천광역시,강화군,화도면,문산리,3,1995-03-01
2871034024,인천광역시,강화군,화도면,덕포리,4,1995-03-01
2871034025,인천광역시,강화군,화도면,사기리,5,1995-03-01
2871034026,인천광역시,강화군,화도면,동막리,6,1995-03-01
2871034027,인천광역시,강화군,화도면,흥왕리,7,1995-03-01
2871034028,인천광역시,강화군,화도면,여차리,8,1995-03-01
2871034029,인천광역시,강화군,화도면,장화리,9,1995-03-01
2871035000,인천광역시,강화군,양도면,,6,1995-03-01
2871035021,인천광역시,강화군,양도면,하일리,1,1995-03-01
2871035022,인천광역시,강화군,양도면,능내리,2,1995-03-01
2871035023,인천광역시,강화군,양도면,건평리,3,1995-03-01
2871035024,인천광역시,강화군,양도면,인산리,4,1995-03-01
2871035025,인천광역시,강화군,양도면,삼흥리,5,1995-03-01
2871035026,인천광역시,강화군,양도면,길정리,6,1995-03-01
2871035027,인천광역시,강화군,양도면,도장리,7,1995-03-01
2871035028,인천광역시,강화군,양도면,조산리,8,1995-03-01
2871036000,인천광역시,강화군,내가면,,7,1995-03-01
2871036021,인천광역시,강화군,내가면,고천리,1,1995-03-01
2871036022,인천광역시,강화군,내가면,오상리,2,1995-03-01
2871036023,인천광역시,강화군,내가면,외포리,3,1995-03-01
2871036024,인천광역시,강화군,내가면,황청리,4,1995-03-01
2871036025,인천광역시,강화군,내가면,구하리,5,1995-03-01
2871037000,인천광역시,강화군,하점면,,8,1995-03-01
2871037021,인천광역시,강화군,하점면,신봉리,1,1995-03-01
2871037022,인천광역시,강화군,하점면,장정리,2,1995-03-01
2871037023,인천광역시,강화군,하점면,부근리,3,1995-03-01
2871037024,인천광역시,강화군,하점면,삼거리,4,1995-03-01
2871037025,인천광역시,강화군,하점면,신삼리,5,1995-03-01
2871037026,인천광역시,강화군,하점면,망월리,6,1995-03-01
2871037027,인천광역시,강화군,하점면,창후리,7,1995-03-01
2871037028,인천광역시,강화군,하점면,이강리,8,1995-03-01
2871038000,인천광역시,강화군,양사면,,9,1995-03-01
2871038021,인천광역시,강화군,양사면,철산리,1,1995-03-01
2871038022,인천광역시,강화군,양사면,덕하리,2,1995-03-01
2871038023,인천광역시,강화군,양사면,북성리,3,1995-03-01
2871038024,인천광역시,강화군,양사면,교산리,4,1995-03-01
2871038025,인천광역시,강화군,양사면,인화리,5,1995-03-01
2871039000,인천광역시,강화군,송해면,,10,1995-03-01
2871039021,인천광역시,강화군,송해면,솔정리,1,1995-03-01
2871039022,인천광역시,강화군,송해면,신당리,2,1995-03-01
2871039023,인천광역시,강화군,송해면,숭뢰리,3,1995-03-01
2871039024,인천광역시,강화군,송해면,당산리,4,1995-03-01
2871039025,인천광역시,강화군,송해면,상도리,5,1995-03-01
2871039026,인천광역시,강화군,송해면,하도리,6,1995-03-01
2871039027,인천광역시,강화군,송해면,양오리,7,1995-03-01
2871040000,인천광역시,강화군,교동면,,11,1995-03-01
2871040021,인천광역시,강화군,교동면,대룡리,1,1995-03-01
2871040022,인천광역시,강화군,교동면,읍내리,2,1995-03-01
2871040023,인천광역시,강화군,교동면,상용리,3,1995-03-01
2871040024,인천광역시,강화군,교동면,봉소리,4,1995-03-01
2871040025,인천광역시,강화군,교동면,고구리,5,1995-03-01
2871040026,인천광역시,강화군,교동면,삼선리,6,1995-03-01
2871040027,인천광역시,강화군,교동면,인사리,7,1995-03-01
2871040028,인천광역시,강화군,교동면,난정리,8,1995-03-01
2871040029,인천광역시,강화군,교동면,양갑리,9,1995-03-01
2871040030,인천광역시,강화군,교동면,동산리,10,1995-03-01
2871040031,인천광역시,강화군,교동면,서한리,11,1995-03-01
2871040032,인천광역시,강화군,교동면,무학리,12,1995-03-01
2871040033,인천광역시,강화군,교동면,지석리,13,1995-03-01
2871041000,인천광역시,강화군,삼산면,,12,1995-03-01
2871041021,인천광역시,강화군,삼산면,석모리,1,1995-03-01
2871041022,인천광역시,강화군,삼산면,상리,2,1995-03-01
2871041023,인천광역시,강화군,삼산면,하리,3,1995-03-01
2871041024,인천광역시,강화군,삼산면,석포리,4,1995-03-01
2871041025,인천광역시,강화군,삼산면,매음리,5,1995-03-01
2871041026,인천광역시,강화군,삼산면,서검리,6,1995-03-01
2871041027,인천광역시,강화군,삼산면,미법리,7,1995-03-01
2871042000,인천광역시,강화군,서도면,,13,1995-03-01
2871042021,인천광역시,강화군,서도면,주문도리,1,1995-03-01
2871042022,인천광역시,강화군,서도면,아차도리,2,1995-03-01
2871042023,인천광역시,강화군,서도면,말도리,3,1995-03-01
2871042024,인천광역시,강화군,서도면,볼음도리,4,1995-03-01
2872000000,인천광역시,옹진군,,,10,1995-03-01
2872031000,인천광역시,옹진군,북도면,,1,1995-03-01
2872031021,인천광역시,옹진군,북도면,시도리,1,1995-03-01
2872031022,인천광역시,옹진군,북도면,신도리,2,1995-03-01
2872031023,인천광역시,옹진군,북도면,모도리,3,1995-03-01
2872031024,인천광역시,옹진군,북도면,장봉리,4,1995-03-01
2872033000,인천광역시,옹진군,백령면,,3,1995-03-01
2872033021,인천광역시,옹진군,백령면,진촌리,1,1995-03-01
2872033022,인천광역시,옹진군,백령면,북포리,2,1995-03-01
2872033023,인천광역시,옹진군,백령면,가을리,3,1995-03-01
2872033024,인천광역시,옹진군,백령면,연화리,4,1995-03-01
2872033025,인천광역시,옹진군,백령면,남포리,5,1995-03-01
2872034000,인천광역시,옹진군,대청면,,4,1995-03-01
2872034021,인천광역시,옹진군,대청면,대청리,1,1995-03-01
2872034022,인천광역시,옹진군,대청면,소청리,2,1995-03-01
2872035000,인천광역시,옹진군,덕적면,,5,1995-03-01
2872035021,인천광역시,옹진군,덕적면,북리,1,1995-03-01
2872035022,인천광역시,옹진군,덕적면,진리,2,1995-03-01
2872035023,인천광역시,옹진군,덕적면,서포리,3,1995-03-01
2872035024,인천광역시,옹진군,덕적면,소야리,4,1995-03-01
2872035025,인천광역시,옹진군,덕적면,울도리,5,1995-03-01
2872035026,인천광역시,옹진군,덕적면,백아리,6,1995-03-01
2872035027,인천광역시,옹진군,덕적면,문갑리,7,1995-03-01
2872035028,인천광역시,옹진군,덕적면,굴업리,8,1995-03-01
2872036000,인천광역시,옹진군,영흥면,,6,1995-03-01
2872036021,인천광역시,옹진군,영흥면,외리,1,1995-03-01
2872036022,인천광역시,옹진군,영흥면,내리,2,1995-03-01
2872036023,인천광역시,옹진군,영흥면,선재리,3,1995-03-01
2872037000,인천광역시,옹진군,자월면,,7,1995-03-01
2872037021,인천광역시,옹진군,자월면,자월리,1,1995-03-01
2872037022,인천광역시,옹진군,자월면,이작리,2,1995-03-01
2872037023,인천광역시,옹진군,자월면,승봉리,3,1995-03-01
2872038000,인천광역시,옹진군,연평면,,2,1999-07-20
2872038021,인천광역시,옹진군,연평면,연평리,1,1999-07-20
3000000000,대전광역시,,,,6,1995-01-01
3011000000,대전광역시,동구,,,1,1995-01-01
3011010100,대전광역시,동구,원동,,1,1998-12-14
3011010200,대전광역시,동구,인동,,2,1995-01-01
3011010300,대전광역시,동구,효동,,3,1995-01-01
3011010400,대전광역시,동구,천동,,4,1995-01-01
3011010500,대전광역시,동구,가오동,,5,1995-01-01
3011010600,대전광역시,동구,신흥동,,6,1995-01-01
3011010700,대전광역시,동구,판암동,,7,1995-01-01
3011010800,대전광역시,동구,삼정동,,8,1995-01-01
3011010900,대전광역시,동구,용운동,,9,1995-01-01
3011011000,대전광역시,동구,대동,,10,1998-12-14
3011011100,대전광역시,동구,자양동,,11,1995-01-01
3011011200,대전광역시,동구,신안동,,12,1998-12-14
3011011300,대전광역시,동구,소제동,,13,1995-01-01
3011011400,대전광역시,동구,가양동,,14,1995-01-01
3011011500,대전광역시,동구,용전동,,15,1995-01-01
3011011600,대전광역시,동구,성남동,,16,1995-01-01
3011011700,대전광역시,동구,홍도동,,17,1995-01-01
3011011800,대전광역시,동구,삼성동,,18,1995-01-01
3011011900,대전광역시,동구,정동,,19,1998-12-14
3011012000,대전광역시,동구,중동,,20,1998-12-14
3011012100,대전광역시,동구,추동,,21,1998-12-14
3011012200,대전광역시,동구,비룡동,,22,1998-12-14
3011012300,대전광역시,동구,주산동,,23,1998-12-14
3011012400,대전광역시,동구,용계동,,24,1998-12-14
3011012500,대전광역시,동구,마산동,,25,1998-12-14
3011012600,대전광역시,동구,효평동,,26,1998-12-14
3011012700,대전광역시,동구,직동,,27,1998-12-14
3011012800,대전광역시,동구,세천동,,28,1998-12-14
3011012900,대전광역시,동구,신상동,,29,1998-12-14
3011013000,대전광역시,동구,신하동,,30,1998-12-14
3011013100,대전광역시,동구,신촌동,,31,1998-12-14
3011013200,대전광역시,동구,사성동,,32,1998-12-14
3011013300,대전광역시,동구,내탑동,,33,1998-12-14
3011013400,대전광역시,동구,오동,,34,1998-12-14
3011013500,대전광역시,동구,주촌동,,35,1998-12-14
3011013600,대전광역시,동구,낭월동,,36,1995-01-01
3011013700,대전광역시,동구,대별동,,37,1995-01-01
3011013800,대전광역시,동구,이사동,,38,1995-01-01
3011013900,대전광역시,동구,대성동,,39,1995-01-01
3011014000,대전광역시,동구,장척동,,40,1995-01-01
3011014100,대전광역시,동구,소호동,,41,1995-01-01
3011014200,대전광역시,동구,구도동,,42,1995-01-01
3011014300,대전광역시,동구,삼괴동,,43,1995-01-01
3011014400,대전광역시,동구,상소동,,44,1995-01-01
3011014500,대전광역시,동구,하소동,,45,1995-01-01
3014000000,대전광역시,중구,,,2,1995-01-01
3014010100,대전광역시,중구,은행동,,1,1998-11-23
3014010200,대전광역시,중구,선화동,,2,1998-11-23
3014010300,대전광역시,중구,목동,,3,1995-01-01
3014010400,대전광역시,중구,중촌동,,4,1995-01-01
3014010500,대전광역시,중구,대흥동,,5,1998-01-01
3014010600,대전광역시,중구,문창동,,6,1998-01-01
3014010700,대전광역시,중구,석교동,,7,1995-01-01
3014010800,대전광역시,중구,호동,,8,1995-01-01
3014010900,대전광역시,중구,옥계동,,9,1995-01-01
3014011000,대전광역시,중구,대사동,,10,1995-01-01
3014011100,대전광역시,중구,부사동,,11,1995-01-01
3014011200,대전광역시,중구,용두동,,12,1998-11-23
3014011300,대전광역시,중구,오류동,,13,1995-01-01
3014011400,대전광역시,중구,태평동,,14,1995-01-01
3014011500,대전광역시,중구,유천동,,15,1995-01-01
3014011600,대전광역시,중구,문화동,,16,1995-01-01
3014011700,대전광역시,중구,산성동,,17,1995-01-01
3014011800,대전광역시,중구,사정동,,18,1995-01-01
3014011900,대전광역시,중구,안영동,,19,1995-01-01
3014012000,대전광역시,중구,무수동,,20,1998-11-23
3014012100,대전광역시,중구,구완동,,21,1998-11-23
3014012200,대전광역시,중구,침산동,,22,1998-11-23
3014012300,대전광역시,중구,목달동,,23,1998-11-23
3014012400,대전광역시,중구,정생동,,24,1998-11-23
3014012500,대전광역시,중구,어남동,,25,1998-11-23
3014012600,대전광역시,중구,금동,,26,1998-11-23
3017000000,대전광역시,서구,,,3,1995-01-01
3017010100,대전광역시,서구,복수동,,1,1995-01-01
3017010200,대전광역시,서구,변동,,2,1995-01-01
3017010300,대전광역시,서구,도마동,,3,1995-01-01
3017010400,대전광역시,서구,정림동,,4,1995-01-01
3017010500,대전광역시,서구,용문동,,5,1995-01-01
3017010600,대전광역시,서구,탄방동,,6,1995-01-01
3017010800,대전광역시,서구,괴정동,,8,1995-01-01
3017010900,대전광역시,서구,가장동,,9,1995-01-01
3017011000,대전광역시,서구,내동,,10,1996-08-26
3017011100,대전광역시,서구,갈마동,,11,1998-01-01
3017011200,대전광역시,서구,둔산동,,12,1996-01-01
3017011300,대전광역시,서구,월평동,,13,1995-01-01
3017011400,대전광역시,서구,가수원동,,14,1995-01-01
3017011500,대전광역시,서구,도안동,,15,1995-01-01
3017011600,대전광역시,서구,관저동,,16,1995-01-01
3017011700,대전광역시,서구,흑석동,,17,1995-01-01
3017011800,대전광역시,서구,매노동,,18,1995-01-01
3017011900,대전광역시,서구,산직동,,19,1995-01-01
3017012000,대전광역시,서구,장안동,,20,1995-01-01
3017012100,대전광역시,서구,평촌동,,21,1995-01-01
3017012200,대전광역시,서구,오동,,22,1995-01-01
3017012300,대전광역시,서구,우명동,,23,1995-01-01
3017012400,대전광역시,서구,원정동,,24,1995-01-01
3017012500,대전광역시,서구,용촌동,,25,1995-01-01
3017012600,대전광역시,서구,봉곡동,,26,1995-01-01
3017012700,대전광역시,서구,괴곡동,,27,1995-01-01
3017012800,대전광역시,서구,만년동,,28,1998-01-01
3020000000,대전광역시,유성구,,,4,1995-01-01
3020010100,대전광역시,유성구,원내동,,1,1998-10-26
3020010200,대전광역시,유성구,교촌동,,2,1998-10-26
3020010300,대전광역시,유성구,대정동,,3,1998-10-26
3020010400,대전광역시,유성구,용계동,,4,1998-10-26
3020010500,대전광역시,유성구,학하동,,5,1998-10-26
3020010600,대전광역시,유성구,계산동,,6,1998-10-26
3020010700,대전광역시,유성구,성북동,,7,1998-10-26
3020010800,대전광역시,유성구,세동,,8,1998-10-26
3020010900,대전광역시,유성구,송정동,,9,1998-10-26
3020011000,대전광역시,유성구,방동,,10,1998-10-26
3020011100,대전광역시,유성구,봉명동,,11,1995-01-01
3020011200,대전광역시,유성구,구암동,,12,1995-01-01
3020011300,대전광역시,유성구,덕명동,,13,1995-01-01
3020011400,대전광역시,유성구,원신흥동,,14,1995-01-01
3020011500,대전광역시,유성구,상대동,,15,1995-01-01
3020011600,대전광역시,유성구,복용동,,16,1995-01-01
3020011700,대전광역시,유성구,장대동,,17,1995-01-01
3020011800,대전광역시,유성구,갑동,,18,1995-01-01
3020011900,대전광역시,유성구,노은동,,19,1995-01-01
3020012000,대전광역시,유성구,지족동,,20,1995-01-01
3020012100,대전광역시,유성구,죽동,,21,1995-01-01
3020012200,대전광역시,유성구,궁동,,22,1995-01-01
3020012300,대전광역시,유성구,어은동,,23,1995-01-01
3020012400,대전광역시,유성구,구성동,,24,1995-01-01
3020012500,대전광역시,유성구,신성동,,25,1995-01-01
3020012600,대전광역시,유성구,가정동,,26,1995-01-01
3020012700,대전광역시,유성구,도룡동,,27,1995-01-01
3020012800,대전광역시,유성구,장동,,28,1995-01-01
3020012900,대전광역시,유성구,방현동,,29,1995-01-01
3020013000,대전광역시,유성구,화암동,,30,1995-01-01
3020013100,대전광역시,유성구,덕진동,,31,1995-01-01
3020013200,대전광역시,유성구,하기동,,32,1995-01-01
3020013300,대전광역시,유성구,추목동,,33,1995-01-01
3020013400,대전광역시,유성구,자운동,,34,1995-01-01
3020013500,대전광역시,유성구,신봉동,,35,1995-01-01
3020013600,대전광역시,유성구,수남동,,36,1998-10-26
3020013700,대전광역시,유성구,안산동,,37,1998-10-26
3020013800,대전광역시,유성구,외삼동,,38,1998-10-26
3020013900,대전광역시,유성구,반석동,,39,1998-10-26
3020014000,대전광역시,유성구,문지동,,40,1995-01-01
3020014100,대전광역시,유성구,전민동,,41,1995-01-01
3020014200,대전광역시,유성구,원촌동,,42,1995-01-01
3020014300,대전광역시,유성구,탑립동,,43,1995-01-01
3020014400,대전광역시,유성구,용산동,,44,1995-01-01
3020014500,대전광역시,유성구,봉산동,,45,1995-01-01
3020014600,대전광역시,유성구,관평동,,46,1995-01-01
3020014700,대전광역시,유성구,송강동,,47,1995-01-01
3020014800,대전광역시,유성구,금고동,,48,1995-01-01
3020014900,대전광역시,유성구,대동,,49,1995-01-01
3020015000,대전광역시,유성구,금탄동,,50,1995-01-01
3020015100,대전광역시,유성구,신동,,51,1995-01-01
3020015200,대전광역시,유성구,둔곡동,,52,1995-01-01
3020015300,대전광역시,유성구,구룡동,,53,1995-01-01
3023000000,대전광역시,대덕구,,,5,1995-01-01
3023010100,대전광역시,대덕구,오정동,,1,1995-01-01
3023010200,대전광역시,대덕구,대화동,,2,1995-01-01
3023010300,대전광역시,대덕구,읍내동,,3,1995-01-01
3023010400,대전광역시,대덕구,연축동,,4,1995-01-01
3023010500,대전광역시,대덕구,신대동,,5,1995-01-01
3023010600,대전광역시,대덕구,와동,,6,1995-01-01
3023010700,대전광역시,대덕구,송촌동,,7,1995-01-01
3023010800,대전광역시,대덕구,법동,,8,1996-01-01
3023010900,대전광역시,대덕구,중리동,,9,1995-01-01
3023011000,대전광역시,대덕구,비래동,,10,1995-01-01
3023011100,대전광역시,대덕구,석봉동,,11,1995-01-01
3023011200,대전광역시,대덕구,목상동,,12,1995-01-01
3023011300,대전광역시,대덕구,문평동,,13,1995-01-01
3023011400,대전광역시,대덕구,신일동,,14,1995-01-01
3023011500,대전광역시,대덕구,덕암동,,15,1995-01-01
3023011600,대전광역시,대덕구,상서동,,16,1995-01-01
3023011700,대전광역시,대덕구,평촌동,,17,1995-01-01
3023011800,대전광역시,대덕구,장동,,18,1995-01-01
3023011900,대전광역시,대덕구,용호동,,19,1995-01-01
3023012000,대전광역시,대덕구,이현동,,20,1995-01-01
3023012100,대전광역시,대덕구,갈전동,,21,1995-01-01
3023012200,대전광역시,대덕구,부수동,,22,1995-01-01
3023012300,대전광역시,대덕구,황호동,,23,1995-01-01
3023012400,대전광역시,대덕구,삼정동,,24,1995-01-01
3023012500,대전광역시,대덕구,미호동,,25,1995-01-01
3023012600,대전광역시,대덕구,신탄진동,,26,1997-12-26
3100000000,울산광역시,,,,7,1997-07-15
3111000000,울산광역시,중구,,,1,1997-07-15
3111010100,울산광역시,중구,학성동,,1,1997-07-15
3111010200,울산광역시,중구,학산동,,2,1997-07-15
3111010300,울산광역시,중구,복산동,,3,1997-07-15
3111010400,울산광역시,중구,북정동,,4,1997-07-15
3111010500,울산광역시,중구,옥교동,,5,1997-07-15
3111010600,울산광역시,중구,성남동,,6,1997-07-15
3111010700,울산광역시,중구,교동,,7,1997-07-15
3111010800,울산광역시,중구,우정동,,8,1997-07-15
3111010900,울산광역시,중구,성안동,,9,1997-07-15
3111011000,울산광역시,중구,유곡동,,10,1997-07-15
3111011100,울산광역시,중구,태화동,,11,1997-07-15
3111011200,울산광역시,중구,다운동,,12,1997-07-15
3111011300,울산광역시,중구,동동,,13,1997-07-15
3111011400,울산광역시,중구,서동,,14,1997-07-15
3111011500,울산광역시,중구,남외동,,15,1997-07-15
3111011600,울산광역시,중구,장현동,,16,1997-07-15
3111011700,울산광역시,중구,약사동,,17,1997-07-15
3111011800,울산광역시,중구,반구동,,18,1997-07-15
3114000000,울산광역시,남구,,,2,1997-07-15
3114010100,울산광역시,남구,무거동,,1,1997-07-15
3114010200,울산광역시,남구,옥동,,2,1997-07-15
3114010300,울산광역시,남구,두왕동,,3,1997-07-15
3114010400,울산광역시,남구,신정동,,4,1997-07-15
3114010500,울산광역시,남구,달동,,5,1997-07-15
3114010600,울산광역시,남구,삼산동,,6,1997-07-15
3114010700,울산광역시,남구,여천동,,7,1998-10-17
3114010800,울산광역시,남구,야음동,,8,1998-10-17
3114010900,울산광역시,남구,선암동,,9,1997-07-15
3114011000,울산광역시,남구,상개동,,10,1997-07-15
3114011100,울산광역시,남구,부곡동,,11,1998-10-17
3114011200,울산광역시,남구,고사동,,12,1998-10-17
3114011300,울산광역시,남구,성암동,,13,1998-10-17
3114011400,울산광역시,남구,황성동,,14,1998-10-17
3114011500,울산광역시,남구,용연동,,15,1998-10-17
3114011600,울산광역시,남구,남화동,,16,1998-10-17
3114011700,울산광역시,남구,용잠동,,17,1998-10-17
3114011800,울산광역시,남구,장생포동,,18,1998-10-17
3114011900,울산광역시,남구,매암동,,19,1998-10-17
3117000000,울산광역시,동구,,,3,1997-07-15
3117010100,울산광역시,동구,방어동,,1,1997-07-15
3117010200,울산광역시,동구,화정동,,2,1997-07-15
3117010300,울산광역시,동구,일산동,,3,1997-07-15
3117010400,울산광역시,동구,전하동,,4,1997-07-15
3117010500,울산광역시,동구,미포동,,5,1997-07-15
3117010600,울산광역시,동구,주전동,,6,1998-10-01
3117010700,울산광역시,동구,동부동,,7,1997-07-15
3117010800,울산광역시,동구,서부동,,8,1997-07-15
3120000000,울산광역시,북구,,,4,1997-07-15
3120010100,울산광역시,북구,창평동,,1,1997-07-15
3120010200,울산광역시,북구,호계동,,2,1997-07-15
3120010300,울산광역시,북구,매곡동,,3,1997-07-15
3120010400,울산광역시,북구,가대동,,4,1997-07-15
3120010500,울산광역시,북구,신천동,,5,1997-07-15
3120010600,울산광역시,북구,중산동,,6,1997-07-15
3120010700,울산광역시,북구,상안동,,7,1997-07-15
3120010800,울산광역시,북구,천곡동,,8,1997-07-15
3120010900,울산광역시,북구,달천동,,9,1997-07-15
3120011000,울산광역시,북구,시례동,,10,1997-07-15
3120011100,울산광역시,북구,무룡동,,11,1997-07-15
3120011200,울산광역시,북구,구유동,,12,1997-07-15
3120011300,울산광역시,북구,정자동,,13,1997-07-15
3120011400,울산광역시,북구,신명동,,14,1997-07-15
3120011500,울산광역시,북구,대안동,,15,1997-07-15
3120011600,울산광역시,북구,당사동,,16,1997-07-15
3120011700,울산광역시,북구,신현동,,17,1997-07-15
3120011800,울산광역시,북구,산하동,,18,1997-07-15
3120011900,울산광역시,북구,어물동,,19,1997-07-15
3120012000,울산광역시,북구,명촌동,,20,1998-10-01
3120012100,울산광역시,북구,진장동,,21,1998-10-01
3120012200,울산광역시,북구,연암동,,22,1997-07-15
3120012300,울산광역시,북구,효문동,,23,1997-07-15
3120012400,울산광역시,북구,양정동,,24,1997-07-15
3120012500,울산광역시,북구,화봉동,,25,1997-07-15
3120012600,울산광역시,북구,송정동,,26,1997-07-15
3120012700,울산광역시,북구,염포동,,27,1998-03-01
3171000000,울산광역시,울주군,,,5,1997-07-15
3171025000,울산광역시,울주군,온산읍,,1,1997-07-15
3171025021,울산광역시,울주군,온산읍,화산리,1,1997-07-15
3171025022,울산광역시,울주군,온산읍,삼평리,2,1997-07-15
3171025023,울산광역시,울주군,온산읍,강양리,3,1997-07-15
3171025024,울산광역시,울주군,온산읍,우봉리,4,1997-07-15
3171025025,울산광역시,울주군,온산읍,당월리,5,1997-07-15
3171025026,울산광역시,울주군,온산읍,처용리,6,1997-07-15
3171025027,울산광역시,울주군,온산읍,산암리,7,1997-07-15
3171025028,울산광역시,울주군,온산읍,대정리,8,1997-07-15
3171025029,울산광역시,울주군,온산읍,방도리,9,1997-07-15
3171025030,울산광역시,울주군,온산읍,이진리,10,1997-07-15
3171025031,울산광역시,울주군,온산읍,원산리,11,1997-07-15
3171025032,울산광역시,울주군,온산읍,덕신리,12,1997-07-15
3171025033,울산광역시,울주군,온산읍,학남리,13,1997-07-15
3171025300,울산광역시,울주군,언양읍,,2,1997-07-15
3171025321,울산광역시,울주군,언양읍,반송리,1,1997-07-15
3171025322,울산광역시,울주군,언양읍,반천리,2,1997-07-15
3171025323,울산광역시,울주군,언양읍,반곡리,3,1997-07-15
3171025324,울산광역시,울주군,언양읍,어음리,4,1997-07-15
3171025325,울산광역시,울주군,언양읍,송대리,5,1997-07-15
3171025326,울산광역시,울주군,언양읍,평리,6,1997-07-15
3171025327,울산광역시,울주군,언양읍,다개리,7,1997-07-15
3171025328,울산광역시,울주군,언양읍,대곡리,8,1997-07-15
3171025329,울산광역시,울주군,언양읍,직동리,9,1997-07-15
3171025330,울산광역시,울주군,언양읍,동부리,10,1997-07-15
3171025331,울산광역시,울주군,언양읍,서부리,11,1997-07-15
3171025332,울산광역시,울주군,언양읍,남부리,12,1997-07-15
3171025333,울산광역시,울주군,언양읍,반연리,13,1997-07-15
3171025334,울산광역시,울주군,언양읍,태기리,14,1997-07-15
3171025335,울산광역시,울주군,언양읍,구수리,15,1997-07-15
3171025600,울산광역시,울주군,온양읍,,0,2001-03-01
3171025621,울산광역시,울주군,온양읍,발리,0,2001-03-01
3171025622,울산광역시,울주군,온양읍,대안리,0,2001-03-01
3171025623,울산광역시,울주군,온양읍,망양리,0,2001-03-01
3171025624,울산광역시,울주군,온양읍,남창리,0,2001-03-01
3171025625,울산광역시,울주군,온양읍,동상리,0,2001-03-01
3171025626,울산광역시,울주군,온양읍,삼광리,0,2001-03-01
3171025627,울산광역시,울주군,온양읍,내광리,0,2001-03-01
3171025628,울산광역시,울주군,온양읍,외광리,0,2001-03-01
3171025629,울산광역시,울주군,온양읍,운화리,0,2001-03-01
3171025630,울산광역시,울주군,온양읍,고산리,0,2001-03-01
3171025900,울산광역시,울주군,범서읍,,0,2001-03-01
3171025921,울산광역시,울주군,범서읍,사연리,0,2001-03-01
3171025922,울산광역시,울주군,범서읍,천상리,0,2001-03-01
3171025923,울산광역시,울주군,범서읍,입암리,0,2001-03-01
3171025924,울산광역시,울주군,범서읍,굴화리,0,2001-03-01
3171025925,울산광역시,울주군,범서읍,서사리,0,2001-03-01
3171025926,울산광역시,울주군,범서읍,두산리,0,2001-03-01
3171025927,울산광역시,울주군,범서읍,구영리,0,2001-03-01
3171025928,울산광역시,울주군,범서읍,중리,0,2001-03-01
3171025929,울산광역시,울주군,범서읍,망성리,0,2001-03-01
3171025930,울산광역시,울주군,범서읍,척과리,0,2001-03-01
3171026200,울산광역시,울주군,청량읍,,5,2018-04-02
3171026221,울산광역시,울주군,청량읍,덕하리,1,2018-04-02
3171026222,울산광역시,울주군,청량읍,동천리,2,2018-04-02
3171026223,울산광역시,울주군,청량읍,상남리,3,2018-04-02
3171026224,울산광역시,울주군,청량읍,개곡리,4,2018-04-02
3171026225,울산광역시,울주군,청량읍,중리,5,2018-04-02
3171026226,울산광역시,울주군,청량읍,문죽리,6,2018-04-02
3171026227,울산광역시,울주군,청량읍,삼정리,7,2018-04-02
3171026228,울산광역시,울주군,청량읍,율리,8,2018-04-02
3171026229,울산광역시,울주군,청량읍,용암리,9,2018-04-02
3171026500,울산광역시,울주군,삼남읍,,11,2020-10-30
3171026521,울산광역시,울주군,삼남읍,교동리,1,2020-10-30
3171026522,울산광역시,울주군,삼남읍,상천리,2,2020-10-30
3171026523,울산광역시,울주군,삼남읍,신화리,3,2020-10-30
3171026524,울산광역시,울주군,삼남읍,방기리,4,2020-10-30
3171026525,울산광역시,울주군,삼남읍,가천리,5,2020-10-30
3171031000,울산광역시,울주군,서생면,,3,1997-07-15
3171031021,울산광역시,울주군,서생면,신암리,1,1997-07-15
3171031022,울산광역시,울주군,서생면,명산리,2,1997-07-15
3171031023,울산광역시,울주군,서생면,나사리,3,1997-07-15
3171031024,울산광역시,울주군,서생면,화산리,4,1997-07-15
3171031025,울산광역시,울주군,서생면,대송리,5,1997-07-15
3171031026,울산광역시,울주군,서생면,용리,6,1997-07-15
3171031027,울산광역시,울주군,서생면,서생리,7,1997-07-15
3171031028,울산광역시,울주군,서생면,진하리,8,1997-07-15
3171031029,울산광역시,울주군,서생면,화정리,9,1997-07-15
3171031030,울산광역시,울주군,서생면,위양리,10,1997-07-15
3171034000,울산광역시,울주군,웅촌면,,6,1997-07-15
3171034021,울산광역시,울주군,웅촌면,초천리,1,1997-07-15
3171034022,울산광역시,울주군,웅촌면,석천리,2,1997-07-15
3171034023,울산광역시,울주군,웅촌면,곡천리,3,1997-07-15
3171034024,울산광역시,울주군,웅촌면,검단리,4,1997-07-15
3171034025,울산광역시,울주군,웅촌면,은현리,5,1997-07-15
3171034026,울산광역시,울주군,웅촌면,고연리,6,1997-07-15
3171034027,울산광역시,울주군,웅촌면,대대리,7,1997-07-15
3171034028,울산광역시,울주군,웅촌면,통천리,8,1997-07-15
3171034029,울산광역시,울주군,웅촌면,대복리,9,1997-07-15
3171036000,울산광역시,울주군,두동면,,8,1997-07-15
3171036021,울산광역시,울주군,두동면,만화리,1,1997-07-15
3171036022,울산광역시,울주군,두동면,구미리,2,1997-07-15
3171036023,울산광역시,울주군,두동면,월평리,3,1997-07-15
3171036024,울산광역시,울주군,두동면,삼정리,4,1997-07-15
3171036025,울산광역시,울주군,두동면,이전리,5,1997-07-15
3171036026,울산광역시,울주군,두동면,봉계리,6,1997-07-15
3171036027,울산광역시,울주군,두동면,천전리,7,1997-07-15
3171036028,울산광역시,울주군,두동면,은편리,8,1997-07-15
3171037000,울산광역시,울주군,두서면,,9,1997-07-15
3171037021,울산광역시,울주군,두서면,차리,1,1997-07-15
3171037022,울산광역시,울주군,두서면,구량리,2,1997-07-15
3171037023,울산광역시,울주군,두서면,복안리,3,1997-07-15
3171037024,울산광역시,울주군,두서면,미호리,4,1997-07-15
3171037025,울산광역시,울주군,두서면,활천리,5,1997-07-15
3171037026,울산광역시,울주군,두서면,내와리,6,1997-07-15
3171037027,울산광역시,울주군,두서면,전읍리,7,1997-07-15
3171037028,울산광역시,울주군,두서면,인보리,8,1997-07-15
3171037029,울산광역시,울주군,두서면,서하리,9,1997-07-15
3171038000,울산광역시,울주군,상북면,,10,1997-07-15
3171038021,울산광역시,울주군,상북면,지내리,1,1997-07-15
3171038022,울산광역시,울주군,상북면,양등리,2,1997-07-15
3171038023,울산광역시,울주군,상북면,산전리,3,1997-07-15
3171038024,울산광역시,울주군,상북면,길천리,4,1997-07-15
3171038025,울산광역시,울주군,상북면,이천리,5,1997-07-15
3171038026,울산광역시,울주군,상북면,덕현리,6,1997-07-15
3171038027,울산광역시,울주군,상북면,명촌리,7,1997-07-15
3171038028,울산광역시,울주군,상북면,천전리,8,1997-07-15
3171038029,울산광역시,울주군,상북면,거리,9,1997-07-15
3171038030,울산광역시,울주군,상북면,궁근정리,10,1997-07-15
3171038032,울산광역시,울주군,상북면,향산리,12,1997-07-15
3171038033,울산광역시,울주군,상북면,소호리,13,1997-07-15
3171038034,울산광역시,울주군,상북면,등억알프스리,11,2015-05-14
3171040000,울산광역시,울주군,삼동면,,12,1997-07-15
3171040021,울산광역시,울주군,삼동면,둔기리,1,1997-07-15
3171040022,울산광역시,울주군,삼동면,조일리,2,1997-07-15
3171040023,울산광역시,울주군,삼동면,출강리,3,1997-07-15
3171040024,울산광역시,울주군,삼동면,작동리,4,1997-07-15
3171040025,울산광역시,울주군,삼동면,보은리,5,1997-07-15
3171040026,울산광역시,울주군,삼동면,하잠리,6,1997-07-15
3171040027,울산광역시,울주군,삼동면,금곡리,7,1997-07-15
3600000000,세종특별자치시,,,,17,2012-07-01
3611000000,세종특별자치시,세종시,,,1,2012-07-01
3611010100,세종특별자치시,세종시,반곡동,,11,2012-07-01
3611010200,세종특별자치시,세종시,소담동,,12,2012-07-01
3611010300,세종특별자치시,세종시,보람동,,13,2012-07-01
3611010400,세종특별자치시,세종시,대평동,,14,2012-07-01
3611010500,세종특별자치시,세종시,가람동,,15,2012-07-01
3611010600,세종특별자치시,세종시,한솔동,,16,2012-07-01
3611010700,세종특별자치시,세종시,나성동,,17,2012-07-01
3611010800,세종특별자치시,세종시,새롬동,,18,2012-07-01
3611010900,세종특별자치시,세종시,다정동,,19,2012-07-01
3611011000,세종특별자치시,세종시,어진동,,20,2012-07-01
3611011100,세종특별자치시,세종시,종촌동,,21,2012-07-01
3611011200,세종특별자치시,세종시,고운동,,22,2012-07-01
3611011300,세종특별자치시,세종시,아름동,,23,2012-07-01
3611011400,세종특별자치시,세종시,도담동,,24,2012-07-01
3611011500,세종특별자치시,세종시,산울동,,,2020-07-15
3611011600,세종특별자치시,세종시,해밀동,,,2020-07-15
3611011700,세종특별자치시,세종시,합강동,,,2020-07-15
3611011800,세종특별자치시,세종시,집현동,,,2020-07-15
3611011900,세종특별자치시,세종시,세종동,,,2022-09-06
3611012000,세종특별자치시,세종시,누리동,,,2022-09-06
3611012100,세종특별자치시,세종시,한별동,,,2022-09-06
3611012200,세종특별자치시,세종시,다솜동,,,2022-09-06
3611012300,세종특별자치시,세종시,용호동,,,2022-09-06
3611025000,세종특별자치시,세종시,조치원읍,,1,2012-07-01
3611025021,세종특별자치시,세종시,조치원읍,원리,1,2012-07-01
3611025022,세종특별자치시,세종시,조치원읍,상리,2,2012-07-01
3611025023,세종특별자치시,세종시,조치원읍,평리,3,2012-07-01
3611025024,세종특별자치시,세종시,조치원읍,교리,4,2012-07-01
3611025025,세종특별자치시,세종시,조치원읍,정리,5,2012-07-01
3611025026,세종특별자치시,세종시,조치원읍,명리,6,2012-07-01
3611025027,세종특별자치시,세종시,조치원읍,남리,7,2012-07-01
3611025028,세종특별자치시,세종시,조치원읍,침산리,8,2012-07-01
3611025029,세종특별자치시,세종시,조치원읍,신흥리,9,2012-07-01
3611025030,세종특별자치시,세종시,조치원읍,죽림리,10,2012-07-01
3611025031,세종특별자치시,세종시,조치원읍,번암리,11,2012-07-01
3611025032,세종특별자치시,세종시,조치원읍,신안리,12,2012-07-01
3611025033,세종특별자치시,세종시,조치원읍,봉산리,13,2012-07-01
3611025034,세종특별자치시,세종시,조치원읍,서창리,14,2012-07-01
3611031000,세종특별자치시,세종시,연기면,,2,2012-07-01
3611031021,세종특별자치시,세종시,연기면,연기리,1,2012-07-01
3611031022,세종특별자치시,세종시,연기면,보통리,2,2012-07-01
3611031023,세종특별자치시,세종시,연기면,눌왕리,3,2012-07-01
3611031024,세종특별자치시,세종시,연기면,수산리,4,2012-07-01
3611032000,세종특별자치시,세종시,연동면,,3,2012-07-01
3611032021,세종특별자치시,세종시,연동면,내판리,1,2012-07-01
3611032022,세종특별자치시,세종시,연동면,문주리,2,2012-07-01
3611032023,세종특별자치시,세종시,연동면,명학리,3,2012-07-01
3611032024,세종특별자치시,세종시,연동면,응암리,4,2012-07-01
3611032025,세종특별자치시,세종시,연동면,노송리,5,2012-07-01
3611032026,세종특별자치시,세종시,연동면,예양리,6,2012-07-01
3611032027,세종특별자치시,세종시,연동면,송용리,7,2012-07-01
3611032028,세종특별자치시,세종시,연동면,합강리,8,2012-07-01
3611033000,세종특별자치시,세종시,부강면,,4,2012-07-01
3611033021,세종특별자치시,세종시,부강면,부강리,1,2012-07-01
3611033022,세종특별자치시,세종시,부강면,행산리,2,2012-07-01
3611033023,세종특별자치시,세종시,부강면,산수리,3,2012-07-01
3611033024,세종특별자치시,세종시,부강면,갈산리,4,2012-07-01
3611033025,세종특별자치시,세종시,부강면,문곡리,5,2012-07-01
3611033026,세종특별자치시,세종시,부강면,등곡리,6,2012-07-01
3611033027,세종특별자치시,세종시,부강면,노호리,7,2012-07-01
3611033028,세종특별자치시,세종시,부강면,금호리,8,2012-07-01
3611034000,세종특별자치시,세종시,금남면,,5,2012-07-01
3611034021,세종특별자치시,세종시,금남면,용포리,1,2012-07-01
3611034022,세종특별자치시,세종시,금남면,발산리,2,2012-07-01
3611034023,세종특별자치시,세종시,금남면,감성리,3,2012-07-01
3611034024,세종특별자치시,세종시,금남면,두만리,4,2012-07-01
3611034025,세종특별자치시,세종시,금남면,용담리,5,2012-07-01
3611034026,세종특별자치시,세종시,금남면,축산리,6,2012-07-01
3611034027,세종특별자치시,세종시,금남면,금천리,7,2012-07-01
3611034028,세종특별자치시,세종시,금남면,영치리,8,2012-07-01
3611034029,세종특별자치시,세종시,금남면,남곡리,9,2012-07-01
3611034030,세종특별자치시,세종시,금남면,황용리,10,2012-07-01
3611034031,세종특별자치시,세종시,금남면,영대리,11,2012-07-01
3611034032,세종특별자치시,세종시,금남면,달전리,12,2012-07-01
3611034033,세종특별자치시,세종시,금남면,박산리,13,2012-07-01
3611034034,세종특별자치시,세종시,금남면,대박리,14,2012-07-01
3611034035,세종특별자치시,세종시,금남면,부용리,15,2012-07-01
3611034036,세종특별자치시,세종시,금남면,장재리,16,2012-07-01
3611034037,세종특별자치시,세종시,금남면,호탄리,17,2012-07-01
3611034038,세종특별자치시,세종시,금남면,신촌리,18,2012-07-01
3611034039,세종특별자치시,세종시,금남면,도암리,19,2012-07-01
3611034040,세종특별자치시,세종시,금남면,성덕리,20,2012-07-01
3611034041,세종특별자치시,세종시,금남면,영곡리,21,2012-07-01
3611034042,세종특별자치시,세종시,금남면,성강리,22,2012-07-01
3611034043,세종특별자치시,세종시,금남면,봉암리,23,2012-07-01
3611034044,세종특별자치시,세종시,금남면,국곡리,24,2012-07-01
3611034045,세종특별자치시,세종시,금남면,원봉리,25,2012-07-01
3611034046,세종특별자치시,세종시,금남면,도남리,26,2012-07-01
3611035000,세종특별자치시,세종시,장군면,,6,2012-07-01
3611035021,세종특별자치시,세종시,장군면,도계리,1,2012-07-01
3611035022,세종특별자치시,세종시,장군면,평기리,2,2012-07-01
3611035023,세종특별자치시,세종시,장군면,대교리,3,2012-07-01
3611035024,세종특별자치시,세종시,장군면,봉안리,4,2012-07-01
3611035025,세종특별자치시,세종시,장군면,금암리,5,2012-07-01
3611035026,세종특별자치시,세종시,장군면,하봉리,6,2012-07-01
3611035027,세종특별자치시,세종시,장군면,은용리,7,2012-07-01
3611035028,세종특별자치시,세종시,장군면,산학리,8,2012-07-01
3611035029,세종특별자치시,세종시,장군면,송문리,9,2012-07-01
3611035030,세종특별자치시,세종시,장군면,송정리,10,2012-07-01
3611035031,세종특별자치시,세종시,장군면,송학리,11,2012-07-01
3611035032,세종특별자치시,세종시,장군면,용현리,12,2012-07-01
3611035033,세종특별자치시,세종시,장군면,용암리,13,2012-07-01
3611035034,세종특별자치시,세종시,장군면,태산리,14,2012-07-01
3611036000,세종특별자치시,세종시,연서면,,7,2012-07-01
3611036021,세종특별자치시,세종시,연서면,월하리,1,2012-07-01
3611036022,세종특별자치시,세종시,연서면,쌍전리,2,2012-07-01
3611036023,세종특별자치시,세종시,연서면,성제리,3,2012-07-01
3611036024,세종특별자치시,세종시,연서면,고복리,4,2012-07-01
3611036025,세종특별자치시,세종시,연서면,용암리,5,2012-07-01
3611036026,세종특별자치시,세종시,연서면,쌍류리,6,2012-07-01
3611036027,세종특별자치시,세종시,연서면,청라리,7,2012-07-01
3611036028,세종특별자치시,세종시,연서면,기룡리,8,2012-07-01
3611036029,세종특별자치시,세종시,연서면,신대리,9,2012-07-01
3611036030,세종특별자치시,세종시,연서면,국촌리,10,2012-07-01
3611036031,세종특별자치시,세종시,연서면,와촌리,11,2012-07-01
3611036032,세종특별자치시,세종시,연서면,부동리,12,2012-07-01
3611036033,세종특별자치시,세종시,연서면,봉암리,13,2012-07-01
3611037000,세종특별자치시,세종시,전의면,,8,2012-07-01
3611037021,세종특별자치시,세종시,전의면,읍내리,1,2012-07-01
3611037022,세종특별자치시,세종시,전의면,동교리,2,2012-07-01
3611037023,세종특별자치시,세종시,전의면,서정리,3,2012-07-01
3611037024,세종특별자치시,세종시,전의면,원성리,4,2012-07-01
3611037025,세종특별자치시,세종시,전의면,신흥리,5,2012-07-01
3611037026,세종특별자치시,세종시,전의면,유천리,6,2012-07-01
3611037027,세종특별자치시,세종시,전의면,관정리,7,2012-07-01
3611037028,세종특별자치시,세종시,전의면,신정리,8,2012-07-01
3611037029,세종특별자치시,세종시,전의면,노곡리,9,2012-07-01
3611037030,세종특별자치시,세종시,전의면,신방리,10,2012-07-01
3611037031,세종특별자치시,세종시,전의면,영당리,11,2012-07-01
3611037032,세종특별자치시,세종시,전의면,양곡리,12,2012-07-01
3611037033,세종특별자치시,세종시,전의면,달전리,13,2012-07-01
3611037034,세종특별자치시,세종시,전의면,금사리,14,2012-07-01
3611037035,세종특별자치시,세종시,전의면,다방리,15,2012-07-01
3611038000,세종특별자치시,세종시,전동면,,9,2012-07-01
3611038021,세종특별자치시,세종시,전동면,노장리,1,2012-07-01
3611038022,세종특별자치시,세종시,전동면,봉대리,2,2012-07-01
3611038023,세종특별자치시,세종시,전동면,청송리,3,2012-07-01
3611038024,세종특별자치시,세종시,전동면,석곡리,4,2012-07-01
3611038025,세종특별자치시,세종시,전동면,보덕리,5,2012-07-01
3611038026,세종특별자치시,세종시,전동면,송곡리,6,2012-07-01
3611038027,세종특별자치시,세종시,전동면,송정리,7,2012-07-01
3611038028,세종특별자치시,세종시,전동면,청람리,8,2012-07-01
3611038029,세종특별자치시,세종시,전동면,미곡리,9,2012-07-01
3611038030,세종특별자치시,세종시,전동면,송성리,10,2012-07-01
3611038031,세종특별자치시,세종시,전동면,심중리,11,2012-07-01
3611039000,세종특별자치시,세종시,소정면,,10,2012-07-01
3611039021,세종특별자치시,세종시,소정면,소정리,1,2012-07-01
3611039022,세종특별자치시,세종시,소정면,운당리,2,2012-07-01
3611039023,세종특별자치시,세종시,소정면,대곡리,3,2012-07-01
3611039024,세종특별자치시,세종시,소정면,고등리,4,2012-07-01
4100000000,경기도,,,,8,1988-04-23
4111000000,경기도,수원시,,,1,1988-04-23
4111100000,경기도,수원시장안구,,,2,1988-07-01
4111112900,경기도,수원시장안구,파장동,,0,2003-11-24
4111113000,경기도,수원시장안구,정자동,,0,2003-11-24
4111113100,경기도,수원시장안구,이목동,,0,2003-11-24
4111113200,경기도,수원시장안구,율전동,,0,2003-11-24
4111113300,경기도,수원시장안구,천천동,,0,2003-11-24
4111113400,경기도,수원시장안구,영화동,,0,2003-11-24
4111113500,경기도,수원시장안구,송죽동,,0,2003-11-24
4111113600,경기도,수원시장안구,조원동,,0,2003-11-24
4111113700,경기도,수원시장안구,연무동,,0,2003-11-24
4111113800,경기도,수원시장안구,상광교동,,0,2003-11-24
4111113900,경기도,수원시장안구,하광교동,,0,2003-11-24
4111300000,경기도,수원시권선구,,,3,1988-07-01
4111312600,경기도,수원시권선구,세류동,,0,2003-11-24
4111312700,경기도,수원시권선구,평동,,0,2003-11-24
4111312800,경기도,수원시권선구,고색동,,0,2003-11-24
4111312900,경기도,수원시권선구,오목천동,,0,2003-11-24
4111313000,경기도,수원시권선구,평리동,,0,2003-11-24
4111313100,경기도,수원시권선구,서둔동,,0,2003-11-24
4111313200,경기도,수원시권선구,구운동,,0,2003-11-24
4111313300,경기도,수원시권선구,탑동,,0,2003-11-24
4111313400,경기도,수원시권선구,금곡동,,0,2003-11-24
4111313500,경기도,수원시권선구,호매실동,,0,2003-11-24
4111313600,경기도,수원시권선구,곡반정동,,0,2003-11-24
4111313700,경기도,수원시권선구,권선동,,0,2003-11-24
4111313800,경기도,수원시권선구,장지동,,0,2003-11-24
4111313900,경기도,수원시권선구,대황교동,,0,2003-11-24
4111314000,경기도,수원시권선구,입북동,,0,2003-11-24
4111314100,경기도,수원시권선구,당수동,,0,2003-11-24
4111500000,경기도,수원시팔달구,,,4,1993-01-15
4111512000,경기도,수원시팔달구,팔달로1가,,0,2003-11-24
4111512100,경기도,수원시팔달구,팔달로2가,,0,2003-11-24
4111512200,경기도,수원시팔달구,팔달로3가,,0,2003-11-24
4111512300,경기도,수원시팔달구,남창동,,0,2003-11-24
4111512400,경기도,수원시팔달구,영동,,0,2003-11-24
4111512500,경기도,수원시팔달구,중동,,0,2003-11-24
4111512600,경기도,수원시팔달구,구천동,,0,2003-11-24
4111512700,경기도,수원시팔달구,남수동,,0,2003-11-24
4111512800,경기도,수원시팔달구,매향동,,0,2003-11-24
4111512900,경기도,수원시팔달구,북수동,,0,2003-11-24
4111513000,경기도,수원시팔달구,신풍동,,0,2003-11-24
4111513100,경기도,수원시팔달구,장안동,,0,2003-11-24
4111513200,경기도,수원시팔달구,교동,,0,2003-11-24
4111513300,경기도,수원시팔달구,매교동,,0,2003-11-24
4111513400,경기도,수원시팔달구,매산로1가,,0,2003-11-24
4111513500,경기도,수원시팔달구,매산로2가,,0,2003-11-24
4111513600,경기도,수원시팔달구,매산로3가,,0,2003-11-24
4111513700,경기도,수원시팔달구,고등동,,0,2003-11-24
4111513800,경기도,수원시팔달구,화서동,,0,2003-11-24
4111513900,경기도,수원시팔달구,지동,,0,2003-11-24
4111514000,경기도,수원시팔달구,우만동,,0,2003-11-24
4111514100,경기도,수원시팔달구,인계동,,0,2003-11-24
4111700000,경기도,수원시영통구,,,5,2003-11-24
4111710100,경기도,수원시영통구,매탄동,,0,2003-11-24
4111710200,경기도,수원시영통구,원천동,,0,2003-11-24
4111710300,경기도,수원시영통구,이의동,,0,2003-11-24
4111710400,경기도,수원시영통구,하동,,0,2003-11-24
4111710500,경기도,수원시영통구,영통동,,0,2003-11-24
4111710600,경기도,수원시영통구,신동,,0,2003-11-24
4111710700,경기도,수원시영통구,망포동,,0,2003-11-24
4113000000,경기도,성남시,,,5,1988-04-23
4113100000,경기도,성남시수정구,,,6,1989-05-01
4113110100,경기도,성남시수정구,신흥동,,1,1989-05-01
4113110200,경기도,성남시수정구,태평동,,2,1989-05-01
4113110300,경기도,성남시수정구,수진동,,3,1989-05-01
4113110400,경기도,성남시수정구,단대동,,4,1989-05-01
4113110500,경기도,성남시수정구,산성동,,5,1989-05-01
4113110600,경기도,성남시수정구,양지동,,6,1989-05-01
4113110700,경기도,성남시수정구,복정동,,7,1989-01-01
4113110800,경기도,성남시수정구,창곡동,,8,1989-01-01
4113110900,경기도,성남시수정구,신촌동,,9,1989-05-01
4113111000,경기도,성남시수정구,오야동,,10,1989-05-01
4113111100,경기도,성남시수정구,심곡동,,11,1989-05-01
4113111200,경기도,성남시수정구,고등동,,12,1989-05-01
4113111300,경기도,성남시수정구,상적동,,13,1989-05-01
4113111400,경기도,성남시수정구,둔전동,,14,1989-05-01
4113111500,경기도,성남시수정구,시흥동,,15,1989-05-01
4113111600,경기도,성남시수정구,금토동,,16,1989-05-01
4113111700,경기도,성남시수정구,사송동,,17,1989-05-01
4113300000,경기도,성남시중원구,,,7,1989-05-01
4113310100,경기도,성남시중원구,성남동,,1,1989-05-01
4113310300,경기도,성남시중원구,금광동,,3,1989-05-01
4113310400,경기도,성남시중원구,은행동,,4,1989-05-01
4113310500,경기도,성남시중원구,상대원동,,5,1989-05-01
4113310600,경기도,성남시중원구,여수동,,6,1989-01-01
4113310700,경기도,성남시중원구,도촌동,,7,1989-01-01
4113310800,경기도,성남시중원구,갈현동,,8,1989-01-01
4113310900,경기도,성남시중원구,하대원동,,9,1989-01-01
4113313200,경기도,성남시중원구,중앙동,,,2011-11-07
4113500000,경기도,성남시분당구,,,8,1991-09-16
4113510100,경기도,성남시분당구,분당동,,1,1991-09-16
4113510200,경기도,성남시분당구,수내동,,2,1993-05-27
4113510300,경기도,성남시분당구,정자동,,3,1995-03-07
4113510400,경기도,성남시분당구,율동,,4,1993-01-15
4113510500,경기도,성남시분당구,서현동,,5,1992-06-04
4113510600,경기도,성남시분당구,이매동,,6,1991-09-16
4113510700,경기도,성남시분당구,야탑동,,7,1993-05-27
4113510800,경기도,성남시분당구,판교동,,8,1991-09-16
4113510900,경기도,성남시분당구,삼평동,,9,1993-01-15
4113511000,경기도,성남시분당구,백현동,,10,1993-01-15
4113511100,경기도,성남시분당구,금곡동,,11,1991-09-16
4113511200,경기도,성남시분당구,궁내동,,12,1991-09-16
4113511300,경기도,성남시분당구,동원동,,13,1991-09-16
4113511400,경기도,성남시분당구,구미동,,14,1991-09-16
4113511500,경기도,성남시분당구,운중동,,15,1991-09-16
4113511600,경기도,성남시분당구,대장동,,16,1991-09-16
4113511700,경기도,성남시분당구,석운동,,17,1991-09-16
4113511800,경기도,성남시분당구,하산운동,,18,1991-09-16
4115000000,경기도,의정부시,,,9,1988-04-23
4115010100,경기도,의정부시,의정부동,,1,1988-04-23
4115010200,경기도,의정부시,호원동,,2,1992-08-01
4115010300,경기도,의정부시,장암동,,3,1994-07-01
4115010400,경기도,의정부시,신곡동,,4,1995-03-02
4115010500,경기도,의정부시,용현동,,5,1988-04-23
4115010600,경기도,의정부시,민락동,,6,1988-04-23
4115010700,경기도,의정부시,낙양동,,7,1988-04-23
4115010800,경기도,의정부시,자일동,,8,1988-04-23
4115010900,경기도,의정부시,금오동,,9,1988-04-23
4115011000,경기도,의정부시,가능동,,10,1998-10-19
4115011100,경기도,의정부시,녹양동,,11,1988-04-23
4115011200,경기도,의정부시,고산동,,12,1988-04-23
4115011300,경기도,의정부시,산곡동,,13,1988-04-23
4117000000,경기도,안양시,,,10,1988-04-23
4117100000,경기도,안양시만안구,,,11,1992-10-01
4117110100,경기도,안양시만안구,안양동,,1,1992-10-01
4117110200,경기도,안양시만안구,석수동,,2,1992-10-01
4117110300,경기도,안양시만안구,박달동,,3,1994-07-01
4117300000,경기도,안양시동안구,,,12,1992-10-01
4117310100,경기도,안양시동안구,비산동,,1,1992-10-01
4117310200,경기도,안양시동안구,관양동,,2,1992-10-01
4117310300,경기도,안양시동안구,평촌동,,3,1992-10-01
4117310400,경기도,안양시동안구,호계동,,4,1992-10-01
4119000000,경기도,부천시,,,13,1988-04-23
4119200000,경기도,부천시원미구,,,,2023-12-29
4119210100,경기도,부천시원미구,원미동,,2,2023-12-29
4119210200,경기도,부천시원미구,심곡동,,1,2023-12-29
4119210300,경기도,부천시원미구,춘의동,,5,2023-12-29
4119210400,경기도,부천시원미구,도당동,,6,2023-12-29
4119210500,경기도,부천시원미구,약대동,,7,2023-12-29
4119210600,경기도,부천시원미구,소사동,,3,2023-12-29
4119210700,경기도,부천시원미구,역곡동,,4,2023-12-29
4119210800,경기도,부천시원미구,중동,,8,2023-12-29
4119210900,경기도,부천시원미구,상동,,9,2023-12-29
4119400000,경기도,부천시소사구,,,,2023-12-29
4119410100,경기도,부천시소사구,소사본동,,2,2023-12-29
4119410200,경기도,부천시소사구,심곡본동,,1,2023-12-29
4119410300,경기도,부천시소사구,범박동,,3,2023-12-29
4119410400,경기도,부천시소사구,괴안동,,6,2023-12-29
4119410500,경기도,부천시소사구,송내동,,7,2023-12-29
4119410600,경기도,부천시소사구,옥길동,,4,2023-12-29
4119410700,경기도,부천시소사구,계수동,,5,2023-12-29
4119600000,경기도,부천시오정구,,,,2023-12-29
4119610100,경기도,부천시오정구,오정동,,4,2023-12-29
4119610200,경기도,부천시오정구,여월동,,2,2023-12-29
4119610300,경기도,부천시오정구,작동,,1,2023-12-29
4119610400,경기도,부천시오정구,원종동,,3,2023-12-29
4119610500,경기도,부천시오정구,고강동,,5,2023-12-29
4119610600,경기도,부천시오정구,대장동,,6,2023-12-29
4119610700,경기도,부천시오정구,삼정동,,8,2023-12-29
4119610800,경기도,부천시오정구,내동,,7,2023-12-29
4121000000,경기도,광명시,,,17,1988-04-23
4121010100,경기도,광명시,광명동,,1,1988-04-23
4121010200,경기도,광명시,철산동,,2,1988-04-23
4121010300,경기도,광명시,하안동,,3,1990-05-20
4121010400,경기도,광명시,소하동,,4,1988-04-23
4121010500,경기도,광명시,노온사동,,5,1988-04-23
4121010600,경기도,광명시,일직동,,6,1988-04-23
4121010700,경기도,광명시,가학동,,7,1988-04-23
4121010800,경기도,광명시,옥길동,,8,1988-04-23
4122000000,경기도,평택시,,,18,1995-05-10
4122010100,경기도,평택시,서정동,,1,1995-05-10
4122010200,경기도,평택시,장당동,,2,1995-05-10
4122010300,경기도,평택시,모곡동,,3,1996-04-19
4122010400,경기도,평택시,칠괴동,,4,1996-04-19
4122010500,경기도,평택시,칠원동,,5,1998-10-01
4122010600,경기도,평택시,도일동,,6,1998-10-01
4122010700,경기도,평택시,가재동,,7,1996-04-19
4122010800,경기도,평택시,장안동,,8,1996-04-19
4122010900,경기도,평택시,이충동,,9,1995-05-10
4122011000,경기도,평택시,지산동,,10,1995-05-10
4122011100,경기도,평택시,독곡동,,11,1995-05-10
4122011200,경기도,평택시,신장동,,12,1995-05-10
4122011300,경기도,평택시,평택동,,13,1995-05-10
4122011400,경기도,평택시,통복동,,14,1995-05-10
4122011500,경기도,평택시,군문동,,15,1995-05-10
4122011600,경기도,평택시,유천동,,16,1995-05-10
4122011700,경기도,평택시,합정동,,17,1995-05-10
4122011800,경기도,평택시,비전동,,18,1995-05-10
4122011900,경기도,평택시,동삭동,,19,1995-05-10
4122012000,경기도,평택시,세교동,,20,1995-05-10
4122012100,경기도,평택시,지제동,,21,1995-05-10
4122012200,경기도,평택시,신대동,,22,1995-05-10
4122012300,경기도,평택시,소사동,,23,1995-05-10
4122012400,경기도,평택시,용이동,,24,1995-05-10
4122012500,경기도,평택시,월곡동,,25,1995-05-10
4122012600,경기도,평택시,청룡동,,26,1995-05-10
4122012700,경기도,평택시,죽백동,,27,1995-05-10
4122012800,경기도,평택시,고덕동,,10,2022-07-25
4122025000,경기도,평택시,팽성읍,,28,1995-05-10
4122025021,경기도,평택시,팽성읍,객사리,1,1995-05-10
4122025022,경기도,평택시,팽성읍,남산리,2,1995-05-10
4122025023,경기도,평택시,팽성읍,추팔리,3,1995-05-10
4122025024,경기도,평택시,팽성읍,노와리,4,1995-05-10
4122025025,경기도,평택시,팽성읍,평궁리,5,1995-05-10
4122025026,경기도,평택시,팽성읍,신궁리,6,1995-05-10
4122025027,경기도,평택시,팽성읍,두리,7,1995-05-10
4122025028,경기도,평택시,팽성읍,신호리,8,1995-05-10
4122025029,경기도,평택시,팽성읍,근내리,9,1995-05-10
4122025030,경기도,평택시,팽성읍,석봉리,10,1995-05-10
4122025031,경기도,평택시,팽성읍,원정리,11,1995-05-10
4122025032,경기도,평택시,팽성읍,도두리,12,1995-05-10
4122025033,경기도,평택시,팽성읍,함정리,13,1995-05-10
4122025034,경기도,평택시,팽성읍,신대리,14,1995-05-10
4122025035,경기도,평택시,팽성읍,본정리,15,1995-05-10
4122025036,경기도,평택시,팽성읍,노양리,16,1995-05-10
4122025037,경기도,평택시,팽성읍,노성리,17,1995-05-10
4122025038,경기도,평택시,팽성읍,두정리,18,1995-05-10
4122025039,경기도,평택시,팽성읍,석근리,19,1995-05-10
4122025040,경기도,평택시,팽성읍,대사리,20,1995-05-10
4122025041,경기도,평택시,팽성읍,안정리,21,1995-05-10
4122025042,경기도,평택시,팽성읍,동창리,22,1995-05-10
4122025043,경기도,평택시,팽성읍,내리,23,1995-05-10
4122025044,경기도,평택시,팽성읍,대추리,24,1995-05-10
4122025045,경기도,평택시,팽성읍,송화리,25,1995-05-10
4122025300,경기도,평택시,안중읍,,0,2002-11-05
4122025321,경기도,평택시,안중읍,안중리,0,2002-11-05
4122025322,경기도,평택시,안중읍,학현리,0,2002-11-05
4122025323,경기도,평택시,안중읍,금곡리,0,2002-11-05
4122025324,경기도,평택시,안중읍,대반리,0,2002-11-05
4122025325,경기도,평택시,안중읍,삼정리,0,2002-11-05
4122025326,경기도,평택시,안중읍,용성리,0,2002-11-05
4122025327,경기도,평택시,안중읍,덕우리,0,2002-11-05
4122025328,경기도,평택시,안중읍,성해리,0,2002-11-05
4122025329,경기도,평택시,안중읍,송담리,0,2002-11-05
4122025330,경기도,평택시,안중읍,현화리,0,2002-11-05
4122025600,경기도,평택시,포승읍,,0,2006-12-29
4122025621,경기도,평택시,포승읍,내기리,0,2006-12-29
4122025622,경기도,평택시,포승읍,도곡리,0,2006-12-29
4122025623,경기도,평택시,포승읍,원정리,0,2006-12-29
4122025624,경기도,평택시,포승읍,만호리,0,2006-12-29
4122025625,경기도,평택시,포승읍,희곡리,0,2006-12-29
4122025626,경기도,평택시,포승읍,신영리,0,2006-12-29
4122025627,경기도,평택시,포승읍,방림리,0,2006-12-29
4122025628,경기도,평택시,포승읍,석정리,0,2006-12-29
4122025629,경기도,평택시,포승읍,홍원리,0,2006-12-29
4122025900,경기도,평택시,청북읍,,33,2016-07-28
4122025921,경기도,평택시,청북읍,현곡리,1,2016-07-28
4122025922,경기도,평택시,청북읍,삼계리,2,2016-07-28
4122025923,경기도,평택시,청북읍,고잔리,3,2016-07-28
4122025924,경기도,평택시,청북읍,옥길리,4,2016-07-28
4122025925,경기도,평택시,청북읍,후사리,5,2016-07-28
4122025926,경기도,평택시,청북읍,토진리,6,2016-07-28
4122025927,경기도,평택시,청북읍,백봉리,7,2016-07-28
4122025928,경기도,평택시,청북읍,어연리,8,2016-07-28
4122025929,경기도,평택시,청북읍,율북리,9,2016-07-28
4122025930,경기도,평택시,청북읍,한산리,10,2016-07-28
4122025931,경기도,평택시,청북읍,어소리,11,2016-07-28
4122025932,경기도,평택시,청북읍,고렴리,12,2016-07-28
4122031000,경기도,평택시,진위면,,29,1995-05-10
4122031021,경기도,평택시,진위면,봉남리,1,1995-05-10
4122031022,경기도,평택시,진위면,마산리,2,1995-05-10
4122031023,경기도,평택시,진위면,은산리,3,1995-05-10
4122031024,경기도,평택시,진위면,동천리,4,1995-05-10
4122031025,경기도,평택시,진위면,고현리,5,1995-05-10
4122031026,경기도,평택시,진위면,청호리,6,1995-05-10
4122031027,경기도,평택시,진위면,갈곶리,7,1995-05-10
4122031028,경기도,평택시,진위면,야막리,8,1995-05-10
4122031029,경기도,평택시,진위면,가곡리,9,1995-05-10
4122031030,경기도,평택시,진위면,견산리,10,1995-05-10
4122031031,경기도,평택시,진위면,하북리,11,1995-05-10
4122031032,경기도,평택시,진위면,신리,12,1995-05-10
4122032000,경기도,평택시,서탄면,,30,1995-05-10
4122032021,경기도,평택시,서탄면,금암리,1,1995-05-10
4122032022,경기도,평택시,서탄면,사리,2,1995-05-10
4122032023,경기도,평택시,서탄면,수월암리,3,1995-05-10
4122032024,경기도,평택시,서탄면,내천리,4,1995-05-10
4122032025,경기도,평택시,서탄면,마두리,5,1995-05-10
4122032026,경기도,평택시,서탄면,회화리,6,1995-05-10
4122032027,경기도,평택시,서탄면,적봉리,7,1995-05-10
4122032028,경기도,평택시,서탄면,장등리,8,1995-05-10
4122032029,경기도,평택시,서탄면,금각리,9,1995-05-10
4122032030,경기도,평택시,서탄면,황구지리,10,1995-05-10
4122033000,경기도,평택시,고덕면,,31,1995-05-10
4122033021,경기도,평택시,고덕면,당현리,1,1995-05-10
4122033022,경기도,평택시,고덕면,두릉리,2,1995-05-10
4122033023,경기도,평택시,고덕면,문곡리,3,1995-05-10
4122033024,경기도,평택시,고덕면,동청리,4,1995-05-10
4122033025,경기도,평택시,고덕면,해창리,5,1995-05-10
4122033026,경기도,평택시,고덕면,궁리,6,1995-05-10
4122033027,경기도,평택시,고덕면,동고리,7,1995-05-10
4122033028,경기도,평택시,고덕면,방축리,8,1995-05-10
4122033029,경기도,평택시,고덕면,여염리,9,1995-05-10
4122033031,경기도,평택시,고덕면,좌교리,11,1995-05-10
4122034000,경기도,평택시,오성면,,32,1995-05-10
4122034021,경기도,평택시,오성면,숙성리,1,1995-05-10
4122034022,경기도,평택시,오성면,교포리,2,1995-05-10
4122034023,경기도,평택시,오성면,신리,3,1995-05-10
4122034024,경기도,평택시,오성면,안화리,4,1995-05-10
4122034025,경기도,평택시,오성면,양교리,5,1995-05-10
4122034026,경기도,평택시,오성면,죽리,6,1995-05-10
4122034027,경기도,평택시,오성면,길음리,7,1995-05-10
4122034028,경기도,평택시,오성면,당거리,8,1995-05-10
4122034029,경기도,평택시,오성면,창내리,9,1995-05-10
4122037000,경기도,평택시,현덕면,,35,1995-05-10
4122037021,경기도,평택시,현덕면,도대리,1,1995-05-10
4122037022,경기도,평택시,현덕면,운정리,2,1995-05-10
4122037023,경기도,평택시,현덕면,화양리,3,1995-05-10
4122037024,경기도,평택시,현덕면,황산리,4,1995-05-10
4122037025,경기도,평택시,현덕면,인광리,5,1995-05-10
4122037026,경기도,평택시,현덕면,덕목리,6,1995-05-10
4122037027,경기도,평택시,현덕면,신왕리,7,1995-05-10
4122037028,경기도,평택시,현덕면,대안리,8,1995-05-10
4122037029,경기도,평택시,현덕면,기산리,9,1995-05-10
4122037030,경기도,평택시,현덕면,권관리,10,1995-05-10
4122037031,경기도,평택시,현덕면,장수리,11,1995-05-10
4122037032,경기도,평택시,현덕면,방축리,12,1995-05-10
4125000000,경기도,동두천시,,,19,1988-04-23
4125010100,경기도,동두천시,송내동,,1,1998-11-30
4125010200,경기도,동두천시,지행동,,2,1998-11-30
4125010300,경기도,동두천시,생연동,,3,1998-11-30
4125010400,경기도,동두천시,광암동,,4,1998-11-30
4125010500,경기도,동두천시,걸산동,,5,1988-04-23
4125010600,경기도,동두천시,보산동,,6,1988-04-23
4125010700,경기도,동두천시,동두천동,,7,1998-11-30
4125010800,경기도,동두천시,안흥동,,8,1998-11-30
4125010900,경기도,동두천시,상봉암동,,9,1988-04-23
4125011000,경기도,동두천시,하봉암동,,10,1988-04-23
4125011100,경기도,동두천시,탑동동,,11,1998-11-30
4125011200,경기도,동두천시,상패동,,12,1988-04-23
4127000000,경기도,안산시,,,20,1988-04-23
4127100000,경기도,안산시상록구,,,1,2002-11-01
4127110100,경기도,안산시상록구,일동,,1,2002-11-01
4127110200,경기도,안산시상록구,이동,,2,2002-11-01
4127110300,경기도,안산시상록구,사동,,3,2002-11-01
4127110400,경기도,안산시상록구,본오동,,4,2002-11-01
4127110500,경기도,안산시상록구,팔곡이동,,5,2002-11-01
4127110600,경기도,안산시상록구,양상동,,6,2002-11-01
4127110700,경기도,안산시상록구,부곡동,,7,2002-11-01
4127110800,경기도,안산시상록구,성포동,,8,2002-11-01
4127110900,경기도,안산시상록구,월피동,,9,2002-11-01
4127111000,경기도,안산시상록구,팔곡일동,,10,2002-11-01
4127111100,경기도,안산시상록구,건건동,,11,2002-11-01
4127111200,경기도,안산시상록구,사사동,,12,2002-11-01
4127111300,경기도,안산시상록구,수암동,,13,2002-11-01
4127111400,경기도,안산시상록구,장상동,,14,2002-11-01
4127111500,경기도,안산시상록구,장하동,,15,2002-11-01
4127300000,경기도,안산시단원구,,,2,2002-11-01
4127310100,경기도,안산시단원구,고잔동,,1,2002-11-01
4127310200,경기도,안산시단원구,와동,,2,2002-11-01
4127310300,경기도,안산시단원구,신길동,,3,2002-11-01
4127310400,경기도,안산시단원구,성곡동,,4,2002-11-01
4127310500,경기도,안산시단원구,원시동,,5,2002-11-01
4127310600,경기도,안산시단원구,목내동,,6,2002-11-01
4127310700,경기도,안산시단원구,초지동,,7,2002-11-01
4127310800,경기도,안산시단원구,원곡동,,8,2002-11-01
4127310900,경기도,안산시단원구,선부동,,9,2002-11-01
4127311000,경기도,안산시단원구,대부동동,,10,2002-11-01
4127311100,경기도,안산시단원구,대부북동,,11,2002-11-01
4127311200,경기도,안산시단원구,대부남동,,12,2002-11-01
4127311300,경기도,안산시단원구,선감동,,13,2002-11-01
4127311400,경기도,안산시단원구,풍도동,,14,2002-11-01
4127311500,경기도,안산시단원구,화정동,,15,2002-11-01
4128000000,경기도,고양시,,,21,1992-05-04
4128100000,경기도,고양시덕양구,,,22,1996-03-01
4128110100,경기도,고양시덕양구,주교동,,1,1996-03-01
4128110200,경기도,고양시덕양구,원당동,,2,1996-03-01
4128110300,경기도,고양시덕양구,신원동,,3,1996-03-01
4128110400,경기도,고양시덕양구,원흥동,,4,1996-03-01
4128110500,경기도,고양시덕양구,도내동,,5,1996-03-01
4128110600,경기도,고양시덕양구,성사동,,6,1996-03-01
4128110700,경기도,고양시덕양구,북한동,,7,1996-03-01
4128110800,경기도,고양시덕양구,효자동,,8,1996-03-01
4128110900,경기도,고양시덕양구,지축동,,9,1996-03-01
4128111000,경기도,고양시덕양구,오금동,,10,1996-03-01
4128111100,경기도,고양시덕양구,삼송동,,11,1996-03-01
4128111200,경기도,고양시덕양구,동산동,,12,1996-03-01
4128111300,경기도,고양시덕양구,용두동,,13,1996-03-01
4128111400,경기도,고양시덕양구,벽제동,,14,1996-03-01
4128111500,경기도,고양시덕양구,선유동,,15,1996-03-01
4128111600,경기도,고양시덕양구,고양동,,16,1996-03-01
4128111700,경기도,고양시덕양구,대자동,,17,1996-03-01
4128111800,경기도,고양시덕양구,관산동,,18,1996-03-01
4128111900,경기도,고양시덕양구,내유동,,19,1996-03-01
4128112000,경기도,고양시덕양구,토당동,,20,1996-03-01
4128112100,경기도,고양시덕양구,내곡동,,21,1996-03-01
4128112200,경기도,고양시덕양구,대장동,,22,1996-03-01
4128112300,경기도,고양시덕양구,화정동,,23,1996-10-21
4128112400,경기도,고양시덕양구,강매동,,24,1996-03-01
4128112500,경기도,고양시덕양구,행주내동,,25,1996-03-01
4128112600,경기도,고양시덕양구,행주외동,,26,1996-03-01
4128112700,경기도,고양시덕양구,신평동,,27,1996-03-01
4128112800,경기도,고양시덕양구,행신동,,28,1996-03-01
4128112900,경기도,고양시덕양구,화전동,,29,1996-03-01
4128113000,경기도,고양시덕양구,현천동,,30,1996-03-01
4128113100,경기도,고양시덕양구,덕은동,,31,1996-03-01
4128113200,경기도,고양시덕양구,향동동,,32,1996-03-01
4128500000,경기도,고양시일산동구,,,1,2005-05-16
4128510100,경기도,고양시일산동구,식사동,,1,2005-05-16
4128510200,경기도,고양시일산동구,중산동,,1,2005-05-16
4128510300,경기도,고양시일산동구,정발산동,,1,2005-05-16
4128510400,경기도,고양시일산동구,장항동,,1,2005-05-16
4128510500,경기도,고양시일산동구,마두동,,1,2005-05-16
4128510600,경기도,고양시일산동구,백석동,,1,2005-05-16
4128510700,경기도,고양시일산동구,풍동,,1,2005-05-16
4128510800,경기도,고양시일산동구,산황동,,1,2005-05-16
4128510900,경기도,고양시일산동구,사리현동,,1,2005-05-16
4128511000,경기도,고양시일산동구,지영동,,1,2005-05-16
4128511100,경기도,고양시일산동구,설문동,,1,2005-05-16
4128511200,경기도,고양시일산동구,문봉동,,1,2005-05-16
4128511300,경기도,고양시일산동구,성석동,,1,2005-05-16
4128700000,경기도,고양시일산서구,,,1,2005-05-16
4128710100,경기도,고양시일산서구,일산동,,1,2005-05-16
4128710200,경기도,고양시일산서구,주엽동,,1,2005-05-16
4128710300,경기도,고양시일산서구,탄현동,,1,2005-05-16
4128710400,경기도,고양시일산서구,대화동,,1,2005-05-16
4128710500,경기도,고양시일산서구,덕이동,,1,2005-05-16
4128710600,경기도,고양시일산서구,가좌동,,1,2005-05-16
4128710700,경기도,고양시일산서구,구산동,,1,2005-05-16
4128710800,경기도,고양시일산서구,법곳동,,1,2005-05-16
4129000000,경기도,과천시,,,24,1988-04-23
4129010100,경기도,과천시,관문동,,1,1988-04-23
4129010200,경기도,과천시,문원동,,2,1993-01-15
4129010300,경기도,과천시,갈현동,,3,1988-04-23
4129010400,경기도,과천시,막계동,,4,1988-04-23
4129010500,경기도,과천시,과천동,,5,1988-04-23
4129010600,경기도,과천시,주암동,,6,1988-04-23
4129010700,경기도,과천시,중앙동,,7,1988-04-23
4129010800,경기도,과천시,원문동,,8,1988-04-23
4129010900,경기도,과천시,별양동,,9,1988-04-23
4129011000,경기도,과천시,부림동,,10,1988-04-23
4131000000,경기도,구리시,,,25,1988-04-23
4131010100,경기도,구리시,갈매동,,1,1988-04-23
4131010200,경기도,구리시,사노동,,2,1988-04-23
4131010300,경기도,구리시,인창동,,3,1988-04-23
4131010400,경기도,구리시,교문동,,4,1988-04-23
4131010500,경기도,구리시,수택동,,5,1996-01-08
4131010600,경기도,구리시,아천동,,6,1995-03-02
4131010700,경기도,구리시,토평동,,7,1996-01-08
4136000000,경기도,남양주시,,,26,1995-01-01
4136010100,경기도,남양주시,호평동,,1,1995-01-01
4136010200,경기도,남양주시,평내동,,2,1995-01-01
4136010300,경기도,남양주시,금곡동,,3,1995-01-01
4136010400,경기도,남양주시,일패동,,4,1995-01-01
4136010500,경기도,남양주시,이패동,,5,1995-01-01
4136010600,경기도,남양주시,삼패동,,6,1995-01-01
4136010800,경기도,남양주시,수석동,,8,1995-01-01
4136010900,경기도,남양주시,지금동,,9,1995-01-01
4136011000,경기도,남양주시,도농동,,10,1995-01-01
4136011100,경기도,남양주시,별내동,,11,2012-01-02
4136011200,경기도,남양주시,다산동,,7,2017-12-18
4136025000,경기도,남양주시,와부읍,,11,1995-01-01
4136025021,경기도,남양주시,와부읍,덕소리,1,1995-01-01
4136025022,경기도,남양주시,와부읍,도곡리,2,1995-01-01
4136025023,경기도,남양주시,와부읍,팔당리,3,1995-01-01
4136025024,경기도,남양주시,와부읍,월문리,4,1995-01-01
4136025025,경기도,남양주시,와부읍,율석리,5,1995-01-01
4136025300,경기도,남양주시,진접읍,,12,1995-01-01
4136025321,경기도,남양주시,진접읍,장현리,1,1995-01-01
4136025322,경기도,남양주시,진접읍,내각리,2,1995-01-01
4136025323,경기도,남양주시,진접읍,내곡리,3,1995-01-01
4136025324,경기도,남양주시,진접읍,연평리,4,1995-01-01
4136025325,경기도,남양주시,진접읍,부평리,5,1995-01-01
4136025326,경기도,남양주시,진접읍,팔야리,6,1995-01-01
4136025327,경기도,남양주시,진접읍,진벌리,7,1995-01-01
4136025328,경기도,남양주시,진접읍,금곡리,8,1995-01-01
4136025600,경기도,남양주시,화도읍,,13,1995-01-01
4136025621,경기도,남양주시,화도읍,마석우리,1,1995-01-01
4136025622,경기도,남양주시,화도읍,묵현리,2,1995-01-01
4136025623,경기도,남양주시,화도읍,가곡리,3,1995-01-01
4136025624,경기도,남양주시,화도읍,구암리,4,1995-01-01
4136025625,경기도,남양주시,화도읍,금남리,5,1995-01-01
4136025626,경기도,남양주시,화도읍,답내리,6,1995-01-01
4136025627,경기도,남양주시,화도읍,월산리,7,1995-01-01
4136025628,경기도,남양주시,화도읍,창현리,8,1995-01-01
4136025629,경기도,남양주시,화도읍,녹촌리,9,1995-01-01
4136025630,경기도,남양주시,화도읍,차산리,10,1995-01-01
4136025900,경기도,남양주시,진건읍,,0,2001-09-12
4136025921,경기도,남양주시,진건읍,사능리,0,2001-09-12
4136025922,경기도,남양주시,진건읍,배양리,0,2001-09-12
4136025923,경기도,남양주시,진건읍,진관리,0,2001-09-12
4136025924,경기도,남양주시,진건읍,신월리,0,2001-09-12
4136025925,경기도,남양주시,진건읍,용정리,0,2001-09-12
4136025926,경기도,남양주시,진건읍,송능리,0,2001-09-12
4136026200,경기도,남양주시,오남읍,,0,2001-09-12
4136026221,경기도,남양주시,오남읍,양지리,0,2001-09-12
4136026222,경기도,남양주시,오남읍,팔현리,0,2001-09-12
4136026223,경기도,남양주시,오남읍,오남리,0,2001-09-12
4136026500,경기도,남양주시,퇴계원읍,,18,2019-10-18
4136026521,경기도,남양주시,퇴계원읍,퇴계원리,1,2019-10-18
4136031000,경기도,남양주시,별내면,,14,1995-01-01
4136031021,경기도,남양주시,별내면,청학리,1,1995-01-01
4136031022,경기도,남양주시,별내면,용암리,2,1995-01-01
4136031023,경기도,남양주시,별내면,광전리,3,1995-01-01
4136034000,경기도,남양주시,수동면,,16,1995-01-01
4136034021,경기도,남양주시,수동면,운수리,1,1995-01-01
4136034022,경기도,남양주시,수동면,지둔리,2,1995-01-01
4136034023,경기도,남양주시,수동면,수산리,3,1995-01-01
4136034024,경기도,남양주시,수동면,내방리,4,1995-01-01
4136034025,경기도,남양주시,수동면,외방리,5,1995-01-01
4136034026,경기도,남양주시,수동면,입석리,6,1995-01-01
4136034027,경기도,남양주시,수동면,송천리,7,1995-01-01
4136036000,경기도,남양주시,조안면,,17,1995-01-01
4136036021,경기도,남양주시,조안면,능내리,1,1995-01-01
4136036022,경기도,남양주시,조안면,조안리,2,1995-01-01
4136036023,경기도,남양주시,조안면,진중리,3,1995-01-01
4136036024,경기도,남양주시,조안면,송촌리,4,1995-01-01
4136036025,경기도,남양주시,조안면,삼봉리,5,1995-01-01
4136036026,경기도,남양주시,조안면,시우리,6,1995-01-01
4137000000,경기도,오산시,,,27,1989-01-01
4137010100,경기도,오산시,오산동,,1,1989-01-01
4137010200,경기도,오산시,부산동,,2,1989-01-01
4137010300,경기도,오산시,원동,,3,1991-09-07
4137010400,경기도,오산시,궐동,,4,1989-01-01
4137010500,경기도,오산시,청학동,,5,1989-01-01
4137010600,경기도,오산시,가장동,,6,1989-01-01
4137010700,경기도,오산시,금암동,,7,1989-01-01
4137010800,경기도,오산시,수청동,,8,1989-01-01
4137010900,경기도,오산시,은계동,,9,1995-01-13
4137011000,경기도,오산시,내삼미동,,10,1989-01-01
4137011100,경기도,오산시,외삼미동,,11,1989-01-01
4137011200,경기도,오산시,양산동,,12,1989-01-01
4137011300,경기도,오산시,세교동,,13,1989-01-01
4137011400,경기도,오산시,지곶동,,14,1989-01-01
4137011500,경기도,오산시,서랑동,,15,1989-01-01
4137011600,경기도,오산시,서동,,16,1989-01-01
4137011700,경기도,오산시,벌음동,,17,1989-01-01
4137011800,경기도,오산시,두곡동,,18,1989-01-01
4137011900,경기도,오산시,탑동,,19,1989-01-01
4137012000,경기도,오산시,누읍동,,20,1998-04-20
4137012100,경기도,오산시,가수동,,21,1989-01-01
4137012200,경기도,오산시,고현동,,22,1995-04-20
4137012300,경기도,오산시,청호동,,23,1995-04-20
4137012400,경기도,오산시,갈곶동,,24,1998-04-20
4139000000,경기도,시흥시,,,28,1989-01-01
4139010100,경기도,시흥시,대야동,,1,1989-01-01
4139010200,경기도,시흥시,신천동,,2,1989-01-01
4139010300,경기도,시흥시,방산동,,3,1992-08-01
4139010400,경기도,시흥시,포동,,4,1992-08-01
4139010500,경기도,시흥시,미산동,,5,1992-08-01
4139010600,경기도,시흥시,은행동,,6,1989-01-01
4139010700,경기도,시흥시,안현동,,7,1989-01-01
4139010800,경기도,시흥시,매화동,,8,1989-01-01
4139010900,경기도,시흥시,도창동,,9,1989-01-01
4139011000,경기도,시흥시,금이동,,10,1989-01-01
4139011200,경기도,시흥시,과림동,,11,1992-08-01
4139011300,경기도,시흥시,계수동,,12,1989-01-01
4139011700,경기도,시흥시,화정동,,13,1991-09-07
4139011800,경기도,시흥시,능곡동,,14,1991-09-07
4139011900,경기도,시흥시,하중동,,15,1991-09-07
4139012000,경기도,시흥시,하상동,,16,1991-09-07
4139012100,경기도,시흥시,광석동,,17,1991-09-07
4139012200,경기도,시흥시,물왕동,,18,1989-01-01
4139012300,경기도,시흥시,산현동,,19,1989-01-01
4139012400,경기도,시흥시,조남동,,20,1989-01-01
4139012500,경기도,시흥시,논곡동,,21,1989-01-01
4139012600,경기도,시흥시,목감동,,22,1989-01-01
4139012700,경기도,시흥시,거모동,,23,1994-07-01
4139012800,경기도,시흥시,군자동,,24,1994-07-01
4139012900,경기도,시흥시,장현동,,25,1991-09-07
4139013000,경기도,시흥시,장곡동,,26,1991-09-07
4139013100,경기도,시흥시,월곶동,,27,1994-07-01
4139013200,경기도,시흥시,정왕동,,28,2021-07-07
4139013300,경기도,시흥시,죽율동,,29,1989-01-01
4139013400,경기도,시흥시,무지내동,,30,1996-03-01
4139013500,경기도,시흥시,배곧동,,28,2021-07-06
4141000000,경기도,군포시,,,29,1989-01-01
4141010100,경기도,군포시,당동,,1,1989-01-01
4141010200,경기도,군포시,당정동,,2,1998-09-30
4141010300,경기도,군포시,부곡동,,3,1989-01-01
4141010400,경기도,군포시,산본동,,4,1989-01-01
4141010500,경기도,군포시,금정동,,5,1989-01-01
4141010600,경기도,군포시,둔대동,,6,1994-12-26
4141010700,경기도,군포시,속달동,,7,1994-12-26
4141010800,경기도,군포시,대야미동,,8,1994-12-26
4141010900,경기도,군포시,도마교동,,9,1994-12-26
4143000000,경기도,의왕시,,,30,1989-01-01
4143010100,경기도,의왕시,고천동,,1,1989-01-01
4143010200,경기도,의왕시,이동,,2,1989-01-01
4143010300,경기도,의왕시,삼동,,3,1989-01-01
4143010400,경기도,의왕시,왕곡동,,4,1989-01-01
4143010500,경기도,의왕시,오전동,,5,1989-01-01
4143010600,경기도,의왕시,학의동,,6,1989-01-01
4143010700,경기도,의왕시,내손동,,7,1989-01-01
4143010800,경기도,의왕시,청계동,,8,1989-01-01
4143010900,경기도,의왕시,포일동,,9,1989-01-01
4143011000,경기도,의왕시,월암동,,10,1989-01-01
4143011100,경기도,의왕시,초평동,,11,1989-01-01
4145000000,경기도,하남시,,,31,1989-01-01
4145010100,경기도,하남시,천현동,,1,1989-01-01
4145010200,경기도,하남시,하산곡동,,2,1989-01-01
4145010300,경기도,하남시,창우동,,3,1989-01-01
4145010400,경기도,하남시,배알미동,,4,1989-01-01
4145010500,경기도,하남시,상산곡동,,5,1989-01-01
4145010600,경기도,하남시,신장동,,6,1989-01-01
4145010700,경기도,하남시,당정동,,7,1989-01-01
4145010800,경기도,하남시,덕풍동,,8,1989-01-01
4145010900,경기도,하남시,망월동,,9,1989-01-01
4145011000,경기도,하남시,풍산동,,10,1989-01-01
4145011100,경기도,하남시,미사동,,11,1989-01-01
4145011200,경기도,하남시,선동,,12,1989-01-01
4145011300,경기도,하남시,감북동,,13,1989-01-01
4145011400,경기도,하남시,감일동,,14,1989-01-01
4145011500,경기도,하남시,감이동,,15,1989-01-01
4145011600,경기도,하남시,학암동,,16,1989-01-01
4145011700,경기도,하남시,교산동,,17,1989-01-01
4145011800,경기도,하남시,춘궁동,,18,1989-01-01
4145011900,경기도,하남시,하사창동,,19,1989-01-01
4145012000,경기도,하남시,상사창동,,20,1989-01-01
4145012100,경기도,하남시,항동,,21,1989-01-01
4145012200,경기도,하남시,초일동,,22,1989-01-01
4145012300,경기도,하남시,초이동,,23,1989-01-01
4145012400,경기도,하남시,광암동,,24,1992-04-16
4146000000,경기도,용인시,,,32,1996-03-01
4146100000,경기도,용인시처인구,,,1,2005-10-31
4146110100,경기도,용인시처인구,김량장동,,1,2005-10-31
4146110200,경기도,용인시처인구,역북동,,1,2005-10-31
4146110300,경기도,용인시처인구,삼가동,,1,2005-10-31
4146110400,경기도,용인시처인구,남동,,1,2005-10-31
4146110500,경기도,용인시처인구,유방동,,1,2005-10-31
4146110600,경기도,용인시처인구,고림동,,1,2005-10-31
4146110700,경기도,용인시처인구,마평동,,1,2005-10-31
4146110800,경기도,용인시처인구,운학동,,1,2005-10-31
4146110900,경기도,용인시처인구,호동,,1,2005-10-31
4146111000,경기도,용인시처인구,해곡동,,1,2005-10-31
4146125000,경기도,용인시처인구,포곡읍,,1,2005-10-31
4146125021,경기도,용인시처인구,포곡읍,삼계리,1,2005-10-31
4146125022,경기도,용인시처인구,포곡읍,금어리,1,2005-10-31
4146125023,경기도,용인시처인구,포곡읍,둔전리,1,2005-10-31
4146125024,경기도,용인시처인구,포곡읍,영문리,1,2005-10-31
4146125025,경기도,용인시처인구,포곡읍,마성리,1,2005-10-31
4146125026,경기도,용인시처인구,포곡읍,가실리,1,2005-10-31
4146125027,경기도,용인시처인구,포곡읍,전대리,1,2005-10-31
4146125028,경기도,용인시처인구,포곡읍,유운리,1,2005-10-31
4146125029,경기도,용인시처인구,포곡읍,신원리,1,2005-10-31
4146125300,경기도,용인시처인구,모현읍,,0,2017-12-11
4146125321,경기도,용인시처인구,모현읍,왕산리,0,2017-12-11
4146125322,경기도,용인시처인구,모현읍,갈담리,0,2017-12-11
4146125323,경기도,용인시처인구,모현읍,초부리,0,2017-12-11
4146125324,경기도,용인시처인구,모현읍,일산리,0,2017-12-11
4146125325,경기도,용인시처인구,모현읍,매산리,0,2017-12-11
4146125326,경기도,용인시처인구,모현읍,동림리,0,2017-12-11
4146125327,경기도,용인시처인구,모현읍,능원리,0,2017-12-11
4146125328,경기도,용인시처인구,모현읍,오산리,0,2017-12-11
4146125600,경기도,용인시처인구,이동읍,,0,2017-12-11
4146125621,경기도,용인시처인구,이동읍,송전리,0,2017-12-11
4146125622,경기도,용인시처인구,이동읍,어비리,0,2017-12-11
4146125623,경기도,용인시처인구,이동읍,묘봉리,0,2017-12-11
4146125624,경기도,용인시처인구,이동읍,화산리,0,2017-12-11
4146125625,경기도,용인시처인구,이동읍,시미리,0,2017-12-11
4146125626,경기도,용인시처인구,이동읍,덕성리,0,2017-12-11
4146125627,경기도,용인시처인구,이동읍,묵리,0,2017-12-11
4146125628,경기도,용인시처인구,이동읍,천리,0,2017-12-11
4146125629,경기도,용인시처인구,이동읍,서리,0,2017-12-11
4146125900,경기도,용인시처인구,남사읍,,1,2021-04-06
4146125921,경기도,용인시처인구,남사읍,봉무리,1,2021-04-06
4146125922,경기도,용인시처인구,남사읍,북리,1,2021-04-06
4146125923,경기도,용인시처인구,남사읍,통삼리,1,2021-04-06
4146125924,경기도,용인시처인구,남사읍,봉명리,1,2021-04-06
4146125925,경기도,용인시처인구,남사읍,진목리,1,2021-04-06
4146125926,경기도,용인시처인구,남사읍,원암리,1,2021-04-06
4146125927,경기도,용인시처인구,남사읍,전궁리,1,2021-04-06
4146125928,경기도,용인시처인구,남사읍,방아리,1,2021-04-06
4146125929,경기도,용인시처인구,남사읍,창리,1,2021-04-06
4146125930,경기도,용인시처인구,남사읍,아곡리,1,2021-04-06
4146125931,경기도,용인시처인구,남사읍,완장리,1,2021-04-06
4146126200,경기도,용인시처인구,양지읍,,1,2026-01-02
4146126221,경기도,용인시처인구,양지읍,양지리,1,2026-01-02
4146126222,경기도,용인시처인구,양지읍,남곡리,1,2026-01-02
4146126223,경기도,용인시처인구,양지읍,평창리,1,2026-01-02
4146126224,경기도,용인시처인구,양지읍,제일리,1,2026-01-02
4146126225,경기도,용인시처인구,양지읍,추계리,1,2026-01-02
4146126226,경기도,용인시처인구,양지읍,식금리,1,2026-01-02
4146126227,경기도,용인시처인구,양지읍,정수리,1,2026-01-02
4146126228,경기도,용인시처인구,양지읍,대대리,1,2026-01-02
4146126229,경기도,용인시처인구,양지읍,주북리,1,2026-01-02
4146126230,경기도,용인시처인구,양지읍,송문리,1,2026-01-02
4146134000,경기도,용인시처인구,원삼면,,1,2005-10-31
4146134021,경기도,용인시처인구,원삼면,고당리,1,2005-10-31
4146134022,경기도,용인시처인구,원삼면,사암리,1,2005-10-31
4146134023,경기도,용인시처인구,원삼면,좌항리,1,2005-10-31
4146134024,경기도,용인시처인구,원삼면,맹리,1,2005-10-31
4146134025,경기도,용인시처인구,원삼면,미평리,1,2005-10-31
4146134026,경기도,용인시처인구,원삼면,두창리,1,2005-10-31
4146134027,경기도,용인시처인구,원삼면,독성리,1,2005-10-31
4146134028,경기도,용인시처인구,원삼면,죽능리,1,2005-10-31
4146134029,경기도,용인시처인구,원삼면,목신리,1,2005-10-31
4146134030,경기도,용인시처인구,원삼면,학일리,1,2005-10-31
4146134031,경기도,용인시처인구,원삼면,문촌리,1,2005-10-31
4146134032,경기도,용인시처인구,원삼면,가재월리,1,2005-10-31
4146135000,경기도,용인시처인구,백암면,,1,2005-10-31
4146135021,경기도,용인시처인구,백암면,백암리,1,2005-10-31
4146135022,경기도,용인시처인구,백암면,박곡리,1,2005-10-31
4146135023,경기도,용인시처인구,백암면,백봉리,1,2005-10-31
4146135024,경기도,용인시처인구,백암면,고안리,1,2005-10-31
4146135025,경기도,용인시처인구,백암면,옥산리,1,2005-10-31
4146135026,경기도,용인시처인구,백암면,장평리,1,2005-10-31
4146135027,경기도,용인시처인구,백암면,석천리,1,2005-10-31
4146135028,경기도,용인시처인구,백암면,용천리,1,2005-10-31
4146135029,경기도,용인시처인구,백암면,근삼리,1,2005-10-31
4146135030,경기도,용인시처인구,백암면,근창리,1,2005-10-31
4146135031,경기도,용인시처인구,백암면,근곡리,1,2005-10-31
4146135032,경기도,용인시처인구,백암면,가창리,1,2005-10-31
4146135033,경기도,용인시처인구,백암면,가좌리,1,2005-10-31
4146300000,경기도,용인시기흥구,,,1,2005-10-31
4146310100,경기도,용인시기흥구,신갈동,,1,2005-10-31
4146310200,경기도,용인시기흥구,구갈동,,1,2005-10-31
4146310300,경기도,용인시기흥구,상갈동,,1,2005-10-31
4146310400,경기도,용인시기흥구,하갈동,,1,2005-10-31
4146310500,경기도,용인시기흥구,보라동,,1,2005-10-31
4146310600,경기도,용인시기흥구,지곡동,,1,2005-10-31
4146310700,경기도,용인시기흥구,공세동,,1,2005-10-31
4146310800,경기도,용인시기흥구,고매동,,1,2005-10-31
4146310900,경기도,용인시기흥구,농서동,,1,2005-10-31
4146311000,경기도,용인시기흥구,서천동,,1,2005-10-31
4146311100,경기도,용인시기흥구,영덕동,,1,2005-10-31
4146311200,경기도,용인시기흥구,언남동,,1,2005-10-31
4146311300,경기도,용인시기흥구,마북동,,1,2005-10-31
4146311400,경기도,용인시기흥구,청덕동,,1,2005-10-31
4146311500,경기도,용인시기흥구,동백동,,1,2005-10-31
4146311600,경기도,용인시기흥구,중동,,1,2005-10-31
4146311700,경기도,용인시기흥구,상하동,,1,2005-10-31
4146311800,경기도,용인시기흥구,보정동,,1,2005-10-31
4146500000,경기도,용인시수지구,,,1,2005-10-31
4146510100,경기도,용인시수지구,풍덕천동,,1,2005-10-31
4146510200,경기도,용인시수지구,죽전동,,1,2005-10-31
4146510300,경기도,용인시수지구,동천동,,1,2005-10-31
4146510400,경기도,용인시수지구,고기동,,1,2005-10-31
4146510500,경기도,용인시수지구,신봉동,,1,2005-10-31
4146510600,경기도,용인시수지구,성복동,,1,2005-10-31
4146510700,경기도,용인시수지구,상현동,,1,2005-10-31
4148000000,경기도,파주시,,,33,1996-03-01
4148010100,경기도,파주시,금촌동,,1,1996-03-01
4148010200,경기도,파주시,아동동,,2,1996-03-01
4148010400,경기도,파주시,야동동,,4,1996-03-01
4148010500,경기도,파주시,검산동,,5,1996-03-01
4148010600,경기도,파주시,맥금동,,6,1996-03-01
4148010700,경기도,파주시,교하동,,,2011-07-25
4148010800,경기도,파주시,야당동,,,2011-07-25
4148010900,경기도,파주시,다율동,,,2011-07-25
4148011000,경기도,파주시,오도동,,,2011-07-25
4148011100,경기도,파주시,상지석동,,,2011-07-25
4148011200,경기도,파주시,산남동,,,2011-07-25
4148011300,경기도,파주시,동패동,,,2011-07-25
4148011400,경기도,파주시,당하동,,,2011-07-25
4148011500,경기도,파주시,문발동,,,2011-07-25
4148011600,경기도,파주시,송촌동,,,2011-07-25
4148011700,경기도,파주시,목동동,,,2011-07-25
4148011800,경기도,파주시,하지석동,,,2011-07-29
4148011900,경기도,파주시,서패동,,,2011-07-29
4148012000,경기도,파주시,신촌동,,,2011-07-29
4148012100,경기도,파주시,연다산동,,,2011-07-29
4148012200,경기도,파주시,와동동,,,2011-07-29
4148012300,경기도,파주시,금릉동,,,2013-02-22
4148025000,경기도,파주시,문산읍,,7,1996-03-01
4148025021,경기도,파주시,문산읍,문산리,1,1996-03-01
4148025022,경기도,파주시,문산읍,당동리,2,1996-03-01
4148025023,경기도,파주시,문산읍,선유리,3,1996-03-01
4148025024,경기도,파주시,문산읍,임진리,4,1996-03-01
4148025025,경기도,파주시,문산읍,운천리,5,1996-03-01
4148025026,경기도,파주시,문산읍,사목리,6,1996-03-01
4148025027,경기도,파주시,문산읍,마정리,7,1996-03-01
4148025028,경기도,파주시,문산읍,장산리,8,1996-03-01
4148025029,경기도,파주시,문산읍,내포리,9,1996-03-01
4148025030,경기도,파주시,문산읍,이천리,10,1996-03-01
4148025300,경기도,파주시,파주읍,,8,1996-03-01
4148025321,경기도,파주시,파주읍,봉서리,1,1996-03-01
4148025322,경기도,파주시,파주읍,향양리,2,1996-03-01
4148025323,경기도,파주시,파주읍,부곡리,3,1996-03-01
4148025324,경기도,파주시,파주읍,봉암리,4,1996-03-01
4148025325,경기도,파주시,파주읍,백석리,5,1996-03-01
4148025326,경기도,파주시,파주읍,파주리,6,1996-03-01
4148025327,경기도,파주시,파주읍,연풍리,7,1996-03-01
4148025600,경기도,파주시,법원읍,,9,1996-03-01
4148025621,경기도,파주시,법원읍,오현리,1,1996-03-01
4148025622,경기도,파주시,법원읍,법원리,2,1996-03-01
4148025623,경기도,파주시,법원읍,가야리,3,1996-03-01
4148025624,경기도,파주시,법원읍,동문리,4,1996-03-01
4148025625,경기도,파주시,법원읍,대능리,5,1996-03-01
4148025626,경기도,파주시,법원읍,삼방리,6,1996-03-01
4148025627,경기도,파주시,법원읍,갈곡리,7,1996-03-01
4148025628,경기도,파주시,법원읍,직천리,8,1996-03-01
4148025629,경기도,파주시,법원읍,웅담리,9,1996-03-01
4148025630,경기도,파주시,법원읍,금곡리,10,1996-03-01
4148026200,경기도,파주시,조리읍,,0,2002-04-01
4148026221,경기도,파주시,조리읍,봉일천리,0,2002-04-01
4148026222,경기도,파주시,조리읍,뇌조리,0,2002-04-01
4148026223,경기도,파주시,조리읍,등원리,0,2002-04-01
4148026224,경기도,파주시,조리읍,장곡리,0,2002-04-01
4148026225,경기도,파주시,조리읍,오산리,0,2002-04-01
4148026226,경기도,파주시,조리읍,능안리,0,2002-04-01
4148026227,경기도,파주시,조리읍,대원리,0,2002-04-01
4148031000,경기도,파주시,월롱면,,10,1996-03-01
4148031021,경기도,파주시,월롱면,위전리,1,1996-03-01
4148031022,경기도,파주시,월롱면,도내리,2,1996-03-01
4148031023,경기도,파주시,월롱면,덕은리,3,1996-03-01
4148031024,경기도,파주시,월롱면,능산리,4,1996-03-01
4148031025,경기도,파주시,월롱면,영태리,5,1996-03-01
4148032000,경기도,파주시,탄현면,,11,1996-03-01
4148032021,경기도,파주시,탄현면,성동리,1,1996-03-01
4148032022,경기도,파주시,탄현면,법흥리,2,1996-03-01
4148032023,경기도,파주시,탄현면,갈현리,3,1996-03-01
4148032024,경기도,파주시,탄현면,문지리,4,1996-03-01
4148032025,경기도,파주시,탄현면,대동리,5,1996-03-01
4148032026,경기도,파주시,탄현면,만우리,6,1996-03-01
4148032027,경기도,파주시,탄현면,축현리,7,1996-03-01
4148032028,경기도,파주시,탄현면,금승리,8,1996-03-01
4148032029,경기도,파주시,탄현면,오금리,9,1996-03-01
4148032030,경기도,파주시,탄현면,낙하리,10,1996-03-01
4148032031,경기도,파주시,탄현면,금산리,11,1996-03-01
4148035000,경기도,파주시,광탄면,,14,1996-03-01
4148035021,경기도,파주시,광탄면,분수리,1,1996-03-01
4148035022,경기도,파주시,광탄면,방축리,2,1996-03-01
4148035023,경기도,파주시,광탄면,마장리,3,1996-03-01
4148035024,경기도,파주시,광탄면,발랑리,4,1996-03-01
4148035025,경기도,파주시,광탄면,창만리,5,1996-03-01
4148035026,경기도,파주시,광탄면,용미리,6,1996-03-01
4148035027,경기도,파주시,광탄면,신산리,7,1996-03-01
4148035028,경기도,파주시,광탄면,기산리,8,1996-03-01
4148035029,경기도,파주시,광탄면,영장리,9,1996-03-01
4148036000,경기도,파주시,파평면,,15,1996-03-01
4148036021,경기도,파주시,파평면,덕천리,1,1996-03-01
4148036022,경기도,파주시,파평면,두포리,2,1996-03-01
4148036023,경기도,파주시,파평면,마산리,3,1996-03-01
4148036024,경기도,파주시,파평면,율곡리,4,1996-03-01
4148036026,경기도,파주시,파평면,금파리,6,1996-03-01
4148036027,경기도,파주시,파평면,장파리,7,1996-03-01
4148036028,경기도,파주시,파평면,눌노리,5,2013-02-22
4148037000,경기도,파주시,적성면,,16,1996-03-01
4148037021,경기도,파주시,적성면,어유지리,1,1996-03-01
4148037022,경기도,파주시,적성면,장좌리,2,1996-03-01
4148037023,경기도,파주시,적성면,장현리,3,1996-03-01
4148037024,경기도,파주시,적성면,구읍리,4,1996-03-01
4148037025,경기도,파주시,적성면,객현리,5,1996-03-01
4148037026,경기도,파주시,적성면,가월리,6,1996-03-01
4148037027,경기도,파주시,적성면,무건리,7,1996-03-01
4148037028,경기도,파주시,적성면,율포리,8,1996-03-01
4148037029,경기도,파주시,적성면,답곡리,9,1996-03-01
4148037030,경기도,파주시,적성면,식현리,10,1996-03-01
4148037031,경기도,파주시,적성면,주월리,11,1996-03-01
4148037032,경기도,파주시,적성면,설마리,12,1996-03-01
4148037033,경기도,파주시,적성면,적암리,13,1996-03-01
4148037034,경기도,파주시,적성면,두지리,14,1996-03-01
4148037035,경기도,파주시,적성면,마지리,15,1996-03-01
4148037036,경기도,파주시,적성면,자장리,16,1996-03-01
4148038000,경기도,파주시,군내면,,17,1996-03-01
4148038021,경기도,파주시,군내면,백연리,1,1996-03-01
4148038022,경기도,파주시,군내면,정자리,2,1996-03-01
4148038023,경기도,파주시,군내면,조산리,3,1996-03-01
4148038024,경기도,파주시,군내면,읍내리,4,1996-03-01
4148038025,경기도,파주시,군내면,송산리,5,1996-03-01
4148038026,경기도,파주시,군내면,점원리,6,1996-03-01
4148038027,경기도,파주시,군내면,방목리,7,1996-03-01
4148039000,경기도,파주시,장단면,,18,1996-03-01
4148039021,경기도,파주시,장단면,노상리,1,1996-03-01
4148039022,경기도,파주시,장단면,노하리,2,1996-03-01
4148039023,경기도,파주시,장단면,거곡리,3,1996-03-01
4148039024,경기도,파주시,장단면,도라산리,4,1996-03-01
4148039025,경기도,파주시,장단면,석곶리,5,1996-03-01
4148039026,경기도,파주시,장단면,강정리,6,1996-03-01
4148039027,경기도,파주시,장단면,동장리,8,1996-03-01
4148039028,경기도,파주시,장단면,정동리,7,1996-03-01
4148039029,경기도,파주시,장단면,덕산리,19,2020-12-18
4148040000,경기도,파주시,진동면,,19,1996-03-01
4148040021,경기도,파주시,진동면,동파리,1,1996-03-01
4148040022,경기도,파주시,진동면,용산리,2,1996-03-01
4148040023,경기도,파주시,진동면,하포리,3,1996-03-01
4148040024,경기도,파주시,진동면,서곡리,4,1996-03-01
4148040025,경기도,파주시,진동면,초리,5,1996-03-01
4148041000,경기도,파주시,진서면,,20,1996-03-01
4148041022,경기도,파주시,진서면,어용리,2,1996-03-01
4148041023,경기도,파주시,진서면,금릉리,3,2013-02-22
4148041024,경기도,파주시,진서면,선적리,21,2020-12-18
4150000000,경기도,이천시,,,34,1996-03-01
4150010100,경기도,이천시,창전동,,1,1996-03-01
4150010200,경기도,이천시,관고동,,2,1996-03-01
4150010300,경기도,이천시,중리동,,3,1996-03-01
4150010400,경기도,이천시,증일동,,4,1996-03-01
4150010500,경기도,이천시,율현동,,5,1996-03-01
4150010600,경기도,이천시,진리동,,6,1996-03-01
4150010700,경기도,이천시,안흥동,,7,1996-03-01
4150010800,경기도,이천시,갈산동,,8,1996-03-01
4150010900,경기도,이천시,증포동,,9,1996-03-01
4150011000,경기도,이천시,송정동,,10,1996-03-01
4150011100,경기도,이천시,사음동,,11,1996-03-01
4150011200,경기도,이천시,단월동,,12,1996-05-01
4150011300,경기도,이천시,대포동,,13,1996-05-01
4150011400,경기도,이천시,고담동,,14,1996-05-01
4150011500,경기도,이천시,장록동,,15,1996-05-01
4150025000,경기도,이천시,장호원읍,,16,1996-03-01
4150025021,경기도,이천시,장호원읍,장호원리,1,1996-03-01
4150025022,경기도,이천시,장호원읍,오남리,2,1996-03-01
4150025023,경기도,이천시,장호원읍,진암리,3,1996-03-01
4150025024,경기도,이천시,장호원읍,어석리,4,1996-03-01
4150025025,경기도,이천시,장호원읍,대서리,5,1996-03-01
4150025026,경기도,이천시,장호원읍,송산리,6,1996-03-01
4150025027,경기도,이천시,장호원읍,방추리,7,1996-03-01
4150025028,경기도,이천시,장호원읍,선읍리,8,1996-03-01
4150025029,경기도,이천시,장호원읍,이황리,9,1996-03-01
4150025030,경기도,이천시,장호원읍,나래리,10,1996-03-01
4150025031,경기도,이천시,장호원읍,와현리,11,1996-03-01
4150025032,경기도,이천시,장호원읍,풍계리,12,1996-03-01
4150025033,경기도,이천시,장호원읍,노탑리,13,1996-03-01
4150025300,경기도,이천시,부발읍,,17,1996-03-01
4150025321,경기도,이천시,부발읍,무촌리,1,1996-03-01
4150025322,경기도,이천시,부발읍,죽당리,2,1996-03-01
4150025323,경기도,이천시,부발읍,신원리,3,1996-03-01
4150025324,경기도,이천시,부발읍,고백리,4,1996-03-01
4150025325,경기도,이천시,부발읍,대관리,5,1996-03-01
4150025326,경기도,이천시,부발읍,마암리,6,1996-03-01
4150025327,경기도,이천시,부발읍,산촌리,7,1996-03-01
4150025328,경기도,이천시,부발읍,신하리,8,1996-03-01
4150025329,경기도,이천시,부발읍,가좌리,9,1996-03-01
4150025330,경기도,이천시,부발읍,아미리,10,1996-03-01
4150025331,경기도,이천시,부발읍,수정리,11,1996-03-01
4150025332,경기도,이천시,부발읍,송온리,12,1996-03-01
4150025333,경기도,이천시,부발읍,가산리,13,1996-03-01
4150025334,경기도,이천시,부발읍,응암리,14,1996-03-01
4150031000,경기도,이천시,신둔면,,18,1996-03-01
4150031021,경기도,이천시,신둔면,수광리,1,1996-03-01
4150031022,경기도,이천시,신둔면,남정리,2,1996-03-01
4150031023,경기도,이천시,신둔면,지석리,3,1996-03-01
4150031024,경기도,이천시,신둔면,장동리,4,1996-03-01
4150031025,경기도,이천시,신둔면,도봉리,5,1996-03-01
4150031026,경기도,이천시,신둔면,도암리,6,1996-03-01
4150031027,경기도,이천시,신둔면,수하리,7,1996-03-01
4150031028,경기도,이천시,신둔면,수남리,8,1996-03-01
4150031029,경기도,이천시,신둔면,고척리,9,1996-03-01
4150031030,경기도,이천시,신둔면,용면리,10,1996-03-01
4150031031,경기도,이천시,신둔면,인후리,11,1996-03-01
4150031032,경기도,이천시,신둔면,마교리,12,1996-03-01
4150031033,경기도,이천시,신둔면,소정리,13,1996-03-01
4150032000,경기도,이천시,백사면,,19,1996-03-01
4150032021,경기도,이천시,백사면,현방리,1,1996-03-01
4150032022,경기도,이천시,백사면,경사리,2,1996-03-01
4150032023,경기도,이천시,백사면,도립리,3,1996-03-01
4150032024,경기도,이천시,백사면,송말리,4,1996-03-01
4150032025,경기도,이천시,백사면,신대리,5,1996-03-01
4150032026,경기도,이천시,백사면,모전리,6,1996-03-01
4150032027,경기도,이천시,백사면,도지리,7,1996-03-01
4150032028,경기도,이천시,백사면,조읍리,8,1996-03-01
4150032029,경기도,이천시,백사면,우곡리,9,1996-03-01
4150032030,경기도,이천시,백사면,내촌리,10,1996-03-01
4150032031,경기도,이천시,백사면,상용리,11,1996-03-01
4150032032,경기도,이천시,백사면,백우리,12,1996-03-01
4150033000,경기도,이천시,호법면,,20,1996-03-01
4150033021,경기도,이천시,호법면,유산리,1,1996-03-01
4150033022,경기도,이천시,호법면,안평리,2,1996-03-01
4150033023,경기도,이천시,호법면,후안리,3,1996-03-01
4150033024,경기도,이천시,호법면,단천리,4,1996-03-01
4150033025,경기도,이천시,호법면,매곡리,5,1996-03-01
4150033026,경기도,이천시,호법면,동산리,6,1996-03-01
4150033027,경기도,이천시,호법면,주박리,7,1996-03-01
4150033028,경기도,이천시,호법면,주미리,8,1996-03-01
4150033029,경기도,이천시,호법면,송갈리,9,1996-03-01
4150034000,경기도,이천시,마장면,,21,1996-03-01
4150034021,경기도,이천시,마장면,오천리,1,1996-03-01
4150034022,경기도,이천시,마장면,양촌리,2,1996-03-01
4150034023,경기도,이천시,마장면,관리,3,1996-03-01
4150034024,경기도,이천시,마장면,회억리,4,1996-03-01
4150034025,경기도,이천시,마장면,장암리,5,1996-03-01
4150034026,경기도,이천시,마장면,목리,6,1996-03-01
4150034027,경기도,이천시,마장면,표교리,7,1996-03-01
4150034028,경기도,이천시,마장면,이치리,8,1996-03-01
4150034029,경기도,이천시,마장면,각평리,9,1996-03-01
4150034030,경기도,이천시,마장면,덕평리,10,1996-03-01
4150034031,경기도,이천시,마장면,이평리,11,1996-03-01
4150034032,경기도,이천시,마장면,해월리,12,1996-03-01
4150034033,경기도,이천시,마장면,작촌리,13,1996-03-01
4150035000,경기도,이천시,대월면,,22,1996-03-01
4150035025,경기도,이천시,대월면,초지리,1,1996-03-01
4150035026,경기도,이천시,대월면,사동리,2,1996-03-01
4150035027,경기도,이천시,대월면,대대리,3,1996-03-01
4150035028,경기도,이천시,대월면,대흥리,4,1996-03-01
4150035029,경기도,이천시,대월면,도리리,5,1996-03-01
4150035030,경기도,이천시,대월면,구시리,6,1996-03-01
4150035031,경기도,이천시,대월면,군량리,7,1996-03-01
4150035032,경기도,이천시,대월면,송라리,8,1996-03-01
4150035033,경기도,이천시,대월면,장평리,9,1996-03-01
4150035034,경기도,이천시,대월면,부필리,10,1996-03-01
4150036000,경기도,이천시,모가면,,23,1996-03-01
4150036021,경기도,이천시,모가면,진가리,1,1996-03-01
4150036022,경기도,이천시,모가면,서경리,2,1996-03-01
4150036023,경기도,이천시,모가면,산내리,3,1996-03-01
4150036024,경기도,이천시,모가면,송곡리,4,1996-03-01
4150036025,경기도,이천시,모가면,소사리,5,1996-03-01
4150036026,경기도,이천시,모가면,양평리,6,1996-03-01
4150036027,경기도,이천시,모가면,원두리,7,1996-03-01
4150036028,경기도,이천시,모가면,소고리,8,1996-03-01
4150036029,경기도,이천시,모가면,신갈리,9,1996-03-01
4150036030,경기도,이천시,모가면,어농리,10,1996-03-01
4150036031,경기도,이천시,모가면,두미리,11,1996-03-01
4150037000,경기도,이천시,설성면,,24,1996-03-01
4150037021,경기도,이천시,설성면,금당리,1,1996-03-01
4150037022,경기도,이천시,설성면,장능리,2,1996-03-01
4150037023,경기도,이천시,설성면,행죽리,3,1996-03-01
4150037024,경기도,이천시,설성면,제요리,4,1996-03-01
4150037025,경기도,이천시,설성면,신필리,5,1996-03-01
4150037026,경기도,이천시,설성면,장천리,6,1996-03-01
4150037027,경기도,이천시,설성면,자석리,7,1996-03-01
4150037028,경기도,이천시,설성면,암산리,8,1996-03-01
4150037029,경기도,이천시,설성면,송계리,9,1996-03-01
4150037030,경기도,이천시,설성면,상봉리,10,1996-03-01
4150037031,경기도,이천시,설성면,수산리,11,1996-03-01
4150037032,경기도,이천시,설성면,대죽리,12,1996-03-01
4150038000,경기도,이천시,율면,,25,1996-03-01
4150038021,경기도,이천시,율면,고당리,1,1996-03-01
4150038022,경기도,이천시,율면,신추리,2,1996-03-01
4150038023,경기도,이천시,율면,본죽리,3,1996-03-01
4150038024,경기도,이천시,율면,북두리,4,1996-03-01
4150038025,경기도,이천시,율면,산양리,5,1996-03-01
4150038026,경기도,이천시,율면,석산리,6,1996-03-01
4150038027,경기도,이천시,율면,산성리,7,1996-03-01
4150038028,경기도,이천시,율면,오성리,8,1996-03-01
4150038029,경기도,이천시,율면,월포리,9,1996-03-01
4150038030,경기도,이천시,율면,총곡리,10,1996-03-01
4155000000,경기도,안성시,,,35,1998-04-01
4155010100,경기도,안성시,봉산동,,1,1998-04-01
4155010200,경기도,안성시,숭인동,,2,1998-04-01
4155010300,경기도,안성시,영동,,3,1998-04-01
4155010400,경기도,안성시,봉남동,,4,1998-04-01
4155010500,경기도,안성시,구포동,,5,1998-04-01
4155010600,경기도,안성시,동본동,,6,1998-04-01
4155010700,경기도,안성시,명륜동,,7,1998-04-01
4155010800,경기도,안성시,옥천동,,8,1998-04-01
4155010900,경기도,안성시,낙원동,,9,1998-04-01
4155011000,경기도,안성시,창전동,,10,1998-04-01
4155011100,경기도,안성시,성남동,,11,1998-04-01
4155011200,경기도,안성시,신흥동,,12,1998-04-01
4155011300,경기도,안성시,인지동,,13,1998-04-01
4155011400,경기도,안성시,금산동,,14,1998-04-01
4155011500,경기도,안성시,연지동,,15,1998-04-01
4155011600,경기도,안성시,대천동,,16,1998-04-01
4155011700,경기도,안성시,서인동,,17,1998-04-01
4155011800,경기도,안성시,석정동,,18,1998-04-01
4155011900,경기도,안성시,아양동,,19,1998-04-01
4155012000,경기도,안성시,금석동,,20,1998-04-01
4155012100,경기도,안성시,계동,,21,1998-04-01
4155012200,경기도,안성시,옥산동,,22,1998-04-01
4155012300,경기도,안성시,사곡동,,23,1998-04-01
4155012400,경기도,안성시,도기동,,24,1998-04-01
4155012500,경기도,안성시,당왕동,,25,1998-04-01
4155012600,경기도,안성시,가사동,,26,1998-04-01
4155012700,경기도,안성시,가현동,,27,1998-04-01
4155012800,경기도,안성시,신건지동,,28,1998-04-01
4155012900,경기도,안성시,신소현동,,29,1998-04-01
4155013000,경기도,안성시,신모산동,,30,1998-04-01
4155013100,경기도,안성시,현수동,,31,1998-04-01
4155013200,경기도,안성시,발화동,,32,1998-04-01
4155013300,경기도,안성시,중리동,,33,1998-04-01
4155025000,경기도,안성시,공도읍,,0,2001-06-01
4155025021,경기도,안성시,공도읍,양기리,0,2001-06-01
4155025022,경기도,안성시,공도읍,웅교리,0,2001-06-01
4155025023,경기도,안성시,공도읍,신두리,0,2001-06-01
4155025024,경기도,안성시,공도읍,중복리,0,2001-06-01
4155025025,경기도,안성시,공도읍,용두리,0,2001-06-01
4155025026,경기도,안성시,공도읍,승두리,0,2001-06-01
4155025027,경기도,안성시,공도읍,건천리,0,2001-06-01
4155025028,경기도,안성시,공도읍,불당리,0,2001-06-01
4155025029,경기도,안성시,공도읍,만정리,0,2001-06-01
4155025030,경기도,안성시,공도읍,마정리,0,2001-06-01
4155025031,경기도,안성시,공도읍,진사리,0,2001-06-01
4155031000,경기도,안성시,보개면,,34,1998-04-01
4155031021,경기도,안성시,보개면,적가리,1,1998-04-01
4155031022,경기도,안성시,보개면,기좌리,2,1998-04-01
4155031023,경기도,안성시,보개면,북좌리,3,1998-04-01
4155031024,경기도,안성시,보개면,상삼리,4,1998-04-01
4155031025,경기도,안성시,보개면,신장리,5,1998-04-01
4155031026,경기도,안성시,보개면,양복리,6,1998-04-01
4155031027,경기도,안성시,보개면,오두리,7,1998-04-01
4155031028,경기도,안성시,보개면,이전리,8,1998-04-01
4155031029,경기도,안성시,보개면,불현리,9,1998-04-01
4155031030,경기도,안성시,보개면,내방리,10,1998-04-01
4155031031,경기도,안성시,보개면,동신리,11,1998-04-01
4155031032,경기도,안성시,보개면,곡천리,12,1998-04-01
4155031033,경기도,안성시,보개면,복평리,13,1998-04-01
4155031034,경기도,안성시,보개면,구사리,14,1998-04-01
4155031035,경기도,안성시,보개면,가율리,15,1998-04-01
4155031036,경기도,안성시,보개면,신안리,16,1998-04-01
4155031037,경기도,안성시,보개면,동평리,17,1998-04-01
4155031038,경기도,안성시,보개면,남풍리,18,1998-04-01
4155031039,경기도,안성시,보개면,북가현리,19,1998-04-01
4155032000,경기도,안성시,금광면,,35,1998-04-01
4155032021,경기도,안성시,금광면,내우리,1,1998-04-01
4155032022,경기도,안성시,금광면,개산리,2,1998-04-01
4155032023,경기도,안성시,금광면,장죽리,3,1998-04-01
4155032024,경기도,안성시,금광면,상중리,4,1998-04-01
4155032025,경기도,안성시,금광면,금광리,5,1998-04-01
4155032026,경기도,안성시,금광면,현곡리,6,1998-04-01
4155032027,경기도,안성시,금광면,삼흥리,7,1998-04-01
4155032028,경기도,안성시,금광면,사흥리,8,1998-04-01
4155032029,경기도,안성시,금광면,오흥리,9,1998-04-01
4155032030,경기도,안성시,금광면,한운리,10,1998-04-01
4155032031,경기도,안성시,금광면,오산리,11,1998-04-01
4155032032,경기도,안성시,금광면,옥정리,12,1998-04-01
4155032033,경기도,안성시,금광면,석하리,13,1998-04-01
4155032034,경기도,안성시,금광면,신양복리,14,1998-04-01
4155033000,경기도,안성시,서운면,,36,1998-04-01
4155033021,경기도,안성시,서운면,인리,1,1998-04-01
4155033022,경기도,안성시,서운면,청용리,2,1998-04-01
4155033023,경기도,안성시,서운면,송정리,3,1998-04-01
4155033024,경기도,안성시,서운면,신촌리,4,1998-04-01
4155033025,경기도,안성시,서운면,산평리,5,1998-04-01
4155033026,경기도,안성시,서운면,현매리,6,1998-04-01
4155033027,경기도,안성시,서운면,동촌리,7,1998-04-01
4155033028,경기도,안성시,서운면,신흥리,8,1998-04-01
4155033029,경기도,안성시,서운면,신능리,9,1998-04-01
4155033030,경기도,안성시,서운면,신기리,10,1998-04-01
4155033031,경기도,안성시,서운면,송산리,11,1998-04-01
4155033032,경기도,안성시,서운면,오촌리,12,1998-04-01
4155033033,경기도,안성시,서운면,양촌리,13,1998-04-01
4155033034,경기도,안성시,서운면,북산리,14,1998-04-01
4155034000,경기도,안성시,미양면,,37,1998-04-01
4155034021,경기도,안성시,미양면,구례리,1,1998-04-01
4155034022,경기도,안성시,미양면,계륵리,2,1998-04-01
4155034023,경기도,안성시,미양면,개정리,3,1998-04-01
4155034024,경기도,안성시,미양면,신계리,4,1998-04-01
4155034025,경기도,안성시,미양면,법전리,5,1998-04-01
4155034026,경기도,안성시,미양면,용두리,6,1998-04-01
4155034027,경기도,안성시,미양면,고지리,7,1998-04-01
4155034028,경기도,안성시,미양면,정동리,8,1998-04-01
4155034029,경기도,안성시,미양면,구수리,9,1998-04-01
4155034030,경기도,안성시,미양면,진촌리,10,1998-04-01
4155034031,경기도,안성시,미양면,갈전리,11,1998-04-01
4155034032,경기도,안성시,미양면,양지리,12,1998-04-01
4155034033,경기도,안성시,미양면,보체리,13,1998-04-01
4155034034,경기도,안성시,미양면,신기리,14,1998-04-01
4155034035,경기도,안성시,미양면,강덕리,15,1998-04-01
4155034036,경기도,안성시,미양면,후평리,16,1998-04-01
4155034037,경기도,안성시,미양면,마산리,17,1998-04-01
4155034038,경기도,안성시,미양면,양변리,18,1998-04-01
4155035000,경기도,안성시,대덕면,,38,1998-04-01
4155035021,경기도,안성시,대덕면,소현리,1,1998-04-01
4155035022,경기도,안성시,대덕면,토현리,2,1998-04-01
4155035023,경기도,안성시,대덕면,모산리,3,1998-04-01
4155035024,경기도,안성시,대덕면,보동리,4,1998-04-01
4155035025,경기도,안성시,대덕면,명당리,5,1998-04-01
4155035026,경기도,안성시,대덕면,진현리,6,1998-04-01
4155035027,경기도,안성시,대덕면,건지리,7,1998-04-01
4155035028,경기도,안성시,대덕면,내리,8,1998-04-01
4155035029,경기도,안성시,대덕면,대농리,9,1998-04-01
4155035030,경기도,안성시,대덕면,죽리,10,1998-04-01
4155035031,경기도,안성시,대덕면,신령리,11,1998-04-01
4155035032,경기도,안성시,대덕면,무능리,12,1998-04-01
4155035033,경기도,안성시,대덕면,소내리,13,1998-04-01
4155035034,경기도,안성시,대덕면,삼한리,14,1998-04-01
4155036000,경기도,안성시,양성면,,39,1998-04-01
4155036021,경기도,안성시,양성면,동항리,1,1998-04-01
4155036022,경기도,안성시,양성면,구장리,2,1998-04-01
4155036023,경기도,안성시,양성면,석화리,3,1998-04-01
4155036024,경기도,안성시,양성면,추곡리,4,1998-04-01
4155036025,경기도,안성시,양성면,조일리,5,1998-04-01
4155036026,경기도,안성시,양성면,도곡리,6,1998-04-01
4155036027,경기도,안성시,양성면,산정리,7,1998-04-01
4155036028,경기도,안성시,양성면,이현리,8,1998-04-01
4155036029,경기도,안성시,양성면,장서리,9,1998-04-01
4155036030,경기도,안성시,양성면,난실리,10,1998-04-01
4155036031,경기도,안성시,양성면,노곡리,11,1998-04-01
4155036032,경기도,안성시,양성면,미산리,12,1998-04-01
4155036033,경기도,안성시,양성면,방축리,13,1998-04-01
4155036034,경기도,안성시,양성면,필산리,14,1998-04-01
4155036035,경기도,안성시,양성면,덕봉리,15,1998-04-01
4155036036,경기도,안성시,양성면,명목리,16,1998-04-01
4155036037,경기도,안성시,양성면,삼암리,17,1998-04-01
4155036038,경기도,안성시,양성면,방신리,18,1998-04-01
4155038000,경기도,안성시,원곡면,,41,1998-04-01
4155038021,경기도,안성시,원곡면,성은리,1,1998-04-01
4155038022,경기도,안성시,원곡면,칠곡리,2,1998-04-01
4155038023,경기도,안성시,원곡면,지문리,3,1998-04-01
4155038024,경기도,안성시,원곡면,산하리,4,1998-04-01
4155038025,경기도,안성시,원곡면,내가천리,5,1998-04-01
4155038026,경기도,안성시,원곡면,외가천리,6,1998-04-01
4155038027,경기도,안성시,원곡면,반제리,7,1998-04-01
4155038028,경기도,안성시,원곡면,성주리,8,1998-04-01
4155039000,경기도,안성시,일죽면,,42,1998-04-01
4155039021,경기도,안성시,일죽면,월정리,1,1998-04-01
4155039022,경기도,안성시,일죽면,주천리,2,1998-04-01
4155039023,경기도,안성시,일죽면,죽림리,3,1998-04-01
4155039024,경기도,안성시,일죽면,가리,4,1998-04-01
4155039025,경기도,안성시,일죽면,산북리,5,1998-04-01
4155039026,경기도,안성시,일죽면,당촌리,6,1998-04-01
4155039027,경기도,안성시,일죽면,방초리,7,1998-04-01
4155039028,경기도,안성시,일죽면,송천리,8,1998-04-01
4155039029,경기도,안성시,일죽면,고은리,9,1998-04-01
4155039030,경기도,안성시,일죽면,화곡리,10,1998-04-01
4155039031,경기도,안성시,일죽면,능국리,11,1998-04-01
4155039032,경기도,안성시,일죽면,신흥리,12,1998-04-01
4155039033,경기도,안성시,일죽면,금산리,13,1998-04-01
4155039034,경기도,안성시,일죽면,장암리,14,1998-04-01
4155039035,경기도,안성시,일죽면,화봉리,15,1998-04-01
4155040000,경기도,안성시,죽산면,,43,1998-04-01
4155040021,경기도,안성시,죽산면,죽산리,1,1998-04-01
4155040022,경기도,안성시,죽산면,매산리,2,1998-04-01
4155040023,경기도,안성시,죽산면,장원리,3,1998-04-01
4155040024,경기도,안성시,죽산면,두현리,4,1998-04-01
4155040025,경기도,안성시,죽산면,장능리,5,1998-04-01
4155040026,경기도,안성시,죽산면,장계리,6,1998-04-01
4155040027,경기도,안성시,죽산면,용설리,7,1998-04-01
4155040028,경기도,안성시,죽산면,칠장리,8,1998-04-01
4155040029,경기도,안성시,죽산면,당목리,9,1998-04-01
4155040030,경기도,안성시,죽산면,두교리,10,1998-04-01
4155041000,경기도,안성시,삼죽면,,44,1998-04-01
4155041021,경기도,안성시,삼죽면,내장리,1,1998-04-01
4155041022,경기도,안성시,삼죽면,율곡리,2,1998-04-01
4155041023,경기도,안성시,삼죽면,용월리,3,1998-04-01
4155041024,경기도,안성시,삼죽면,덕산리,4,1998-04-01
4155041025,경기도,안성시,삼죽면,배태리,5,1998-04-01
4155041026,경기도,안성시,삼죽면,내강리,6,1998-04-01
4155041027,경기도,안성시,삼죽면,진촌리,7,1998-04-01
4155041028,경기도,안성시,삼죽면,미장리,8,1998-04-01
4155041029,경기도,안성시,삼죽면,마전리,9,1998-04-01
4155041030,경기도,안성시,삼죽면,기솔리,10,1998-04-01
4155042000,경기도,안성시,고삼면,,45,1998-04-01
4155042021,경기도,안성시,고삼면,쌍지리,1,1998-04-01
4155042022,경기도,안성시,고삼면,신창리,2,1998-04-01
4155042023,경기도,안성시,고삼면,대갈리,3,1998-04-01
4155042024,경기도,안성시,고삼면,가유리,4,1998-04-01
4155042025,경기도,안성시,고삼면,삼은리,5,1998-04-01
4155042026,경기도,안성시,고삼면,봉산리,6,1998-04-01
4155042027,경기도,안성시,고삼면,월향리,7,1998-04-01
4157000000,경기도,김포시,,,36,1998-04-01
4157010100,경기도,김포시,북변동,,1,1998-04-01
4157010200,경기도,김포시,걸포동,,2,1998-04-01
4157010300,경기도,김포시,운양동,,3,1998-04-01
4157010400,경기도,김포시,장기동,,4,1998-04-01
4157010500,경기도,김포시,감정동,,5,1998-04-01
4157010600,경기도,김포시,사우동,,6,1998-04-01
4157010700,경기도,김포시,풍무동,,7,1998-04-01
4157010800,경기도,김포시,마산동,,0,2009-09-01
4157010900,경기도,김포시,구래동,,0,2009-09-01
4157025000,경기도,김포시,통진읍,,0,2004-01-01
4157025021,경기도,김포시,통진읍,도사리,0,2004-01-01
4157025022,경기도,김포시,통진읍,마송리,0,2004-01-01
4157025023,경기도,김포시,통진읍,서암리,0,2004-01-01
4157025024,경기도,김포시,통진읍,수참리,0,2004-01-01
4157025025,경기도,김포시,통진읍,가현리,0,2004-01-01
4157025026,경기도,김포시,통진읍,동을산리,0,2004-01-01
4157025027,경기도,김포시,통진읍,귀전리,0,2004-01-01
4157025028,경기도,김포시,통진읍,고정리,0,2004-01-01
4157025029,경기도,김포시,통진읍,옹정리,0,2004-01-01
4157025300,경기도,김포시,고촌읍,,0,2009-09-01
4157025321,경기도,김포시,고촌읍,향산리,0,2009-09-01
4157025322,경기도,김포시,고촌읍,풍곡리,0,2009-09-01
4157025323,경기도,김포시,고촌읍,태리,0,2009-09-01
4157025324,경기도,김포시,고촌읍,신곡리,0,2009-09-01
4157025325,경기도,김포시,고촌읍,전호리,0,2009-09-01
4157025600,경기도,김포시,양촌읍,,9,2011-11-14
4157025621,경기도,김포시,양촌읍,양곡리,1,2011-11-14
4157025622,경기도,김포시,양촌읍,누산리,2,2011-11-14
4157025623,경기도,김포시,양촌읍,석모리,3,2011-11-14
4157025624,경기도,김포시,양촌읍,구래리,5,2011-11-14
4157025625,경기도,김포시,양촌읍,대포리,6,2011-11-14
4157025626,경기도,김포시,양촌읍,학운리,7,2011-11-14
4157025627,경기도,김포시,양촌읍,유현리,8,2011-11-14
4157025628,경기도,김포시,양촌읍,흥신리,9,2011-11-14
4157034000,경기도,김포시,대곶면,,11,1998-04-01
4157034021,경기도,김포시,대곶면,대능리,1,1998-04-01
4157034022,경기도,김포시,대곶면,대벽리,2,1998-04-01
4157034023,경기도,김포시,대곶면,약암리,3,1998-04-01
4157034024,경기도,김포시,대곶면,상마리,4,1998-04-01
4157034025,경기도,김포시,대곶면,율생리,5,1998-04-01
4157034026,경기도,김포시,대곶면,초원지리,6,1998-04-01
4157034027,경기도,김포시,대곶면,거물대리,7,1998-04-01
4157034028,경기도,김포시,대곶면,오니산리,8,1998-04-01
4157034029,경기도,김포시,대곶면,송마리,9,1998-04-01
4157034030,경기도,김포시,대곶면,석정리,10,1998-04-01
4157034031,경기도,김포시,대곶면,쇄암리,11,1998-04-01
4157034032,경기도,김포시,대곶면,신안리,12,1998-04-01
4157034033,경기도,김포시,대곶면,대명리,13,1998-04-01
4157035000,경기도,김포시,월곶면,,12,1998-04-01
4157035021,경기도,김포시,월곶면,군하리,1,1998-04-01
4157035022,경기도,김포시,월곶면,고막리,2,1998-04-01
4157035023,경기도,김포시,월곶면,갈산리,3,1998-04-01
4157035024,경기도,김포시,월곶면,고양리,4,1998-04-01
4157035025,경기도,김포시,월곶면,포내리,5,1998-04-01
4157035026,경기도,김포시,월곶면,성동리,6,1998-04-01
4157035027,경기도,김포시,월곶면,보구곶리,7,1998-04-01
4157035028,경기도,김포시,월곶면,용강리,8,1998-04-01
4157035029,경기도,김포시,월곶면,조강리,9,1998-04-01
4157035030,경기도,김포시,월곶면,개곡리,10,1998-04-01
4157036000,경기도,김포시,하성면,,13,1998-04-01
4157036021,경기도,김포시,하성면,마곡리,1,1998-04-01
4157036022,경기도,김포시,하성면,석탄리,2,1998-04-01
4157036023,경기도,김포시,하성면,후평리,3,1998-04-01
4157036024,경기도,김포시,하성면,시암리,4,1998-04-01
4157036025,경기도,김포시,하성면,마조리,5,1998-04-01
4157036026,경기도,김포시,하성면,가금리,6,1998-04-01
4157036027,경기도,김포시,하성면,양택리,7,1998-04-01
4157036028,경기도,김포시,하성면,원산리,8,1998-04-01
4157036029,경기도,김포시,하성면,하사리,9,1998-04-01
4157036030,경기도,김포시,하성면,봉성리,10,1998-04-01
4157036031,경기도,김포시,하성면,전류리,11,1998-04-01
4157036032,경기도,김포시,하성면,마근포리,12,1998-04-01
4159000000,경기도,화성시,,,0,2001-03-21
4159100000,경기도,화성시만세구,,,,2026-02-01
4159110100,경기도,화성시만세구,새솔동,,,2026-02-01
4159125000,경기도,화성시만세구,우정읍,,,2026-02-01
4159125021,경기도,화성시만세구,우정읍,원안리,,2026-02-01
4159125022,경기도,화성시만세구,우정읍,호곡리,,2026-02-01
4159125023,경기도,화성시만세구,우정읍,운평리,,2026-02-01
4159125024,경기도,화성시만세구,우정읍,한각리,,2026-02-01
4159125025,경기도,화성시만세구,우정읍,멱우리,,2026-02-01
4159125026,경기도,화성시만세구,우정읍,화수리,,2026-02-01
4159125027,경기도,화성시만세구,우정읍,주곡리,,2026-02-01
4159125028,경기도,화성시만세구,우정읍,이화리,,2026-02-01
4159125029,경기도,화성시만세구,우정읍,석천리,,2026-02-01
4159125030,경기도,화성시만세구,우정읍,매향리,,2026-02-01
4159125031,경기도,화성시만세구,우정읍,화산리,,2026-02-01
4159125032,경기도,화성시만세구,우정읍,조암리,,2026-02-01
4159125033,경기도,화성시만세구,우정읍,국화리,,2026-02-01
4159125300,경기도,화성시만세구,향남읍,,,2026-02-01
4159125321,경기도,화성시만세구,향남읍,평리,,2026-02-01
4159125322,경기도,화성시만세구,향남읍,발안리,,2026-02-01
4159125323,경기도,화성시만세구,향남읍,제암리,,2026-02-01
4159125324,경기도,화성시만세구,향남읍,상신리,,2026-02-01
4159125325,경기도,화성시만세구,향남읍,구문천리,,2026-02-01
4159125326,경기도,화성시만세구,향남읍,하길리,,2026-02-01
4159125327,경기도,화성시만세구,향남읍,화리현리,,2026-02-01
4159125328,경기도,화성시만세구,향남읍,상두리,,2026-02-01
4159125329,경기도,화성시만세구,향남읍,백토리,,2026-02-01
4159125330,경기도,화성시만세구,향남읍,길성리,,2026-02-01
4159125331,경기도,화성시만세구,향남읍,요리,,2026-02-01
4159125332,경기도,화성시만세구,향남읍,수직리,,2026-02-01
4159125333,경기도,화성시만세구,향남읍,갈천리,,2026-02-01
4159125334,경기도,화성시만세구,향남읍,증거리,,2026-02-01
4159125335,경기도,화성시만세구,향남읍,송곡리,,2026-02-01
4159125336,경기도,화성시만세구,향남읍,동오리,,2026-02-01
4159125337,경기도,화성시만세구,향남읍,관리,,2026-02-01
4159125338,경기도,화성시만세구,향남읍,도이리,,2026-02-01
4159125339,경기도,화성시만세구,향남읍,행정리,,2026-02-01
4159125340,경기도,화성시만세구,향남읍,방축리,,2026-02-01
4159125341,경기도,화성시만세구,향남읍,장짐리,,2026-02-01
4159125600,경기도,화성시만세구,남양읍,,,2026-02-01
4159125621,경기도,화성시만세구,남양읍,남양리,,2026-02-01
4159125622,경기도,화성시만세구,남양읍,신남리,,2026-02-01
4159125623,경기도,화성시만세구,남양읍,장덕리,,2026-02-01
4159125624,경기도,화성시만세구,남양읍,안석리,,2026-02-01
4159125625,경기도,화성시만세구,남양읍,활초리,,2026-02-01
4159125626,경기도,화성시만세구,남양읍,온석리,,2026-02-01
4159125627,경기도,화성시만세구,남양읍,무송리,,2026-02-01
4159125628,경기도,화성시만세구,남양읍,북양리,,2026-02-01
4159125629,경기도,화성시만세구,남양읍,송림리,,2026-02-01
4159125630,경기도,화성시만세구,남양읍,수화리,,2026-02-01
4159125631,경기도,화성시만세구,남양읍,장전리,,2026-02-01
4159125632,경기도,화성시만세구,남양읍,신외리,,2026-02-01
4159125633,경기도,화성시만세구,남양읍,문호리,,2026-02-01
4159125634,경기도,화성시만세구,남양읍,시리,,2026-02-01
4159125635,경기도,화성시만세구,남양읍,원천리,,2026-02-01
4159131000,경기도,화성시만세구,마도면,,,2026-02-01
4159131021,경기도,화성시만세구,마도면,석교리,,2026-02-01
4159131022,경기도,화성시만세구,마도면,두곡리,,2026-02-01
4159131023,경기도,화성시만세구,마도면,송정리,,2026-02-01
4159131024,경기도,화성시만세구,마도면,쌍송리,,2026-02-01
4159131025,경기도,화성시만세구,마도면,청원리,,2026-02-01
4159131026,경기도,화성시만세구,마도면,슬항리,,2026-02-01
4159131027,경기도,화성시만세구,마도면,해문리,,2026-02-01
4159131028,경기도,화성시만세구,마도면,백곡리,,2026-02-01
4159131029,경기도,화성시만세구,마도면,금당리,,2026-02-01
4159131030,경기도,화성시만세구,마도면,고모리,,2026-02-01
4159132000,경기도,화성시만세구,송산면,,,2026-02-01
4159132021,경기도,화성시만세구,송산면,사강리,,2026-02-01
4159132022,경기도,화성시만세구,송산면,봉가리,,2026-02-01
4159132023,경기도,화성시만세구,송산면,삼존리,,2026-02-01
4159132024,경기도,화성시만세구,송산면,용포리,,2026-02-01
4159132025,경기도,화성시만세구,송산면,고정리,,2026-02-01
4159132026,경기도,화성시만세구,송산면,쌍정리,,2026-02-01
4159132027,경기도,화성시만세구,송산면,천등리,,2026-02-01
4159132028,경기도,화성시만세구,송산면,신천리,,2026-02-01
4159132029,경기도,화성시만세구,송산면,독지리,,2026-02-01
4159132030,경기도,화성시만세구,송산면,마산리,,2026-02-01
4159132031,경기도,화성시만세구,송산면,고포리,,2026-02-01
4159132032,경기도,화성시만세구,송산면,지화리,,2026-02-01
4159132033,경기도,화성시만세구,송산면,중송리,,2026-02-01
4159132034,경기도,화성시만세구,송산면,육일리,,2026-02-01
4159132035,경기도,화성시만세구,송산면,칠곡리,,2026-02-01
4159133000,경기도,화성시만세구,서신면,,,2026-02-01
4159133021,경기도,화성시만세구,서신면,전곡리,,2026-02-01
4159133022,경기도,화성시만세구,서신면,상안리,,2026-02-01
4159133023,경기도,화성시만세구,서신면,광평리,,2026-02-01
4159133024,경기도,화성시만세구,서신면,장외리,,2026-02-01
4159133025,경기도,화성시만세구,서신면,송교리,,2026-02-01
4159133026,경기도,화성시만세구,서신면,제부리,,2026-02-01
4159133027,경기도,화성시만세구,서신면,홍법리,,2026-02-01
4159133028,경기도,화성시만세구,서신면,매화리,,2026-02-01
4159133029,경기도,화성시만세구,서신면,용두리,,2026-02-01
4159133030,경기도,화성시만세구,서신면,궁평리,,2026-02-01
4159133031,경기도,화성시만세구,서신면,백미리,,2026-02-01
4159133032,경기도,화성시만세구,서신면,사곶리,,2026-02-01
4159134000,경기도,화성시만세구,팔탄면,,,2026-02-01
4159134021,경기도,화성시만세구,팔탄면,하저리,,2026-02-01
4159134022,경기도,화성시만세구,팔탄면,창곡리,,2026-02-01
4159134023,경기도,화성시만세구,팔탄면,기천리,,2026-02-01
4159134024,경기도,화성시만세구,팔탄면,가재리,,2026-02-01
4159134025,경기도,화성시만세구,팔탄면,구장리,,2026-02-01
4159134026,경기도,화성시만세구,팔탄면,율암리,,2026-02-01
4159134027,경기도,화성시만세구,팔탄면,노하리,,2026-02-01
4159134028,경기도,화성시만세구,팔탄면,덕천리,,2026-02-01
4159134029,경기도,화성시만세구,팔탄면,지월리,,2026-02-01
4159134030,경기도,화성시만세구,팔탄면,덕우리,,2026-02-01
4159134031,경기도,화성시만세구,팔탄면,서근리,,2026-02-01
4159134032,경기도,화성시만세구,팔탄면,월문리,,2026-02-01
4159134033,경기도,화성시만세구,팔탄면,화당리,,2026-02-01
4159134034,경기도,화성시만세구,팔탄면,고주리,,2026-02-01
4159134035,경기도,화성시만세구,팔탄면,매곡리,,2026-02-01
4159134036,경기도,화성시만세구,팔탄면,해창리,,2026-02-01
4159135000,경기도,화성시만세구,장안면,,,2026-02-01
4159135021,경기도,화성시만세구,장안면,어은리,,2026-02-01
4159135022,경기도,화성시만세구,장안면,석포리,,2026-02-01
4159135023,경기도,화성시만세구,장안면,수촌리,,2026-02-01
4159135024,경기도,화성시만세구,장안면,독정리,,2026-02-01
4159135025,경기도,화성시만세구,장안면,장안리,,2026-02-01
4159135026,경기도,화성시만세구,장안면,덕다리,,2026-02-01
4159135027,경기도,화성시만세구,장안면,사랑리,,2026-02-01
4159135028,경기도,화성시만세구,장안면,금의리,,2026-02-01
4159135029,경기도,화성시만세구,장안면,사곡리,,2026-02-01
4159135030,경기도,화성시만세구,장안면,노진리,,2026-02-01
4159136000,경기도,화성시만세구,양감면,,,2026-02-01
4159136021,경기도,화성시만세구,양감면,신왕리,,2026-02-01
4159136022,경기도,화성시만세구,양감면,사창리,,2026-02-01
4159136023,경기도,화성시만세구,양감면,정문리,,2026-02-01
4159136024,경기도,화성시만세구,양감면,송산리,,2026-02-01
4159136025,경기도,화성시만세구,양감면,용소리,,2026-02-01
4159136026,경기도,화성시만세구,양감면,요당리,,2026-02-01
4159136027,경기도,화성시만세구,양감면,대양리,,2026-02-01
4159300000,경기도,화성시효행구,,,,2026-02-01
4159310100,경기도,화성시효행구,배양동,,,2026-02-01
4159310200,경기도,화성시효행구,기안동,,,2026-02-01
4159325000,경기도,화성시효행구,봉담읍,,,2026-02-01
4159325021,경기도,화성시효행구,봉담읍,상리,,2026-02-01
4159325022,경기도,화성시효행구,봉담읍,내리,,2026-02-01
4159325023,경기도,화성시효행구,봉담읍,수영리,,2026-02-01
4159325024,경기도,화성시효행구,봉담읍,동화리,,2026-02-01
4159325025,경기도,화성시효행구,봉담읍,와우리,,2026-02-01
4159325026,경기도,화성시효행구,봉담읍,수기리,,2026-02-01
4159325027,경기도,화성시효행구,봉담읍,분천리,,2026-02-01
4159325028,경기도,화성시효행구,봉담읍,왕림리,,2026-02-01
4159325029,경기도,화성시효행구,봉담읍,세곡리,,2026-02-01
4159325030,경기도,화성시효행구,봉담읍,당하리,,2026-02-01
4159325031,경기도,화성시효행구,봉담읍,마하리,,2026-02-01
4159325032,경기도,화성시효행구,봉담읍,유리,,2026-02-01
4159325033,경기도,화성시효행구,봉담읍,덕리,,2026-02-01
4159325034,경기도,화성시효행구,봉담읍,덕우리,,2026-02-01
4159325035,경기도,화성시효행구,봉담읍,하가등리,,2026-02-01
4159325036,경기도,화성시효행구,봉담읍,상기리,,2026-02-01
4159331000,경기도,화성시효행구,매송면,,,2026-02-01
4159331021,경기도,화성시효행구,매송면,천천리,,2026-02-01
4159331022,경기도,화성시효행구,매송면,원평리,,2026-02-01
4159331023,경기도,화성시효행구,매송면,어천리,,2026-02-01
4159331024,경기도,화성시효행구,매송면,숙곡리,,2026-02-01
4159331025,경기도,화성시효행구,매송면,야목리,,2026-02-01
4159331026,경기도,화성시효행구,매송면,송라리,,2026-02-01
4159331027,경기도,화성시효행구,매송면,원리,,2026-02-01
4159332000,경기도,화성시효행구,비봉면,,,2026-02-01
4159332021,경기도,화성시효행구,비봉면,양노리,,2026-02-01
4159332022,경기도,화성시효행구,비봉면,남전리,,2026-02-01
4159332023,경기도,화성시효행구,비봉면,유포리,,2026-02-01
4159332024,경기도,화성시효행구,비봉면,삼화리,,2026-02-01
4159332025,경기도,화성시효행구,비봉면,구포리,,2026-02-01
4159332026,경기도,화성시효행구,비봉면,쌍학리,,2026-02-01
4159332027,경기도,화성시효행구,비봉면,청요리,,2026-02-01
4159332028,경기도,화성시효행구,비봉면,자안리,,2026-02-01
4159333000,경기도,화성시효행구,정남면,,,2026-02-01
4159333021,경기도,화성시효행구,정남면,발산리,,2026-02-01
4159333022,경기도,화성시효행구,정남면,괘랑리,,2026-02-01
4159333023,경기도,화성시효행구,정남면,보통리,,2026-02-01
4159333024,경기도,화성시효행구,정남면,관항리,,2026-02-01
4159333025,경기도,화성시효행구,정남면,오일리,,2026-02-01
4159333026,경기도,화성시효행구,정남면,백리,,2026-02-01
4159333027,경기도,화성시효행구,정남면,문학리,,2026-02-01
4159333028,경기도,화성시효행구,정남면,신리,,2026-02-01
4159333029,경기도,화성시효행구,정남면,계향리,,2026-02-01
4159333030,경기도,화성시효행구,정남면,귀래리,,2026-02-01
4159333031,경기도,화성시효행구,정남면,제기리,,2026-02-01
4159333032,경기도,화성시효행구,정남면,덕절리,,2026-02-01
4159333033,경기도,화성시효행구,정남면,음양리,,2026-02-01
4159333034,경기도,화성시효행구,정남면,망월리,,2026-02-01
4159333035,경기도,화성시효행구,정남면,수면리,,2026-02-01
4159333036,경기도,화성시효행구,정남면,내리,,2026-02-01
4159333037,경기도,화성시효행구,정남면,금복리,,2026-02-01
4159333038,경기도,화성시효행구,정남면,고지리,,2026-02-01
4159333039,경기도,화성시효행구,정남면,용수리,,2026-02-01
4159500000,경기도,화성시병점구,,,,2026-02-01
4159510100,경기도,화성시병점구,진안동,,,2026-02-01
4159510200,경기도,화성시병점구,병점동,,,2026-02-01
4159510300,경기도,화성시병점구,능동,,,2026-02-01
4159510400,경기도,화성시병점구,기산동,,,2026-02-01
4159510500,경기도,화성시병점구,반월동,,,2026-02-01
4159510600,경기도,화성시병점구,반정동,,,2026-02-01
4159510700,경기도,화성시병점구,황계동,,,2026-02-01
4159510800,경기도,화성시병점구,송산동,,,2026-02-01
4159510900,경기도,화성시병점구,안녕동,,,2026-02-01
4159700000,경기도,화성시동탄구,,,,2026-02-01
4159710100,경기도,화성시동탄구,능동,,,2026-02-01
4159710200,경기도,화성시동탄구,반송동,,,2026-02-01
4159710300,경기도,화성시동탄구,석우동,,,2026-02-01
4159710500,경기도,화성시동탄구,청계동,,,2026-02-01
4159710600,경기도,화성시동탄구,영천동,,,2026-02-01
4159710700,경기도,화성시동탄구,중동,,,2026-02-01
4159710800,경기도,화성시동탄구,신동,,,2026-02-01
4159710900,경기도,화성시동탄구,목동,,,2026-02-01
4159711000,경기도,화성시동탄구,산척동,,,2026-02-01
4159711100,경기도,화성시동탄구,장지동,,,2026-02-01
4159711200,경기도,화성시동탄구,송동,,,2026-02-01
4159711300,경기도,화성시동탄구,방교동,,,2026-02-01
4159711400,경기도,화성시동탄구,금곡동,,,2026-02-01
4159711500,경기도,화성시동탄구,여울동,,,2026-02-01
4161000000,경기도,광주시,,,0,2001-03-21
4161010100,경기도,광주시,경안동,,0,2001-03-21
4161010200,경기도,광주시,쌍령동,,0,2001-03-21
4161010300,경기도,광주시,송정동,,0,2001-03-21
4161010400,경기도,광주시,회덕동,,0,2001-03-21
4161010500,경기도,광주시,탄벌동,,0,2001-03-21
4161010600,경기도,광주시,목현동,,0,2001-03-21
4161010700,경기도,광주시,삼동,,0,2001-03-21
4161010800,경기도,광주시,중대동,,0,2001-03-21
4161010900,경기도,광주시,직동,,0,2001-03-21
4161011000,경기도,광주시,태전동,,0,2001-03-21
4161011100,경기도,광주시,장지동,,0,2001-03-21
4161011200,경기도,광주시,역동,,0,2001-03-21
4161011300,경기도,광주시,목동,,0,2001-03-21
4161011400,경기도,광주시,고산동,,,2022-10-05
4161011500,경기도,광주시,신현동,,,2022-10-05
4161011600,경기도,광주시,능평동,,,2022-10-05
4161011700,경기도,광주시,문형동,,,2022-10-05
4161011800,경기도,광주시,추자동,,,2022-10-05
4161011900,경기도,광주시,매산동,,,2022-10-05
4161012000,경기도,광주시,양벌동,,,2022-10-05
4161025300,경기도,광주시,초월읍,,0,2004-06-21
4161025321,경기도,광주시,초월읍,대쌍령리,0,2004-06-21
4161025322,경기도,광주시,초월읍,쌍동리,0,2004-06-21
4161025323,경기도,광주시,초월읍,산이리,0,2004-06-21
4161025324,경기도,광주시,초월읍,늑현리,0,2004-06-21
4161025325,경기도,광주시,초월읍,학동리,0,2004-06-21
4161025326,경기도,광주시,초월읍,선동리,0,2004-06-21
4161025327,경기도,광주시,초월읍,용수리,0,2004-06-21
4161025328,경기도,광주시,초월읍,신월리,0,2004-06-21
4161025329,경기도,광주시,초월읍,지월리,0,2004-06-21
4161025330,경기도,광주시,초월읍,무갑리,0,2004-06-21
4161025331,경기도,광주시,초월읍,서하리,0,2004-06-21
4161025332,경기도,광주시,초월읍,도평리,0,2004-06-21
4161025900,경기도,광주시,곤지암읍,,,2011-06-21
4161025921,경기도,광주시,곤지암읍,곤지암리,0,2011-06-21
4161025922,경기도,광주시,곤지암읍,수양리,0,2011-06-21
4161025923,경기도,광주시,곤지암읍,신촌리,0,2011-06-21
4161025924,경기도,광주시,곤지암읍,봉현리,0,2011-06-21
4161025925,경기도,광주시,곤지암읍,부항리,0,2011-06-21
4161025926,경기도,광주시,곤지암읍,이선리,0,2011-06-21
4161025927,경기도,광주시,곤지암읍,만선리,0,2011-06-21
4161025928,경기도,광주시,곤지암읍,유사리,0,2011-06-21
4161025929,경기도,광주시,곤지암읍,삼합리,0,2011-06-21
4161025930,경기도,광주시,곤지암읍,건업리,0,2011-06-21
4161025931,경기도,광주시,곤지암읍,장심리,0,2011-06-21
4161025932,경기도,광주시,곤지암읍,연곡리,0,2011-06-21
4161025933,경기도,광주시,곤지암읍,오향리,0,2011-06-21
4161025934,경기도,광주시,곤지암읍,열미리,0,2011-06-21
4161025935,경기도,광주시,곤지암읍,신대리,0,2011-06-21
4161025936,경기도,광주시,곤지암읍,삼리,0,2011-06-21
4161033000,경기도,광주시,도척면,,0,2001-03-21
4161033021,경기도,광주시,도척면,노곡리,0,2001-03-21
4161033022,경기도,광주시,도척면,유정리,0,2001-03-21
4161033023,경기도,광주시,도척면,방도리,0,2001-03-21
4161033024,경기도,광주시,도척면,추곡리,0,2001-03-21
4161033025,경기도,광주시,도척면,상림리,0,2001-03-21
4161033026,경기도,광주시,도척면,도웅리,0,2001-03-21
4161033027,경기도,광주시,도척면,궁평리,0,2001-03-21
4161033028,경기도,광주시,도척면,진우리,0,2001-03-21
4161034000,경기도,광주시,퇴촌면,,0,2001-03-21
4161034021,경기도,광주시,퇴촌면,광동리,0,2001-03-21
4161034022,경기도,광주시,퇴촌면,관음리,0,2001-03-21
4161034023,경기도,광주시,퇴촌면,우산리,0,2001-03-21
4161034024,경기도,광주시,퇴촌면,영동리,0,2001-03-21
4161034025,경기도,광주시,퇴촌면,도수리,0,2001-03-21
4161034026,경기도,광주시,퇴촌면,오리,0,2001-03-21
4161034027,경기도,광주시,퇴촌면,도마리,0,2001-03-21
4161034028,경기도,광주시,퇴촌면,무수리,0,2001-03-21
4161034029,경기도,광주시,퇴촌면,원당리,0,2001-03-21
4161034030,경기도,광주시,퇴촌면,정지리,0,2001-03-21
4161035000,경기도,광주시,남종면,,0,2001-03-21
4161035021,경기도,광주시,남종면,분원리,0,2001-03-21
4161035022,경기도,광주시,남종면,금사리,0,2001-03-21
4161035023,경기도,광주시,남종면,이석리,0,2001-03-21
4161035024,경기도,광주시,남종면,삼성리,0,2001-03-21
4161035025,경기도,광주시,남종면,귀여리,0,2001-03-21
4161035026,경기도,광주시,남종면,검천리,0,2001-03-21
4161035027,경기도,광주시,남종면,수청리,0,2001-03-21
4161035028,경기도,광주시,남종면,우천리,0,2001-03-21
4161037000,경기도,광주시,남한산성면,,0,2015-10-16
4161037021,경기도,광주시,남한산성면,산성리,0,2015-10-16
4161037022,경기도,광주시,남한산성면,엄미리,0,2015-10-16
4161037023,경기도,광주시,남한산성면,광지원리,0,2015-10-16
4161037024,경기도,광주시,남한산성면,상번천리,0,2015-10-16
4161037025,경기도,광주시,남한산성면,하번천리,0,2015-10-16
4161037026,경기도,광주시,남한산성면,오전리,0,2015-10-16
4161037027,경기도,광주시,남한산성면,불당리,0,2015-10-16
4161037028,경기도,광주시,남한산성면,검복리,0,2015-10-16
4163000000,경기도,양주시,,,0,2003-10-19
4163010100,경기도,양주시,유양동,,0,2003-10-19
4163010200,경기도,양주시,어둔동,,0,2003-10-19
4163010300,경기도,양주시,남방동,,0,2003-10-19
4163010400,경기도,양주시,마전동,,0,2003-10-19
4163010500,경기도,양주시,산북동,,0,2003-10-19
4163010600,경기도,양주시,광사동,,0,2003-10-19
4163010700,경기도,양주시,만송동,,0,2003-10-19
4163010800,경기도,양주시,삼숭동,,0,2003-10-19
4163010900,경기도,양주시,고읍동,,0,2003-10-19
4163011000,경기도,양주시,덕정동,,0,2003-10-19
4163011100,경기도,양주시,봉양동,,0,2003-10-19
4163011200,경기도,양주시,회암동,,0,2003-10-19
4163011300,경기도,양주시,율정동,,0,2003-10-19
4163011400,경기도,양주시,옥정동,,0,2003-10-19
4163011500,경기도,양주시,고암동,,0,2003-10-19
4163011600,경기도,양주시,덕계동,,0,2003-10-19
4163011700,경기도,양주시,회정동,,0,2003-10-19
4163025000,경기도,양주시,백석읍,,0,2003-10-19
4163025021,경기도,양주시,백석읍,방성리,0,2003-10-19
4163025022,경기도,양주시,백석읍,오산리,0,2003-10-19
4163025023,경기도,양주시,백석읍,복지리,0,2003-10-19
4163025024,경기도,양주시,백석읍,가업리,0,2003-10-19
4163025025,경기도,양주시,백석읍,홍죽리,0,2003-10-19
4163025026,경기도,양주시,백석읍,연곡리,0,2003-10-19
4163025027,경기도,양주시,백석읍,기산리,0,2003-10-19
4163031000,경기도,양주시,은현면,,0,2003-10-19
4163031021,경기도,양주시,은현면,용암리,0,2003-10-19
4163031022,경기도,양주시,은현면,선암리,0,2003-10-19
4163031023,경기도,양주시,은현면,운암리,0,2003-10-19
4163031024,경기도,양주시,은현면,봉암리,0,2003-10-19
4163031025,경기도,양주시,은현면,하패리,0,2003-10-19
4163031026,경기도,양주시,은현면,도하리,0,2003-10-19
4163032000,경기도,양주시,남면,,0,2003-10-19
4163032021,경기도,양주시,남면,신산리,0,2003-10-19
4163032022,경기도,양주시,남면,신암리,0,2003-10-19
4163032023,경기도,양주시,남면,매곡리,0,2003-10-19
4163032024,경기도,양주시,남면,구암리,0,2003-10-19
4163032025,경기도,양주시,남면,두곡리,0,2003-10-19
4163032026,경기도,양주시,남면,경신리,0,2003-10-19
4163032027,경기도,양주시,남면,상수리,0,2003-10-19
4163032028,경기도,양주시,남면,입암리,0,2003-10-19
4163032029,경기도,양주시,남면,한산리,0,2003-10-19
4163032030,경기도,양주시,남면,황방리,0,2003-10-19
4163033000,경기도,양주시,광적면,,0,2003-10-19
4163033021,경기도,양주시,광적면,가납리,0,2003-10-19
4163033022,경기도,양주시,광적면,광석리,0,2003-10-19
4163033023,경기도,양주시,광적면,우고리,0,2003-10-19
4163033024,경기도,양주시,광적면,비암리,0,2003-10-19
4163033025,경기도,양주시,광적면,효촌리,0,2003-10-19
4163033026,경기도,양주시,광적면,덕도리,0,2003-10-19
4163033027,경기도,양주시,광적면,석우리,0,2003-10-19
4163034000,경기도,양주시,장흥면,,0,2003-10-19
4163034021,경기도,양주시,장흥면,교현리,0,2003-10-19
4163034022,경기도,양주시,장흥면,울대리,0,2003-10-19
4163034023,경기도,양주시,장흥면,부곡리,0,2003-10-19
4163034024,경기도,양주시,장흥면,석현리,0,2003-10-19
4163034025,경기도,양주시,장흥면,일영리,0,2003-10-19
4163034026,경기도,양주시,장흥면,삼상리,0,2003-10-19
4163034027,경기도,양주시,장흥면,삼하리,0,2003-10-19
4165000000,경기도,포천시,,,0,2003-10-19
4165010100,경기도,포천시,신읍동,,0,2003-10-19
4165010200,경기도,포천시,어룡동,,0,2003-10-19
4165010300,경기도,포천시,자작동,,0,2003-10-19
4165010400,경기도,포천시,선단동,,0,2003-10-19
4165010500,경기도,포천시,설운동,,0,2003-10-19
4165010600,경기도,포천시,동교동,,0,2003-10-19
4165025000,경기도,포천시,소흘읍,,0,2003-10-19
4165025021,경기도,포천시,소흘읍,송우리,0,2003-10-19
4165025022,경기도,포천시,소흘읍,이동교리,0,2003-10-19
4165025023,경기도,포천시,소흘읍,무림리,0,2003-10-19
4165025024,경기도,포천시,소흘읍,이곡리,0,2003-10-19
4165025025,경기도,포천시,소흘읍,직동리,0,2003-10-19
4165025026,경기도,포천시,소흘읍,고모리,0,2003-10-19
4165025027,경기도,포천시,소흘읍,이가팔리,0,2003-10-19
4165025028,경기도,포천시,소흘읍,초가팔리,0,2003-10-19
4165025029,경기도,포천시,소흘읍,무봉리,0,2003-10-19
4165031000,경기도,포천시,군내면,,0,2003-10-19
4165031021,경기도,포천시,군내면,구읍리,0,2003-10-19
4165031022,경기도,포천시,군내면,용정리,0,2003-10-19
4165031023,경기도,포천시,군내면,유교리,0,2003-10-19
4165031024,경기도,포천시,군내면,좌의리,0,2003-10-19
4165031025,경기도,포천시,군내면,명산리,0,2003-10-19
4165031026,경기도,포천시,군내면,직두리,0,2003-10-19
4165031027,경기도,포천시,군내면,상성북리,0,2003-10-19
4165031028,경기도,포천시,군내면,하성북리,0,2003-10-19
4165032000,경기도,포천시,내촌면,,0,2003-10-19
4165032021,경기도,포천시,내촌면,진목리,0,2003-10-19
4165032022,경기도,포천시,내촌면,마명리,0,2003-10-19
4165032023,경기도,포천시,내촌면,음현리,0,2003-10-19
4165032024,경기도,포천시,내촌면,내리,0,2003-10-19
4165032025,경기도,포천시,내촌면,소학리,0,2003-10-19
4165032026,경기도,포천시,내촌면,신팔리,0,2003-10-19
4165033000,경기도,포천시,가산면,,0,2003-10-19
4165033021,경기도,포천시,가산면,마산리,0,2003-10-19
4165033022,경기도,포천시,가산면,감암리,0,2003-10-19
4165033023,경기도,포천시,가산면,방축리,0,2003-10-19
4165033024,경기도,포천시,가산면,가산리,0,2003-10-19
4165033025,경기도,포천시,가산면,정교리,0,2003-10-19
4165033026,경기도,포천시,가산면,금현리,0,2003-10-19
4165033027,경기도,포천시,가산면,우금리,0,2003-10-19
4165033028,경기도,포천시,가산면,마전리,0,2003-10-19
4165034000,경기도,포천시,신북면,,0,2003-10-19
4165034021,경기도,포천시,신북면,가채리,0,2003-10-19
4165034022,경기도,포천시,신북면,기지리,0,2003-10-19
4165034023,경기도,포천시,신북면,신평리,0,2003-10-19
4165034024,경기도,포천시,신북면,만세교리,0,2003-10-19
4165034025,경기도,포천시,신북면,심곡리,0,2003-10-19
4165034026,경기도,포천시,신북면,계류리,0,2003-10-19
4165034027,경기도,포천시,신북면,고일리,0,2003-10-19
4165034028,경기도,포천시,신북면,삼성당리,0,2003-10-19
4165034029,경기도,포천시,신북면,삼정리,0,2003-10-19
4165034030,경기도,포천시,신북면,갈월리,0,2003-10-19
4165034031,경기도,포천시,신북면,금동리,0,2003-10-19
4165034032,경기도,포천시,신북면,덕둔리,0,2003-10-19
4165035000,경기도,포천시,창수면,,0,2003-10-19
4165035021,경기도,포천시,창수면,추동리,0,2003-10-19
4165035022,경기도,포천시,창수면,주원리,0,2003-10-19
4165035023,경기도,포천시,창수면,가양리,0,2003-10-19
4165035024,경기도,포천시,창수면,오가리,0,2003-10-19
4165035025,경기도,포천시,창수면,고소성리,0,2003-10-19
4165035026,경기도,포천시,창수면,운산리,0,2003-10-19
4165035027,경기도,포천시,창수면,신흥리,0,2003-10-19
4165036000,경기도,포천시,영중면,,0,2003-10-19
4165036021,경기도,포천시,영중면,양문리,0,2003-10-19
4165036022,경기도,포천시,영중면,금주리,0,2003-10-19
4165036023,경기도,포천시,영중면,거사리,0,2003-10-19
4165036024,경기도,포천시,영중면,성동리,0,2003-10-19
4165036025,경기도,포천시,영중면,영평리,0,2003-10-19
4165036026,경기도,포천시,영중면,영송리,0,2003-10-19
4165037000,경기도,포천시,일동면,,0,2003-10-19
4165037021,경기도,포천시,일동면,길명리,0,2003-10-19
4165037022,경기도,포천시,일동면,유동리,0,2003-10-19
4165037023,경기도,포천시,일동면,기산리,0,2003-10-19
4165037024,경기도,포천시,일동면,화대리,0,2003-10-19
4165037025,경기도,포천시,일동면,사직리,0,2003-10-19
4165037026,경기도,포천시,일동면,수입리,0,2003-10-19
4165038000,경기도,포천시,이동면,,0,2003-10-19
4165038021,경기도,포천시,이동면,장암리,0,2003-10-19
4165038022,경기도,포천시,이동면,도평리,0,2003-10-19
4165038023,경기도,포천시,이동면,연곡리,0,2003-10-19
4165038024,경기도,포천시,이동면,노곡리,0,2003-10-19
4165039000,경기도,포천시,영북면,,0,2003-10-19
4165039021,경기도,포천시,영북면,운천리,0,2003-10-19
4165039022,경기도,포천시,영북면,자일리,0,2003-10-19
4165039023,경기도,포천시,영북면,산정리,0,2003-10-19
4165039024,경기도,포천시,영북면,야미리,0,2003-10-19
4165039025,경기도,포천시,영북면,문암리,0,2003-10-19
4165039026,경기도,포천시,영북면,대회산리,0,2003-10-19
4165039027,경기도,포천시,영북면,소회산리,0,2003-10-19
4165040000,경기도,포천시,관인면,,0,2003-10-19
4165040021,경기도,포천시,관인면,중리,0,2003-10-19
4165040022,경기도,포천시,관인면,삼율리,0,2003-10-19
4165040023,경기도,포천시,관인면,초과리,0,2003-10-19
4165040024,경기도,포천시,관인면,탄동리,0,2003-10-19
4165040025,경기도,포천시,관인면,냉정리,0,2003-10-19
4165040026,경기도,포천시,관인면,사정리,0,2003-10-19
4165041000,경기도,포천시,화현면,,0,2003-10-19
4165041021,경기도,포천시,화현면,화현리,0,2003-10-19
4165041022,경기도,포천시,화현면,명덕리,0,2003-10-19
4165041023,경기도,포천시,화현면,지현리,0,2003-10-19
4167000000,경기도,여주시,,,0,2013-09-23
4167010100,경기도,여주시,상동,,1,2013-09-23
4167010200,경기도,여주시,홍문동,,2,2013-09-23
4167010300,경기도,여주시,창동,,3,2013-09-23
4167010400,경기도,여주시,우만동,,4,2013-09-23
4167010500,경기도,여주시,단현동,,5,2013-09-23
4167010600,경기도,여주시,신진동,,6,2013-09-23
4167010700,경기도,여주시,하동,,7,2013-09-23
4167010800,경기도,여주시,교동,,8,2013-09-23
4167010900,경기도,여주시,월송동,,9,2013-09-23
4167011000,경기도,여주시,가업동,,10,2013-09-23
4167011100,경기도,여주시,연라동,,11,2013-09-23
4167011200,경기도,여주시,상거동,,12,2013-09-23
4167011300,경기도,여주시,하거동,,13,2013-09-23
4167011400,경기도,여주시,삼교동,,14,2013-09-23
4167011500,경기도,여주시,점봉동,,15,2013-09-23
4167011600,경기도,여주시,능현동,,16,2013-09-23
4167011700,경기도,여주시,멱곡동,,17,2013-09-23
4167011800,경기도,여주시,연양동,,18,2013-09-23
4167011900,경기도,여주시,매룡동,,19,2013-09-23
4167012000,경기도,여주시,천송동,,20,2013-09-23
4167012100,경기도,여주시,오학동,,21,2013-09-23
4167012200,경기도,여주시,현암동,,22,2013-09-23
4167012300,경기도,여주시,오금동,,23,2013-09-23
4167025000,경기도,여주시,가남읍,,24,2013-09-23
4167025021,경기도,여주시,가남읍,태평리,25,2013-09-23
4167025022,경기도,여주시,가남읍,상활리,26,2013-09-23
4167025023,경기도,여주시,가남읍,신해리,27,2013-09-23
4167025024,경기도,여주시,가남읍,대신리,28,2013-09-23
4167025025,경기도,여주시,가남읍,은봉리,29,2013-09-23
4167025026,경기도,여주시,가남읍,건장리,30,2013-09-23
4167025027,경기도,여주시,가남읍,심석리,31,2013-09-23
4167025028,경기도,여주시,가남읍,삼군리,32,2013-09-23
4167025029,경기도,여주시,가남읍,오산리,33,2013-09-23
4167025030,경기도,여주시,가남읍,정단리,34,2013-09-23
4167025031,경기도,여주시,가남읍,화평리,35,2013-09-23
4167025032,경기도,여주시,가남읍,본두리,36,2013-09-23
4167025033,경기도,여주시,가남읍,하귀리,37,2013-09-23
4167025034,경기도,여주시,가남읍,안금리,38,2013-09-23
4167025035,경기도,여주시,가남읍,양귀리,39,2013-09-23
4167025036,경기도,여주시,가남읍,연대리,40,2013-09-23
4167025037,경기도,여주시,가남읍,금당리,41,2013-09-23
4167025038,경기도,여주시,가남읍,금곡리,42,2013-09-23
4167025039,경기도,여주시,가남읍,송림리,43,2013-09-23
4167025040,경기도,여주시,가남읍,삼승리,44,2013-09-23
4167031000,경기도,여주시,점동면,,45,2013-09-23
4167031021,경기도,여주시,점동면,청안리,46,2013-09-23
4167031022,경기도,여주시,점동면,부구리,47,2013-09-23
4167031023,경기도,여주시,점동면,덕평리,48,2013-09-23
4167031024,경기도,여주시,점동면,원부리,49,2013-09-23
4167031025,경기도,여주시,점동면,관한리,50,2013-09-23
4167031026,경기도,여주시,점동면,뇌곡리,51,2013-09-23
4167031027,경기도,여주시,점동면,성신리,52,2013-09-23
4167031028,경기도,여주시,점동면,당진리,53,2013-09-23
4167031029,경기도,여주시,점동면,현수리,54,2013-09-23
4167031030,경기도,여주시,점동면,사곡리,55,2013-09-23
4167031031,경기도,여주시,점동면,장안리,56,2013-09-23
4167031032,경기도,여주시,점동면,삼합리,57,2013-09-23
4167031033,경기도,여주시,점동면,도리,58,2013-09-23
4167031034,경기도,여주시,점동면,흔암리,59,2013-09-23
4167031035,경기도,여주시,점동면,처리,60,2013-09-23
4167032000,경기도,여주시,흥천면,,61,2013-09-23
4167032021,경기도,여주시,흥천면,복대리,62,2013-09-23
4167032022,경기도,여주시,흥천면,계신리,63,2013-09-23
4167032023,경기도,여주시,흥천면,문장리,64,2013-09-23
4167032024,경기도,여주시,흥천면,내사리,65,2013-09-23
4167032025,경기도,여주시,흥천면,외사리,66,2013-09-23
4167032026,경기도,여주시,흥천면,상대리,67,2013-09-23
4167032027,경기도,여주시,흥천면,다대리,68,2013-09-23
4167032028,경기도,여주시,흥천면,하다리,69,2013-09-23
4167032029,경기도,여주시,흥천면,상백리,70,2013-09-23
4167032030,경기도,여주시,흥천면,귀백리,71,2013-09-23
4167032031,경기도,여주시,흥천면,율극리,72,2013-09-23
4167032032,경기도,여주시,흥천면,효지리,73,2013-09-23
4167032033,경기도,여주시,흥천면,대당리,74,2013-09-23
4167032034,경기도,여주시,흥천면,신근리,75,2013-09-23
4167033000,경기도,여주시,금사면,,76,2013-09-23
4167033021,경기도,여주시,금사면,이포리,77,2013-09-23
4167033022,경기도,여주시,금사면,궁리,78,2013-09-23
4167033023,경기도,여주시,금사면,도곡리,79,2013-09-23
4167033024,경기도,여주시,금사면,장흥리,80,2013-09-23
4167033025,경기도,여주시,금사면,주록리,81,2013-09-23
4167033026,경기도,여주시,금사면,전북리,82,2013-09-23
4167033027,경기도,여주시,금사면,소유리,83,2013-09-23
4167033028,경기도,여주시,금사면,상호리,84,2013-09-23
4167033029,경기도,여주시,금사면,하호리,85,2013-09-23
4167033030,경기도,여주시,금사면,금사리,86,2013-09-23
4167033031,경기도,여주시,금사면,외평리,87,2013-09-23
4167034500,경기도,여주시,세종대왕면,,88,2022-01-17
4167034521,경기도,여주시,세종대왕면,번도리,89,2022-01-17
4167034522,경기도,여주시,세종대왕면,구양리,90,2022-01-17
4167034523,경기도,여주시,세종대왕면,왕대리,91,2022-01-17
4167034524,경기도,여주시,세종대왕면,백석리,92,2022-01-17
4167034525,경기도,여주시,세종대왕면,내양리,93,2022-01-17
4167034526,경기도,여주시,세종대왕면,용은리,94,2022-01-17
4167034527,경기도,여주시,세종대왕면,매화리,95,2022-01-17
4167034528,경기도,여주시,세종대왕면,양거리,96,2022-01-17
4167034529,경기도,여주시,세종대왕면,마래리,97,2022-01-17
4167034530,경기도,여주시,세종대왕면,광대리,98,2022-01-17
4167034531,경기도,여주시,세종대왕면,오계리,99,2022-01-17
4167034532,경기도,여주시,세종대왕면,매류리,100,2022-01-17
4167034533,경기도,여주시,세종대왕면,신지리,101,2022-01-17
4167035000,경기도,여주시,대신면,,102,2013-09-23
4167035021,경기도,여주시,대신면,후포리,103,2013-09-23
4167035022,경기도,여주시,대신면,당산리,104,2013-09-23
4167035023,경기도,여주시,대신면,가산리,105,2013-09-23
4167035024,경기도,여주시,대신면,천남리,106,2013-09-23
4167035025,경기도,여주시,대신면,하림리,107,2013-09-23
4167035026,경기도,여주시,대신면,상구리,108,2013-09-23
4167035027,경기도,여주시,대신면,장풍리,109,2013-09-23
4167035028,경기도,여주시,대신면,옥촌리,110,2013-09-23
4167035029,경기도,여주시,대신면,윤촌리,111,2013-09-23
4167035030,경기도,여주시,대신면,무촌리,112,2013-09-23
4167035031,경기도,여주시,대신면,도롱리,113,2013-09-23
4167035032,경기도,여주시,대신면,계림리,114,2013-09-23
4167035033,경기도,여주시,대신면,송촌리,115,2013-09-23
4167035034,경기도,여주시,대신면,천서리,116,2013-09-23
4167035035,경기도,여주시,대신면,당남리,117,2013-09-23
4167035036,경기도,여주시,대신면,보통리,118,2013-09-23
4167035037,경기도,여주시,대신면,율촌리,119,2013-09-23
4167035038,경기도,여주시,대신면,초현리,120,2013-09-23
4167035039,경기도,여주시,대신면,양촌리,121,2013-09-23
4167036000,경기도,여주시,북내면,,122,2013-09-23
4167036021,경기도,여주시,북내면,당우리,123,2013-09-23
4167036022,경기도,여주시,북내면,신남리,124,2013-09-23
4167036023,경기도,여주시,북내면,외룡리,125,2013-09-23
4167036024,경기도,여주시,북내면,내룡리,126,2013-09-23
4167036025,경기도,여주시,북내면,상교리,127,2013-09-23
4167036026,경기도,여주시,북내면,주암리,128,2013-09-23
4167036027,경기도,여주시,북내면,서원리,129,2013-09-23
4167036028,경기도,여주시,북내면,석우리,130,2013-09-23
4167036029,경기도,여주시,북내면,덕산리,131,2013-09-23
4167036030,경기도,여주시,북내면,장암리,132,2013-09-23
4167036031,경기도,여주시,북내면,중암리,133,2013-09-23
4167036032,경기도,여주시,북내면,운촌리,134,2013-09-23
4167036033,경기도,여주시,북내면,신접리,135,2013-09-23
4167036034,경기도,여주시,북내면,지내리,136,2013-09-23
4167036035,경기도,여주시,북내면,가정리,137,2013-09-23
4167037000,경기도,여주시,강천면,,138,2013-09-23
4167037021,경기도,여주시,강천면,간매리,139,2013-09-23
4167037022,경기도,여주시,강천면,걸은리,140,2013-09-23
4167037023,경기도,여주시,강천면,이호리,141,2013-09-23
4167037024,경기도,여주시,강천면,가야리,142,2013-09-23
4167037025,경기도,여주시,강천면,적금리,143,2013-09-23
4167037026,경기도,여주시,강천면,굴암리,144,2013-09-23
4167037027,경기도,여주시,강천면,강천리,145,2013-09-23
4167037028,경기도,여주시,강천면,부평리,146,2013-09-23
4167037029,경기도,여주시,강천면,도전리,147,2013-09-23
4167038000,경기도,여주시,산북면,,148,2013-09-23
4167038021,경기도,여주시,산북면,상품리,149,2013-09-23
4167038022,경기도,여주시,산북면,송현리,150,2013-09-23
4167038023,경기도,여주시,산북면,후리,151,2013-09-23
4167038024,경기도,여주시,산북면,명품리,152,2013-09-23
4167038025,경기도,여주시,산북면,주어리,153,2013-09-23
4167038026,경기도,여주시,산북면,백자리,154,2013-09-23
4167038027,경기도,여주시,산북면,용담리,155,2013-09-23
4180000000,경기도,연천군,,,41,1988-04-23
4180025000,경기도,연천군,연천읍,,1,1988-04-23
4180025021,경기도,연천군,연천읍,차탄리,1,1988-04-23
4180025022,경기도,연천군,연천읍,현가리,2,1988-04-23
4180025023,경기도,연천군,연천읍,상리,3,1988-04-23
4180025024,경기도,연천군,연천읍,와초리,4,1988-04-23
4180025025,경기도,연천군,연천읍,옥산리,5,1988-04-23
4180025026,경기도,연천군,연천읍,읍내리,6,1988-04-23
4180025027,경기도,연천군,연천읍,동막리,7,1988-04-23
4180025028,경기도,연천군,연천읍,통현리,8,1988-04-23
4180025029,경기도,연천군,연천읍,고문리,9,1988-04-23
4180025030,경기도,연천군,연천읍,부곡리,10,1989-01-01
4180025300,경기도,연천군,전곡읍,,2,1988-04-23
4180025321,경기도,연천군,전곡읍,전곡리,1,1988-04-23
4180025322,경기도,연천군,전곡읍,은대리,2,1988-04-23
4180025323,경기도,연천군,전곡읍,신답리,3,1988-04-23
4180025324,경기도,연천군,전곡읍,고능리,4,1988-04-23
4180025325,경기도,연천군,전곡읍,마포리,5,1988-04-23
4180025326,경기도,연천군,전곡읍,양원리,6,1988-04-23
4180025327,경기도,연천군,전곡읍,간파리,7,1988-04-23
4180025328,경기도,연천군,전곡읍,늘목리,8,1988-04-23
4180031000,경기도,연천군,군남면,,3,1988-04-23
4180031021,경기도,연천군,군남면,진상리,1,1988-04-23
4180031022,경기도,연천군,군남면,옥계리,2,1988-04-23
4180031023,경기도,연천군,군남면,삼거리,3,1988-04-23
4180031024,경기도,연천군,군남면,왕림리,4,1988-04-23
4180031025,경기도,연천군,군남면,선곡리,5,1988-04-23
4180031026,경기도,연천군,군남면,황지리,6,1988-04-23
4180031027,경기도,연천군,군남면,남계리,7,1988-04-23
4180032000,경기도,연천군,청산면,,4,1988-04-23
4180032021,경기도,연천군,청산면,초성리,1,1988-04-23
4180032022,경기도,연천군,청산면,대전리,2,1988-04-23
4180032023,경기도,연천군,청산면,장탄리,3,1988-04-23
4180032024,경기도,연천군,청산면,궁평리,4,1988-04-23
4180032025,경기도,연천군,청산면,백의리,5,1988-04-23
4180033000,경기도,연천군,백학면,,5,1988-04-23
4180033021,경기도,연천군,백학면,두일리,1,1988-04-23
4180033022,경기도,연천군,백학면,백령리,2,1988-04-23
4180033023,경기도,연천군,백학면,통구리,3,1988-04-23
4180033024,경기도,연천군,백학면,전동리,4,1988-04-23
4180033025,경기도,연천군,백학면,노곡리,5,1988-04-23
4180033026,경기도,연천군,백학면,학곡리,6,1988-04-23
4180033027,경기도,연천군,백학면,구미리,7,1988-04-23
4180033028,경기도,연천군,백학면,두현리,8,1988-04-23
4180033029,경기도,연천군,백학면,갈현리,9,1988-04-23
4180033030,경기도,연천군,백학면,포춘리,10,1988-04-23
4180033031,경기도,연천군,백학면,항동리,11,1988-04-23
4180033033,경기도,연천군,백학면,석주원리,12,1988-04-23
4180033034,경기도,연천군,백학면,상리,13,1988-04-23
4180033035,경기도,연천군,백학면,중리,14,1988-04-23
4180033036,경기도,연천군,백학면,하리,15,1988-04-23
4180033037,경기도,연천군,백학면,오음리,16,1988-04-23
4180033038,경기도,연천군,백학면,사시리,17,1988-04-23
4180033039,경기도,연천군,백학면,매현리,18,1988-04-23
4180033040,경기도,연천군,백학면,고읍리,19,1988-04-23
4180033041,경기도,연천군,백학면,두매리,20,1988-04-23
4180033046,경기도,연천군,백학면,석장리,21,1988-04-23
4180034000,경기도,연천군,미산면,,6,1988-04-23
4180034021,경기도,연천군,미산면,동이리,1,1988-04-23
4180034022,경기도,연천군,미산면,아미리,2,1988-04-23
4180034023,경기도,연천군,미산면,백석리,3,1988-04-23
4180034024,경기도,연천군,미산면,유촌리,4,1988-04-23
4180034025,경기도,연천군,미산면,광동리,5,1988-04-23
4180034026,경기도,연천군,미산면,마전리,6,1988-04-23
4180034027,경기도,연천군,미산면,우정리,7,1988-04-23
4180034028,경기도,연천군,미산면,삼화리,8,1988-04-23
4180035000,경기도,연천군,왕징면,,7,1988-04-23
4180035021,경기도,연천군,왕징면,무등리,1,1988-04-23
4180035022,경기도,연천군,왕징면,노동리,2,1988-04-23
4180035023,경기도,연천군,왕징면,북삼리,3,1988-04-23
4180035024,경기도,연천군,왕징면,강내리,4,1988-04-23
4180035025,경기도,연천군,왕징면,강서리,5,1988-04-23
4180035026,경기도,연천군,왕징면,동중리,6,1988-04-23
4180035027,경기도,연천군,왕징면,고왕리,7,1988-04-23
4180035028,경기도,연천군,왕징면,고잔상리,8,1988-04-23
4180035029,경기도,연천군,왕징면,고잔하리,9,1988-04-23
4180035030,경기도,연천군,왕징면,기곡리,10,1988-04-23
4180035031,경기도,연천군,왕징면,작동리,11,1988-04-23
4180035032,경기도,연천군,왕징면,임강리,12,1988-04-23
4180035033,경기도,연천군,왕징면,오탄리,13,1988-04-23
4180035034,경기도,연천군,왕징면,귀존리,14,1988-04-23
4180035035,경기도,연천군,왕징면,고장리,15,1988-04-23
4180035036,경기도,연천군,왕징면,장학리,16,1988-04-23
4180035037,경기도,연천군,왕징면,가천리,17,1988-04-23
4180035038,경기도,연천군,왕징면,냉정리,18,1988-04-23
4180036000,경기도,연천군,신서면,,8,1988-04-23
4180036021,경기도,연천군,신서면,대광리,1,1988-04-23
4180036022,경기도,연천군,신서면,도신리,2,1988-04-23
4180036023,경기도,연천군,신서면,내산리,3,1988-04-23
4180036024,경기도,연천군,신서면,마전리,4,1988-04-23
4180036025,경기도,연천군,신서면,답곡리,5,1988-04-23
4180036026,경기도,연천군,신서면,승양리,6,1988-04-23
4180036027,경기도,연천군,신서면,도밀리,7,1988-04-23
4180036028,경기도,연천군,신서면,갈현리,8,1988-04-23
4180036029,경기도,연천군,신서면,덕산리,9,1988-04-23
4180036030,경기도,연천군,신서면,신현리,10,1988-04-23
4180037000,경기도,연천군,중면,,9,1995-04-20
4180037021,경기도,연천군,중면,삼곶리,1,1995-04-20
4180037022,경기도,연천군,중면,횡산리,2,1988-04-23
4180037023,경기도,연천군,중면,중사리,3,1988-04-23
4180037024,경기도,연천군,중면,적거리,4,1988-04-23
4180037025,경기도,연천군,중면,마거리,5,1988-04-23
4180037026,경기도,연천군,중면,합수리,6,1988-04-23
4180037027,경기도,연천군,중면,적음리,7,1988-04-23
4180037028,경기도,연천군,중면,진곡리,8,1988-04-23
4180037029,경기도,연천군,중면,어적산리,9,1988-04-23
4180037030,경기도,연천군,중면,적동산리,10,1988-04-23
4180037031,경기도,연천군,중면,도연리,11,1988-04-23
4180038000,경기도,연천군,장남면,,10,1989-04-01
4180038021,경기도,연천군,장남면,원당리,1,1989-04-01
4180038022,경기도,연천군,장남면,자작리,2,1989-04-01
4180038023,경기도,연천군,장남면,판부리,3,1989-04-01
4180038024,경기도,연천군,장남면,반정리,4,1989-04-01
4180038025,경기도,연천군,장남면,고랑포리,5,1989-04-01
4182000000,경기도,가평군,,,43,1988-04-23
4182025000,경기도,가평군,가평읍,,1,1988-04-23
4182025021,경기도,가평군,가평읍,읍내리,1,1988-04-23
4182025022,경기도,가평군,가평읍,대곡리,2,1988-04-23
4182025023,경기도,가평군,가평읍,달전리,3,1988-04-23
4182025024,경기도,가평군,가평읍,하색리,4,1988-04-23
4182025025,경기도,가평군,가평읍,상색리,5,1988-04-23
4182025026,경기도,가평군,가평읍,두밀리,6,1988-04-23
4182025027,경기도,가평군,가평읍,경반리,7,1988-04-23
4182025028,경기도,가평군,가평읍,승안리,8,1988-04-23
4182025029,경기도,가평군,가평읍,마장리,9,1988-04-23
4182025030,경기도,가평군,가평읍,개곡리,10,1988-04-23
4182025031,경기도,가평군,가평읍,이화리,11,1988-04-23
4182025032,경기도,가평군,가평읍,산유리,12,1988-04-23
4182025033,경기도,가평군,가평읍,복장리,13,1988-04-23
4182025034,경기도,가평군,가평읍,금대리,14,1988-04-23
4182031000,경기도,가평군,설악면,,2,1988-04-23
4182031021,경기도,가평군,설악면,신천리,1,1988-04-23
4182031022,경기도,가평군,설악면,선촌리,2,1988-04-23
4182031023,경기도,가평군,설악면,회곡리,3,1988-04-23
4182031024,경기도,가평군,설악면,사룡리,4,1988-04-23
4182031025,경기도,가평군,설악면,송산리,5,1988-04-23
4182031026,경기도,가평군,설악면,미사리,6,1988-04-23
4182031027,경기도,가평군,설악면,위곡리,7,1988-04-23
4182031028,경기도,가평군,설악면,창의리,8,1988-04-23
4182031029,경기도,가평군,설악면,엄소리,9,1988-04-23
4182031030,경기도,가평군,설악면,설곡리,10,1988-04-23
4182031031,경기도,가평군,설악면,묵안리,11,1988-04-23
4182031032,경기도,가평군,설악면,가일리,12,1988-04-23
4182031033,경기도,가평군,설악면,방일리,13,1988-04-23
4182031034,경기도,가평군,설악면,천안리,14,1988-04-23
4182031035,경기도,가평군,설악면,이천리,15,1988-04-23
4182032500,경기도,가평군,청평면,,0,2004-12-01
4182032521,경기도,가평군,청평면,청평리,0,2004-12-01
4182032522,경기도,가평군,청평면,상천리,0,2004-12-01
4182032523,경기도,가평군,청평면,하천리,0,2004-12-01
4182032524,경기도,가평군,청평면,대성리,0,2004-12-01
4182032525,경기도,가평군,청평면,호명리,0,2004-12-01
4182032526,경기도,가평군,청평면,고성리,0,2004-12-01
4182032527,경기도,가평군,청평면,삼회리,0,2004-12-01
4182033000,경기도,가평군,상면,,4,1988-04-23
4182033021,경기도,가평군,상면,연하리,1,1988-04-23
4182033022,경기도,가평군,상면,항사리,2,1988-04-23
4182033023,경기도,가평군,상면,행현리,3,1988-04-23
4182033024,경기도,가평군,상면,임초리,4,1988-04-23
4182033025,경기도,가평군,상면,덕현리,5,1988-04-23
4182033026,경기도,가평군,상면,태봉리,6,1988-04-23
4182033027,경기도,가평군,상면,상동리,7,1988-04-23
4182033028,경기도,가평군,상면,율길리,8,1988-04-23
4182033029,경기도,가평군,상면,봉수리,9,1988-04-23
4182033030,경기도,가평군,상면,원흥리,10,2016-07-26
4182034500,경기도,가평군,조종면,,5,2015-12-16
4182034521,경기도,가평군,조종면,현리,1,2015-12-16
4182034522,경기도,가평군,조종면,신상리,2,2015-12-16
4182034524,경기도,가평군,조종면,상판리,4,2015-12-16
4182034525,경기도,가평군,조종면,신하리,5,2015-12-16
4182034526,경기도,가평군,조종면,마일리,6,2015-12-16
4182034527,경기도,가평군,조종면,대보리,7,2015-12-16
4182034528,경기도,가평군,조종면,운악리,8,2016-07-26
4182035000,경기도,가평군,북면,,6,1988-04-23
4182035021,경기도,가평군,북면,목동리,1,1988-04-23
4182035022,경기도,가평군,북면,소법리,2,1988-04-23
4182035023,경기도,가평군,북면,화악리,3,1988-04-23
4182035024,경기도,가평군,북면,도대리,4,1988-04-23
4182035025,경기도,가평군,북면,적목리,5,1988-04-23
4182035026,경기도,가평군,북면,백둔리,6,1988-04-23
4182035027,경기도,가평군,북면,제령리,7,1988-04-23
4182035028,경기도,가평군,북면,이곡리,8,1988-04-23
4183000000,경기도,양평군,,,44,1988-04-23
4183025000,경기도,양평군,양평읍,,1,1988-04-23
4183025021,경기도,양평군,양평읍,양근리,1,1988-04-23
4183025022,경기도,양평군,양평읍,오빈리,2,1988-04-23
4183025023,경기도,양평군,양평읍,신애리,3,1988-04-23
4183025024,경기도,양평군,양평읍,덕평리,4,1988-04-23
4183025025,경기도,양평군,양평읍,공흥리,5,1988-04-23
4183025026,경기도,양평군,양평읍,백안리,6,1988-04-23
4183025027,경기도,양평군,양평읍,도곡리,7,1988-04-23
4183025028,경기도,양평군,양평읍,대흥리,8,1988-04-23
4183025029,경기도,양평군,양평읍,봉성리,9,1988-04-23
4183025030,경기도,양평군,양평읍,원덕리,10,1988-04-23
4183025031,경기도,양평군,양평읍,회현리,11,1988-04-23
4183025032,경기도,양평군,양평읍,창대리,12,1988-04-23
4183031000,경기도,양평군,강상면,,2,1988-04-23
4183031021,경기도,양평군,강상면,병산리,1,1988-04-23
4183031022,경기도,양평군,강상면,송학리,2,1988-04-23
4183031023,경기도,양평군,강상면,교평리,3,1988-04-23
4183031024,경기도,양평군,강상면,신화리,4,1988-04-23
4183031025,경기도,양평군,강상면,화양리,5,1988-04-23
4183031026,경기도,양평군,강상면,세월리,6,1988-04-23
4183031027,경기도,양평군,강상면,대석리,7,1988-04-23
4183032000,경기도,양평군,강하면,,3,1988-04-23
4183032021,경기도,양평군,강하면,운심리,1,1988-04-23
4183032022,경기도,양평군,강하면,왕창리,2,1988-04-23
4183032023,경기도,양평군,강하면,동오리,3,1988-04-23
4183032024,경기도,양평군,강하면,항금리,4,1988-04-23
4183032025,경기도,양평군,강하면,성덕리,5,1988-04-23
4183032026,경기도,양평군,강하면,전수리,6,1988-04-23
4183033000,경기도,양평군,양서면,,4,1988-04-23
4183033021,경기도,양평군,양서면,양수리,1,1988-04-23
4183033022,경기도,양평군,양서면,용담리,2,1988-04-23
4183033023,경기도,양평군,양서면,부용리,3,1988-04-23
4183033024,경기도,양평군,양서면,목왕리,4,1988-04-23
4183033025,경기도,양평군,양서면,신원리,5,1988-04-23
4183033026,경기도,양평군,양서면,도곡리,6,1988-04-23
4183033027,경기도,양평군,양서면,대심리,7,1988-04-23
4183033028,경기도,양평군,양서면,국수리,8,1988-04-23
4183033029,경기도,양평군,양서면,복포리,9,1988-04-23
4183033030,경기도,양평군,양서면,청계리,10,1988-04-23
4183033031,경기도,양평군,양서면,증동리,11,1988-04-23
4183034000,경기도,양평군,옥천면,,5,1988-04-23
4183034021,경기도,양평군,옥천면,옥천리,1,1988-04-23
4183034022,경기도,양평군,옥천면,용천리,2,1988-04-23
4183034023,경기도,양평군,옥천면,신복리,3,1988-04-23
4183034024,경기도,양평군,옥천면,아신리,4,1988-04-23
4183035000,경기도,양평군,서종면,,6,1988-04-23
4183035021,경기도,양평군,서종면,문호리,1,1988-04-23
4183035022,경기도,양평군,서종면,도장리,2,1988-04-23
4183035023,경기도,양평군,서종면,수능리,3,1988-04-23
4183035024,경기도,양평군,서종면,서후리,4,1988-04-23
4183035025,경기도,양평군,서종면,정배리,5,1988-04-23
4183035026,경기도,양평군,서종면,명달리,6,1988-04-23
4183035027,경기도,양평군,서종면,노문리,7,1988-04-23
4183035028,경기도,양평군,서종면,수입리,8,1988-04-23
4183036000,경기도,양평군,단월면,,7,1988-04-23
4183036021,경기도,양평군,단월면,보룡리,1,1988-04-23
4183036022,경기도,양평군,단월면,삼가리,2,1988-04-23
4183036023,경기도,양평군,단월면,봉상리,3,1988-04-23
4183036024,경기도,양평군,단월면,향소리,4,1988-04-23
4183036025,경기도,양평군,단월면,덕수리,5,1988-04-23
4183036026,경기도,양평군,단월면,부안리,6,1988-04-23
4183036027,경기도,양평군,단월면,명성리,7,1988-04-23
4183036028,경기도,양평군,단월면,석산리,8,1988-04-23
4183036029,경기도,양평군,단월면,산음리,9,1988-04-23
4183037000,경기도,양평군,청운면,,8,1988-04-23
4183037021,경기도,양평군,청운면,용두리,1,1988-04-23
4183037022,경기도,양평군,청운면,여물리,2,1988-04-23
4183037023,경기도,양평군,청운면,비룡리,3,1988-04-23
4183037024,경기도,양평군,청운면,가현리,4,1988-04-23
4183037025,경기도,양평군,청운면,갈운리,5,1988-04-23
4183037026,경기도,양평군,청운면,도원리,6,1988-04-23
4183037027,경기도,양평군,청운면,신론리,7,1988-04-23
4183037028,경기도,양평군,청운면,삼성리,8,1988-04-23
4183037029,경기도,양평군,청운면,다대리,9,1988-04-23
4183038000,경기도,양평군,양동면,,9,1988-04-23
4183038021,경기도,양평군,양동면,쌍학리,1,1988-04-23
4183038022,경기도,양평군,양동면,석곡리,2,1988-04-23
4183038023,경기도,양평군,양동면,매월리,3,1988-04-23
4183038024,경기도,양평군,양동면,고송리,4,1988-04-23
4183038025,경기도,양평군,양동면,금왕리,5,1988-04-23
4183038026,경기도,양평군,양동면,계정리,6,1988-04-23
4183038027,경기도,양평군,양동면,삼산리,7,1988-04-23
4183038028,경기도,양평군,양동면,단석리,8,1988-04-23
4183039500,경기도,양평군,지평면,,0,2006-12-01
4183039521,경기도,양평군,지평면,지평리,0,2006-12-01
4183039522,경기도,양평군,지평면,송현리,0,2006-12-01
4183039523,경기도,양평군,지평면,월산리,0,2006-12-01
4183039524,경기도,양평군,지평면,망미리,0,2006-12-01
4183039525,경기도,양평군,지평면,무왕리,0,2006-12-01
4183039526,경기도,양평군,지평면,일신리,0,2006-12-01
4183039527,경기도,양평군,지평면,대평리,0,2006-12-01
4183039528,경기도,양평군,지평면,곡수리,0,2006-12-01
4183039529,경기도,양평군,지평면,수곡리,0,2006-12-01
4183039530,경기도,양평군,지평면,옥현리,0,2006-12-01
4183040000,경기도,양평군,용문면,,11,1988-04-23
4183040021,경기도,양평군,용문면,마룡리,1,1988-04-23
4183040022,경기도,양평군,용문면,화전리,2,1988-04-23
4183040023,경기도,양평군,용문면,삼성리,3,1988-04-23
4183040024,경기도,양평군,용문면,다문리,4,1988-04-23
4183040025,경기도,양평군,용문면,연수리,5,1988-04-23
4183040026,경기도,양평군,용문면,금곡리,6,1988-04-23
4183040027,경기도,양평군,용문면,광탄리,7,1988-04-23
4183040028,경기도,양평군,용문면,망능리,8,1988-04-23
4183040029,경기도,양평군,용문면,중원리,9,1988-04-23
4183040030,경기도,양평군,용문면,조현리,10,1988-04-23
4183040031,경기도,양평군,용문면,덕촌리,11,1988-04-23
4183040032,경기도,양평군,용문면,오촌리,12,1988-04-23
4183040033,경기도,양평군,용문면,신점리,13,1988-04-23
4183041000,경기도,양평군,개군면,,12,1988-04-23
4183041021,경기도,양평군,개군면,하자포리,1,1988-04-23
4183041022,경기도,양평군,개군면,구미리,2,1988-04-23
4183041023,경기도,양평군,개군면,앙덕리,3,1988-04-23
4183041024,경기도,양평군,개군면,석장리,4,1988-04-23
4183041025,경기도,양평군,개군면,공세리,5,1988-04-23
4183041026,경기도,양평군,개군면,불곡리,6,1988-04-23
4183041027,경기도,양평군,개군면,부리,7,1988-04-23
4183041028,경기도,양평군,개군면,자연리,8,1988-04-23
4183041029,경기도,양평군,개군면,내리,9,1988-04-23
4183041030,경기도,양평군,개군면,향리,10,1988-04-23
4183041031,경기도,양평군,개군면,주읍리,11,1988-04-23
4183041032,경기도,양평군,개군면,계전리,12,1988-04-23
4183041033,경기도,양평군,개군면,상자포리,13,1988-04-23
4300000000,충청북도,,,,10,1988-04-23
4311000000,충청북도,청주시,,,1,1988-04-23
4311100000,충청북도,청주시상당구,,,2,1995-01-01
4311110100,충청북도,청주시상당구,영동,,1,1998-02-01
4311110200,충청북도,청주시상당구,북문로1가,,2,1998-02-01
4311110300,충청북도,청주시상당구,북문로2가,,3,1998-02-01
4311110400,충청북도,청주시상당구,북문로3가,,4,1998-02-01
4311110500,충청북도,청주시상당구,남문로1가,,5,1998-02-01
4311110600,충청북도,청주시상당구,남문로2가,,6,1998-02-01
4311110700,충청북도,청주시상당구,문화동,,7,1998-02-01
4311110800,충청북도,청주시상당구,서운동,,8,1998-02-01
4311110900,충청북도,청주시상당구,서문동,,9,1998-02-01
4311111000,충청북도,청주시상당구,남주동,,10,1998-02-01
4311111100,충청북도,청주시상당구,석교동,,11,1998-02-01
4311111200,충청북도,청주시상당구,수동,,12,1998-02-01
4311111700,충청북도,청주시상당구,탑동,,17,1995-01-01
4311111800,충청북도,청주시상당구,대성동,,18,1995-01-01
4311111900,충청북도,청주시상당구,영운동,,19,1995-01-01
4311112000,충청북도,청주시상당구,금천동,,20,1995-01-01
4311112100,충청북도,청주시상당구,용담동,,21,1995-01-01
4311112200,충청북도,청주시상당구,명암동,,22,1995-01-01
4311112300,충청북도,청주시상당구,산성동,,23,1995-01-01
4311112400,충청북도,청주시상당구,용암동,,24,1995-01-01
4311112500,충청북도,청주시상당구,용정동,,25,1995-01-01
4311112600,충청북도,청주시상당구,방서동,,26,1995-01-01
4311112700,충청북도,청주시상당구,평촌동,,27,1995-01-01
4311112800,충청북도,청주시상당구,지북동,,28,1995-01-01
4311112900,충청북도,청주시상당구,운동동,,29,1995-01-01
4311113000,충청북도,청주시상당구,월오동,,30,1995-01-01
4311131000,충청북도,청주시상당구,낭성면,,3,2014-07-01
4311131021,충청북도,청주시상당구,낭성면,관정리,4,2014-07-01
4311131022,충청북도,청주시상당구,낭성면,귀래리,5,2014-07-01
4311131023,충청북도,청주시상당구,낭성면,추정리,6,2014-07-01
4311131024,충청북도,청주시상당구,낭성면,호정리,7,2014-07-01
4311131025,충청북도,청주시상당구,낭성면,이목리,8,2014-07-01
4311131026,충청북도,청주시상당구,낭성면,문박리,9,2014-07-01
4311131027,충청북도,청주시상당구,낭성면,인경리,10,2014-07-01
4311131028,충청북도,청주시상당구,낭성면,지산리,11,2014-07-01
4311131029,충청북도,청주시상당구,낭성면,갈산리,12,2014-07-01
4311131030,충청북도,청주시상당구,낭성면,삼산리,13,2014-07-01
4311131031,충청북도,청주시상당구,낭성면,현암리,14,2014-07-01
4311131032,충청북도,청주시상당구,낭성면,무성리,15,2014-07-01
4311132000,충청북도,청주시상당구,미원면,,16,2014-07-01
4311132021,충청북도,청주시상당구,미원면,미원리,17,2014-07-01
4311132022,충청북도,청주시상당구,미원면,쌍이리,18,2014-07-01
4311132023,충청북도,청주시상당구,미원면,중리,19,2014-07-01
4311132024,충청북도,청주시상당구,미원면,내산리,20,2014-07-01
4311132025,충청북도,청주시상당구,미원면,구방리,21,2014-07-01
4311132026,충청북도,청주시상당구,미원면,기암리(岐岩),22,2014-07-01
4311132027,충청북도,청주시상당구,미원면,운교리,23,2014-07-01
4311132028,충청북도,청주시상당구,미원면,대덕리,24,2014-07-01
4311132029,충청북도,청주시상당구,미원면,운용리,25,2014-07-01
4311132030,충청북도,청주시상당구,미원면,화원리,26,2014-07-01
4311132031,충청북도,청주시상당구,미원면,용곡리,27,2014-07-01
4311132032,충청북도,청주시상당구,미원면,수산리,28,2014-07-01
4311132033,충청북도,청주시상당구,미원면,기암리(基岩),29,2014-07-01
4311132034,충청북도,청주시상당구,미원면,가양리,30,2014-07-01
4311132035,충청북도,청주시상당구,미원면,화창리,31,2014-07-01
4311132036,충청북도,청주시상당구,미원면,종암리,32,2014-07-01
4311132037,충청북도,청주시상당구,미원면,대신리,33,2014-07-01
4311132038,충청북도,청주시상당구,미원면,운암리,34,2014-07-01
4311132039,충청북도,청주시상당구,미원면,옥화리,35,2014-07-01
4311132040,충청북도,청주시상당구,미원면,월용리,36,2014-07-01
4311132041,충청북도,청주시상당구,미원면,금관리,37,2014-07-01
4311132042,충청북도,청주시상당구,미원면,어암리,38,2014-07-01
4311132043,충청북도,청주시상당구,미원면,계원리,39,2014-07-01
4311132044,충청북도,청주시상당구,미원면,성대리,40,2014-07-01
4311133000,충청북도,청주시상당구,가덕면,,41,2014-07-01
4311133021,충청북도,청주시상당구,가덕면,청용리,42,2014-07-01
4311133022,충청북도,청주시상당구,가덕면,행정리,43,2014-07-01
4311133023,충청북도,청주시상당구,가덕면,삼항리,44,2014-07-01
4311133024,충청북도,청주시상당구,가덕면,국전리,45,2014-07-01
4311133025,충청북도,청주시상당구,가덕면,상대리,46,2014-07-01
4311133026,충청북도,청주시상당구,가덕면,노동리,47,2014-07-01
4311133027,충청북도,청주시상당구,가덕면,인차리,48,2014-07-01
4311133028,충청북도,청주시상당구,가덕면,계산리,49,2014-07-01
4311133029,충청북도,청주시상당구,가덕면,수곡리,50,2014-07-01
4311133030,충청북도,청주시상당구,가덕면,시동리,51,2014-07-01
4311133031,충청북도,청주시상당구,가덕면,병암리,52,2014-07-01
4311133032,충청북도,청주시상당구,가덕면,금거리,53,2014-07-01
4311133033,충청북도,청주시상당구,가덕면,상야리,54,2014-07-01
4311133034,충청북도,청주시상당구,가덕면,한계리,55,2014-07-01
4311133035,충청북도,청주시상당구,가덕면,내암리,56,2014-07-01
4311134000,충청북도,청주시상당구,남일면,,57,2014-07-01
4311134021,충청북도,청주시상당구,남일면,송암리,58,2014-07-01
4311134022,충청북도,청주시상당구,남일면,효촌리,59,2014-07-01
4311134023,충청북도,청주시상당구,남일면,문주리,60,2014-07-01
4311134024,충청북도,청주시상당구,남일면,황청리,61,2014-07-01
4311134025,충청북도,청주시상당구,남일면,은행리,62,2014-07-01
4311134026,충청북도,청주시상당구,남일면,두산리,63,2014-07-01
4311134027,충청북도,청주시상당구,남일면,쌍수리,64,2014-07-01
4311134028,충청북도,청주시상당구,남일면,고은리,65,2014-07-01
4311134029,충청북도,청주시상당구,남일면,화당리,66,2014-07-01
4311134030,충청북도,청주시상당구,남일면,가산리,67,2014-07-01
4311134031,충청북도,청주시상당구,남일면,신송리,68,2014-07-01
4311134032,충청북도,청주시상당구,남일면,가중리,69,2014-07-01
4311135000,충청북도,청주시상당구,문의면,,70,2014-07-01
4311135021,충청북도,청주시상당구,문의면,문산리,71,2014-07-01
4311135022,충청북도,청주시상당구,문의면,미천리,72,2014-07-01
4311135023,충청북도,청주시상당구,문의면,남계리,73,2014-07-01
4311135024,충청북도,청주시상당구,문의면,상장리,74,2014-07-01
4311135025,충청북도,청주시상당구,문의면,산덕리,75,2014-07-01
4311135026,충청북도,청주시상당구,문의면,구룡리,76,2014-07-01
4311135027,충청북도,청주시상당구,문의면,괴곡리,77,2014-07-01
4311135028,충청북도,청주시상당구,문의면,문덕리,78,2014-07-01
4311135029,충청북도,청주시상당구,문의면,소전리,79,2014-07-01
4311135030,충청북도,청주시상당구,문의면,후곡리,80,2014-07-01
4311135031,충청북도,청주시상당구,문의면,가호리,81,2014-07-01
4311135032,충청북도,청주시상당구,문의면,신대리,82,2014-07-01
4311135033,충청북도,청주시상당구,문의면,덕유리,83,2014-07-01
4311135034,충청북도,청주시상당구,문의면,품곡리,84,2014-07-01
4311135035,충청북도,청주시상당구,문의면,두모리,85,2014-07-01
4311135036,충청북도,청주시상당구,문의면,도원리,86,2014-07-01
4311135037,충청북도,청주시상당구,문의면,등동리,87,2014-07-01
4311135038,충청북도,청주시상당구,문의면,묘암리,88,2014-07-01
4311135039,충청북도,청주시상당구,문의면,마구리,89,2014-07-01
4311135040,충청북도,청주시상당구,문의면,마동리,90,2014-07-01
4311135041,충청북도,청주시상당구,문의면,염티리,91,2014-07-01
4311135042,충청북도,청주시상당구,문의면,노현리,92,2014-07-01
4311200000,충청북도,청주시서원구,,,2,2014-07-01
4311210100,충청북도,청주시서원구,사직동,,93,2014-07-01
4311210200,충청북도,청주시서원구,사창동,,94,2014-07-01
4311210300,충청북도,청주시서원구,모충동,,95,2014-07-01
4311210400,충청북도,청주시서원구,산남동,,96,2014-07-01
4311210500,충청북도,청주시서원구,미평동,,97,2014-07-01
4311210600,충청북도,청주시서원구,분평동,,98,2014-07-01
4311210700,충청북도,청주시서원구,수곡동,,99,2014-07-01
4311210800,충청북도,청주시서원구,성화동,,100,2014-07-01
4311210900,충청북도,청주시서원구,개신동,,101,2014-07-01
4311211000,충청북도,청주시서원구,죽림동,,102,2014-07-01
4311211100,충청북도,청주시서원구,장성동,,103,2014-07-01
4311211200,충청북도,청주시서원구,장암동,,104,2014-07-01
4311231000,충청북도,청주시서원구,남이면,,105,2014-07-01
4311231021,충청북도,청주시서원구,남이면,척산리,106,2014-07-01
4311231022,충청북도,청주시서원구,남이면,외천리,107,2014-07-01
4311231023,충청북도,청주시서원구,남이면,문동리,108,2014-07-01
4311231024,충청북도,청주시서원구,남이면,척북리,109,2014-07-01
4311231025,충청북도,청주시서원구,남이면,산막리,110,2014-07-01
4311231026,충청북도,청주시서원구,남이면,비룡리,111,2014-07-01
4311231027,충청북도,청주시서원구,남이면,구미리,112,2014-07-01
4311231028,충청북도,청주시서원구,남이면,사동리,113,2014-07-01
4311231029,충청북도,청주시서원구,남이면,갈원리,114,2014-07-01
4311231030,충청북도,청주시서원구,남이면,팔봉리,115,2014-07-01
4311231031,충청북도,청주시서원구,남이면,상발리,116,2014-07-01
4311231032,충청북도,청주시서원구,남이면,구암리,117,2014-07-01
4311231033,충청북도,청주시서원구,남이면,석실리,118,2014-07-01
4311231034,충청북도,청주시서원구,남이면,석판리,119,2014-07-01
4311231035,충청북도,청주시서원구,남이면,대련리,120,2014-07-01
4311231036,충청북도,청주시서원구,남이면,가좌리,121,2014-07-01
4311231037,충청북도,청주시서원구,남이면,양촌리,122,2014-07-01
4311231038,충청북도,청주시서원구,남이면,가마리,123,2014-07-01
4311231039,충청북도,청주시서원구,남이면,수대리,124,2014-07-01
4311231040,충청북도,청주시서원구,남이면,부용외천리,125,2014-07-01
4311232000,충청북도,청주시서원구,현도면,,126,2014-07-01
4311232021,충청북도,청주시서원구,현도면,상삼리,127,2014-07-01
4311232022,충청북도,청주시서원구,현도면,중삼리,128,2014-07-01
4311232023,충청북도,청주시서원구,현도면,죽전리,129,2014-07-01
4311232024,충청북도,청주시서원구,현도면,우록리,130,2014-07-01
4311232025,충청북도,청주시서원구,현도면,시동리,131,2014-07-01
4311232026,충청북도,청주시서원구,현도면,선동리,132,2014-07-01
4311232027,충청북도,청주시서원구,현도면,시목리,133,2014-07-01
4311232028,충청북도,청주시서원구,현도면,중척리,134,2014-07-01
4311232029,충청북도,청주시서원구,현도면,하석리,135,2014-07-01
4311232030,충청북도,청주시서원구,현도면,노산리,136,2014-07-01
4311232031,충청북도,청주시서원구,현도면,달계리,137,2014-07-01
4311232032,충청북도,청주시서원구,현도면,매봉리,138,2014-07-01
4311232033,충청북도,청주시서원구,현도면,양지리,139,2014-07-01
4311232034,충청북도,청주시서원구,현도면,죽암리,140,2014-07-01
4311300000,충청북도,청주시흥덕구,,,3,1995-01-01
4311310400,충청북도,청주시흥덕구,운천동,,4,1995-01-01
4311310500,충청북도,청주시흥덕구,신봉동,,5,1995-01-01
4311311300,충청북도,청주시흥덕구,가경동,,13,1995-01-01
4311311400,충청북도,청주시흥덕구,복대동,,14,1995-01-01
4311311500,충청북도,청주시흥덕구,봉명동,,15,1995-01-01
4311311600,충청북도,청주시흥덕구,송정동,,16,1995-01-01
4311311700,충청북도,청주시흥덕구,강서동,,17,1995-01-01
4311311800,충청북도,청주시흥덕구,석곡동,,18,1995-01-01
4311311900,충청북도,청주시흥덕구,휴암동,,19,1995-01-01
4311312000,충청북도,청주시흥덕구,신전동,,20,1995-01-01
4311312100,충청북도,청주시흥덕구,현암동,,21,1995-01-01
4311312200,충청북도,청주시흥덕구,동막동,,22,1995-01-01
4311312300,충청북도,청주시흥덕구,수의동,,23,1995-01-01
4311312400,충청북도,청주시흥덕구,지동동,,24,1995-01-01
4311312500,충청북도,청주시흥덕구,서촌동,,25,1995-01-01
4311312600,충청북도,청주시흥덕구,신성동,,26,1995-01-01
4311312700,충청북도,청주시흥덕구,평동,,27,1995-01-01
4311312800,충청북도,청주시흥덕구,신대동,,28,1995-01-01
4311312900,충청북도,청주시흥덕구,남촌동,,29,1995-01-01
4311313000,충청북도,청주시흥덕구,내곡동,,30,1995-01-01
4311313100,충청북도,청주시흥덕구,상신동,,31,1995-01-01
4311313200,충청북도,청주시흥덕구,원평동,,32,1995-01-01
4311313300,충청북도,청주시흥덕구,문암동,,33,1995-01-01
4311313400,충청북도,청주시흥덕구,송절동,,34,1995-01-01
4311313500,충청북도,청주시흥덕구,화계동,,35,1995-01-01
4311313600,충청북도,청주시흥덕구,외북동,,36,1995-01-01
4311313700,충청북도,청주시흥덕구,향정동,,37,1995-01-01
4311313800,충청북도,청주시흥덕구,비하동,,38,1995-01-01
4311313900,충청북도,청주시흥덕구,석소동,,39,1995-01-01
4311314000,충청북도,청주시흥덕구,정봉동,,40,1995-01-01
4311314100,충청북도,청주시흥덕구,신촌동,,41,1995-01-01
4311325000,충청북도,청주시흥덕구,오송읍,,141,2014-07-01
4311325021,충청북도,청주시흥덕구,오송읍,호계리,142,2014-07-01
4311325022,충청북도,청주시흥덕구,오송읍,상정리,143,2014-07-01
4311325023,충청북도,청주시흥덕구,오송읍,공북리,144,2014-07-01
4311325024,충청북도,청주시흥덕구,오송읍,쌍청리,145,2014-07-01
4311325025,충청북도,청주시흥덕구,오송읍,만수리,146,2014-07-01
4311325026,충청북도,청주시흥덕구,오송읍,연제리,147,2014-07-01
4311325027,충청북도,청주시흥덕구,오송읍,궁평리,148,2014-07-01
4311325028,충청북도,청주시흥덕구,오송읍,오송리,149,2014-07-01
4311325029,충청북도,청주시흥덕구,오송읍,동평리,150,2014-07-01
4311325030,충청북도,청주시흥덕구,오송읍,서평리,151,2014-07-01
4311325031,충청북도,청주시흥덕구,오송읍,봉산리,152,2014-07-01
4311325032,충청북도,청주시흥덕구,오송읍,정중리,153,2014-07-01
4311325033,충청북도,청주시흥덕구,오송읍,상봉리,154,2014-07-01
4311331000,충청북도,청주시흥덕구,강내면,,155,2014-07-01
4311331021,충청북도,청주시흥덕구,강내면,연정리,156,2014-07-01
4311331022,충청북도,청주시흥덕구,강내면,궁현리,157,2014-07-01
4311331023,충청북도,청주시흥덕구,강내면,저산리,158,2014-07-01
4311331024,충청북도,청주시흥덕구,강내면,당곡리,159,2014-07-01
4311331025,충청북도,청주시흥덕구,강내면,산단리,160,2014-07-01
4311331026,충청북도,청주시흥덕구,강내면,다락리,161,2014-07-01
4311331027,충청북도,청주시흥덕구,강내면,태성리,162,2014-07-01
4311331028,충청북도,청주시흥덕구,강내면,사곡리,163,2014-07-01
4311331029,충청북도,청주시흥덕구,강내면,황탄리,164,2014-07-01
4311331030,충청북도,청주시흥덕구,강내면,월탄리,165,2014-07-01
4311331031,충청북도,청주시흥덕구,강내면,탑연리,166,2014-07-01
4311331032,충청북도,청주시흥덕구,강내면,석화리,167,2014-07-01
4311331033,충청북도,청주시흥덕구,강내면,사인리,168,2014-07-01
4311331034,충청북도,청주시흥덕구,강내면,월곡리,169,2014-07-01
4311331035,충청북도,청주시흥덕구,강내면,학천리,170,2014-07-01
4311332000,충청북도,청주시흥덕구,옥산면,,171,2014-07-01
4311332021,충청북도,청주시흥덕구,옥산면,오산리,172,2014-07-01
4311332022,충청북도,청주시흥덕구,옥산면,덕촌리,173,2014-07-01
4311332023,충청북도,청주시흥덕구,옥산면,신촌리,174,2014-07-01
4311332024,충청북도,청주시흥덕구,옥산면,환희리,175,2014-07-01
4311332025,충청북도,청주시흥덕구,옥산면,가락리,176,2014-07-01
4311332026,충청북도,청주시흥덕구,옥산면,동림리,177,2014-07-01
4311332027,충청북도,청주시흥덕구,옥산면,금계리,178,2014-07-01
4311332028,충청북도,청주시흥덕구,옥산면,장동리,179,2014-07-01
4311332029,충청북도,청주시흥덕구,옥산면,사정리,180,2014-07-01
4311332030,충청북도,청주시흥덕구,옥산면,수락리,181,2014-07-01
4311332031,충청북도,청주시흥덕구,옥산면,장남리,182,2014-07-01
4311332032,충청북도,청주시흥덕구,옥산면,호죽리,183,2014-07-01
4311332033,충청북도,청주시흥덕구,옥산면,남촌리,184,2014-07-01
4311332034,충청북도,청주시흥덕구,옥산면,소로리,185,2014-07-01
4311332035,충청북도,청주시흥덕구,옥산면,국사리,186,2014-07-01
4311400000,충청북도,청주시청원구,,,1,2014-07-01
4311410100,충청북도,청주시청원구,우암동,,187,2014-07-01
4311410200,충청북도,청주시청원구,내덕동,,188,2014-07-01
4311410300,충청북도,청주시청원구,율량동,,189,2014-07-01
4311410400,충청북도,청주시청원구,사천동,,190,2014-07-01
4311410500,충청북도,청주시청원구,주성동,,191,2014-07-01
4311410600,충청북도,청주시청원구,주중동,,192,2014-07-01
4311410700,충청북도,청주시청원구,정상동,,193,2014-07-01
4311410800,충청북도,청주시청원구,정하동,,194,2014-07-01
4311410900,충청북도,청주시청원구,정북동,,195,2014-07-01
4311411000,충청북도,청주시청원구,오동동,,196,2014-07-01
4311411100,충청북도,청주시청원구,외남동,,197,2014-07-01
4311411200,충청북도,청주시청원구,외평동,,198,2014-07-01
4311411300,충청북도,청주시청원구,외하동,,199,2014-07-01
4311425000,충청북도,청주시청원구,내수읍,,200,2014-07-01
4311425021,충청북도,청주시청원구,내수읍,내수리,201,2014-07-01
4311425022,충청북도,청주시청원구,내수읍,마산리,202,2014-07-01
4311425023,충청북도,청주시청원구,내수읍,풍정리,203,2014-07-01
4311425024,충청북도,청주시청원구,내수읍,덕암리,204,2014-07-01
4311425025,충청북도,청주시청원구,내수읍,도원리,205,2014-07-01
4311425026,충청북도,청주시청원구,내수읍,형동리,206,2014-07-01
4311425027,충청북도,청주시청원구,내수읍,세교리,207,2014-07-01
4311425028,충청북도,청주시청원구,내수읍,비상리,208,2014-07-01
4311425029,충청북도,청주시청원구,내수읍,저곡리,209,2014-07-01
4311425030,충청북도,청주시청원구,내수읍,우산리,210,2014-07-01
4311425031,충청북도,청주시청원구,내수읍,초정리,211,2014-07-01
4311425032,충청북도,청주시청원구,내수읍,비중리,212,2014-07-01
4311425033,충청북도,청주시청원구,내수읍,구성리,213,2014-07-01
4311425034,충청북도,청주시청원구,내수읍,국동리,214,2014-07-01
4311425035,충청북도,청주시청원구,내수읍,묵방리,215,2014-07-01
4311425036,충청북도,청주시청원구,내수읍,은곡리,216,2014-07-01
4311425037,충청북도,청주시청원구,내수읍,원통리,217,2014-07-01
4311425038,충청북도,청주시청원구,내수읍,신안리,218,2014-07-01
4311425039,충청북도,청주시청원구,내수읍,입동리,219,2014-07-01
4311425040,충청북도,청주시청원구,내수읍,입상리,220,2014-07-01
4311425041,충청북도,청주시청원구,내수읍,학평리,221,2014-07-01
4311425300,충청북도,청주시청원구,오창읍,,222,2014-07-01
4311425321,충청북도,청주시청원구,오창읍,여천리,223,2014-07-01
4311425322,충청북도,청주시청원구,오창읍,화산리(華山),224,2014-07-01
4311425323,충청북도,청주시청원구,오창읍,유리,225,2014-07-01
4311425324,충청북도,청주시청원구,오창읍,일신리,226,2014-07-01
4311425325,충청북도,청주시청원구,오창읍,모정리,227,2014-07-01
4311425326,충청북도,청주시청원구,오창읍,학소리,228,2014-07-01
4311425327,충청북도,청주시청원구,오창읍,원리,229,2014-07-01
4311425328,충청북도,청주시청원구,오창읍,복현리,230,2014-07-01
4311425329,충청북도,청주시청원구,오창읍,양지리,231,2014-07-01
4311425330,충청북도,청주시청원구,오창읍,장대리,232,2014-07-01
4311425331,충청북도,청주시청원구,오창읍,창리,233,2014-07-01
4311425332,충청북도,청주시청원구,오창읍,주성리,234,2014-07-01
4311425333,충청북도,청주시청원구,오창읍,송대리,235,2014-07-01
4311425334,충청북도,청주시청원구,오창읍,도암리,236,2014-07-01
4311425335,충청북도,청주시청원구,오창읍,괴정리,237,2014-07-01
4311425336,충청북도,청주시청원구,오창읍,가곡리,238,2014-07-01
4311425337,충청북도,청주시청원구,오창읍,석우리,239,2014-07-01
4311425338,충청북도,청주시청원구,오창읍,상평리,240,2014-07-01
4311425339,충청북도,청주시청원구,오창읍,기암리,241,2014-07-01
4311425340,충청북도,청주시청원구,오창읍,탑리,242,2014-07-01
4311425341,충청북도,청주시청원구,오창읍,농소리,243,2014-07-01
4311425342,충청북도,청주시청원구,오창읍,신평리,244,2014-07-01
4311425343,충청북도,청주시청원구,오창읍,중신리,245,2014-07-01
4311425344,충청북도,청주시청원구,오창읍,각리,246,2014-07-01
4311425345,충청북도,청주시청원구,오창읍,양청리,247,2014-07-01
4311425346,충청북도,청주시청원구,오창읍,구룡리,248,2014-07-01
4311425347,충청북도,청주시청원구,오창읍,성산리,249,2014-07-01
4311425348,충청북도,청주시청원구,오창읍,후기리,250,2014-07-01
4311425349,충청북도,청주시청원구,오창읍,용두리,251,2014-07-01
4311425350,충청북도,청주시청원구,오창읍,화산리(花山),252,2014-07-01
4311425351,충청북도,청주시청원구,오창읍,가좌리,253,2014-07-01
4311425352,충청북도,청주시청원구,오창읍,두릉리,254,2014-07-01
4311425353,충청북도,청주시청원구,오창읍,성재리,255,2014-07-01
4311425354,충청북도,청주시청원구,오창읍,백현리,256,2014-07-01
4311431000,충청북도,청주시청원구,북이면,,257,2014-07-01
4311431021,충청북도,청주시청원구,북이면,신기리,258,2014-07-01
4311431022,충청북도,청주시청원구,북이면,신대리,259,2014-07-01
4311431023,충청북도,청주시청원구,북이면,현암리,260,2014-07-01
4311431024,충청북도,청주시청원구,북이면,서당리,261,2014-07-01
4311431025,충청북도,청주시청원구,북이면,대길리,262,2014-07-01
4311431026,충청북도,청주시청원구,북이면,석화리,263,2014-07-01
4311431027,충청북도,청주시청원구,북이면,영하리,264,2014-07-01
4311431028,충청북도,청주시청원구,북이면,선암리,265,2014-07-01
4311431029,충청북도,청주시청원구,북이면,호명리,266,2014-07-01
4311431030,충청북도,청주시청원구,북이면,부연리,267,2014-07-01
4311431031,충청북도,청주시청원구,북이면,토성리,268,2014-07-01
4311431032,충청북도,청주시청원구,북이면,장재리,269,2014-07-01
4311431033,충청북도,청주시청원구,북이면,금암리,270,2014-07-01
4311431034,충청북도,청주시청원구,북이면,광암리,271,2014-07-01
4311431035,충청북도,청주시청원구,북이면,금대리,272,2014-07-01
4311431036,충청북도,청주시청원구,북이면,옥수리,273,2014-07-01
4311431037,충청북도,청주시청원구,북이면,내추리,274,2014-07-01
4311431038,충청북도,청주시청원구,북이면,추학리,275,2014-07-01
4311431039,충청북도,청주시청원구,북이면,장양리,276,2014-07-01
4311431040,충청북도,청주시청원구,북이면,용계리,277,2014-07-01
4311431041,충청북도,청주시청원구,북이면,대율리,278,2014-07-01
4311431042,충청북도,청주시청원구,북이면,석성리,279,2014-07-01
4311431043,충청북도,청주시청원구,북이면,내둔리,280,2014-07-01
4311431044,충청북도,청주시청원구,북이면,화상리,281,2014-07-01
4311431045,충청북도,청주시청원구,북이면,화하리,282,2014-07-01
4311431046,충청북도,청주시청원구,북이면,송정리,283,2014-07-01
4313000000,충청북도,충주시,,,4,1988-04-23
4313010100,충청북도,충주시,성내동,,1,1998-09-30
4313010200,충청북도,충주시,성남동,,2,1998-09-30
4313010300,충청북도,충주시,성서동,,3,1998-09-30
4313010400,충청북도,충주시,충인동,,4,1998-09-30
4313010500,충청북도,충주시,교현동,,5,1998-09-30
4313010600,충청북도,충주시,용산동,,6,1988-04-23
4313010700,충청북도,충주시,호암동,,7,1988-04-23
4313010800,충청북도,충주시,직동,,8,1988-04-23
4313010900,충청북도,충주시,단월동,,9,1998-09-30
4313011000,충청북도,충주시,풍동,,10,1998-09-30
4313011100,충청북도,충주시,가주동,,11,1998-09-30
4313011200,충청북도,충주시,용관동,,12,1998-09-30
4313011300,충청북도,충주시,용두동,,13,1998-09-30
4313011400,충청북도,충주시,달천동,,14,1998-09-30
4313011500,충청북도,충주시,봉방동,,15,1988-04-23
4313011600,충청북도,충주시,칠금동,,16,1988-04-23
4313011800,충청북도,충주시,연수동,,18,1988-04-23
4313011900,충청북도,충주시,목행동,,19,1988-04-23
4313012000,충청북도,충주시,용탄동,,20,1988-04-23
4313012100,충청북도,충주시,종민동,,21,1998-09-30
4313012200,충청북도,충주시,안림동,,22,1998-09-30
4313012300,충청북도,충주시,목벌동,,23,1998-09-30
4313012400,충청북도,충주시,충의동,,24,1998-09-30
4313012500,충청북도,충주시,지현동,,25,1988-04-23
4313012700,충청북도,충주시,문화동,,26,1992-06-04
4313012800,충청북도,충주시,금릉동,,0,2007-01-01
4313025000,충청북도,충주시,주덕읍,,27,1995-03-02
4313025021,충청북도,충주시,주덕읍,신양리,1,1995-03-02
4313025022,충청북도,충주시,주덕읍,창전리,2,1995-03-02
4313025023,충청북도,충주시,주덕읍,대곡리,3,1995-03-02
4313025024,충청북도,충주시,주덕읍,삼청리,4,1995-03-02
4313025025,충청북도,충주시,주덕읍,신중리,5,1995-03-02
4313025026,충청북도,충주시,주덕읍,화곡리,6,1995-03-02
4313025027,충청북도,충주시,주덕읍,사락리,7,1995-03-02
4313025028,충청북도,충주시,주덕읍,제내리,8,1995-03-02
4313025029,충청북도,충주시,주덕읍,장록리,9,1995-03-02
4313025030,충청북도,충주시,주덕읍,덕련리,10,1995-03-02
4313025031,충청북도,충주시,주덕읍,당우리,11,1995-03-02
4313031000,충청북도,충주시,살미면,,28,1995-01-01
4313031021,충청북도,충주시,살미면,세성리,1,1995-01-01
4313031022,충청북도,충주시,살미면,문화리,2,1995-01-01
4313031023,충청북도,충주시,살미면,재오개리,3,1995-01-01
4313031024,충청북도,충주시,살미면,무릉리,4,1995-01-01
4313031025,충청북도,충주시,살미면,신당리,5,1995-01-01
4313031026,충청북도,충주시,살미면,신매리,6,1995-01-01
4313031027,충청북도,충주시,살미면,공이리,7,1995-01-01
4313031028,충청북도,충주시,살미면,내사리,8,1995-01-01
4313031029,충청북도,충주시,살미면,용천리,9,1995-01-01
4313031030,충청북도,충주시,살미면,설운리,10,1995-01-01
4313031031,충청북도,충주시,살미면,향산리,11,1995-01-01
4313031032,충청북도,충주시,살미면,문강리,12,1995-01-01
4313031033,충청북도,충주시,살미면,토계리,13,1995-01-01
4313032500,충청북도,충주시,수안보면,,1,2005-04-01
4313032521,충청북도,충주시,수안보면,온천리,1,2005-04-01
4313032522,충청북도,충주시,수안보면,안보리,2,2005-04-01
4313032523,충청북도,충주시,수안보면,화천리,3,2005-04-01
4313032524,충청북도,충주시,수안보면,사문리,4,2005-04-01
4313032525,충청북도,충주시,수안보면,미륵리,5,2005-04-01
4313032526,충청북도,충주시,수안보면,고운리,6,2005-04-01
4313032527,충청북도,충주시,수안보면,중산리,7,2005-04-01
4313032528,충청북도,충주시,수안보면,수회리,8,2005-04-01
4313033500,충청북도,충주시,대소원면,,,2012-01-01
4313033521,충청북도,충주시,대소원면,대소리,1,2012-01-01
4313033522,충청북도,충주시,대소원면,금곡리,2,2012-01-01
4313033523,충청북도,충주시,대소원면,장성리,3,2012-01-01
4313033524,충청북도,충주시,대소원면,만정리,4,2012-01-01
4313033525,충청북도,충주시,대소원면,두정리,5,2012-01-01
4313033526,충청북도,충주시,대소원면,탄용리,6,2012-01-01
4313033527,충청북도,충주시,대소원면,매현리,7,2012-01-01
4313033528,충청북도,충주시,대소원면,문주리,8,2012-01-01
4313033529,충청북도,충주시,대소원면,검단리,9,2012-01-01
4313033530,충청북도,충주시,대소원면,완오리,10,2012-01-01
4313033531,충청북도,충주시,대소원면,본리,11,2012-01-01
4313033532,충청북도,충주시,대소원면,영평리,12,2012-01-01
4313035000,충청북도,충주시,신니면,,31,1995-01-01
4313035021,충청북도,충주시,신니면,용원리,1,1995-01-01
4313035022,충청북도,충주시,신니면,화석리,2,1995-01-01
4313035023,충청북도,충주시,신니면,신청리,3,1995-01-01
4313035024,충청북도,충주시,신니면,문숭리,4,1995-01-01
4313035025,충청북도,충주시,신니면,문락리,5,1995-01-01
4313035026,충청북도,충주시,신니면,모남리,6,1995-01-01
4313035027,충청북도,충주시,신니면,광월리,7,1995-01-01
4313035028,충청북도,충주시,신니면,대화리,8,1995-01-01
4313035029,충청북도,충주시,신니면,송암리,9,1995-01-01
4313035030,충청북도,충주시,신니면,선당리,10,1995-01-01
4313035031,충청북도,충주시,신니면,원평리,11,1995-01-01
4313035032,충청북도,충주시,신니면,마수리,12,1995-01-01
4313035033,충청북도,충주시,신니면,화안리,13,1995-01-01
4313035034,충청북도,충주시,신니면,견학리,14,1995-01-01
4313036000,충청북도,충주시,노은면,,32,1995-01-01
4313036021,충청북도,충주시,노은면,연하리,1,1995-01-01
4313036022,충청북도,충주시,노은면,법동리,2,1995-01-01
4313036023,충청북도,충주시,노은면,안락리,3,1995-01-01
4313036024,충청북도,충주시,노은면,대덕리,4,1995-01-01
4313036025,충청북도,충주시,노은면,가신리,5,1995-01-01
4313036026,충청북도,충주시,노은면,문성리,6,1995-01-01
4313036027,충청북도,충주시,노은면,신효리,7,1995-01-01
4313036028,충청북도,충주시,노은면,수룡리,8,1995-01-01
4313037000,충청북도,충주시,앙성면,,33,1995-01-01
4313037021,충청북도,충주시,앙성면,용포리,1,1995-01-01
4313037022,충청북도,충주시,앙성면,영죽리,2,1995-01-01
4313037023,충청북도,충주시,앙성면,강천리,3,1995-01-01
4313037024,충청북도,충주시,앙성면,단암리,4,1995-01-01
4313037025,충청북도,충주시,앙성면,중전리,5,1995-01-01
4313037026,충청북도,충주시,앙성면,모점리,6,1995-01-01
4313037027,충청북도,충주시,앙성면,목미리,7,1995-01-01
4313037028,충청북도,충주시,앙성면,지당리,8,1995-01-01
4313037029,충청북도,충주시,앙성면,본평리,9,1995-01-01
4313037030,충청북도,충주시,앙성면,용대리,10,1995-01-01
4313037031,충청북도,충주시,앙성면,마련리,11,1995-01-01
4313037032,충청북도,충주시,앙성면,사미리,12,1995-01-01
4313037033,충청북도,충주시,앙성면,돈산리,13,1995-01-01
4313037034,충청북도,충주시,앙성면,능암리,14,1995-01-01
4313037035,충청북도,충주시,앙성면,조천리,15,1995-01-01
4313038500,충청북도,충주시,중앙탑면,,34,2014-02-01
4313038521,충청북도,충주시,중앙탑면,탑평리,1,2014-02-01
4313038522,충청북도,충주시,중앙탑면,봉황리,2,2014-02-01
4313038523,충청북도,충주시,중앙탑면,가흥리,3,2014-02-01
4313038524,충청북도,충주시,중앙탑면,장천리,4,2014-02-01
4313038525,충청북도,충주시,중앙탑면,하구암리,5,2014-02-01
4313038526,충청북도,충주시,중앙탑면,용전리,6,2014-02-01
4313038527,충청북도,충주시,중앙탑면,루암리,7,2014-02-01
4313038528,충청북도,충주시,중앙탑면,창동리,8,2014-02-01
4313039000,충청북도,충주시,금가면,,35,1995-01-01
4313039021,충청북도,충주시,금가면,하담리,1,1995-01-01
4313039022,충청북도,충주시,금가면,잠병리,2,1995-01-01
4313039023,충청북도,충주시,금가면,유송리,3,1995-01-01
4313039024,충청북도,충주시,금가면,매하리,4,1995-01-01
4313039025,충청북도,충주시,금가면,월상리,5,1995-01-01
4313039026,충청북도,충주시,금가면,문산리,6,1995-01-01
4313039027,충청북도,충주시,금가면,원포리,7,1995-01-01
4313039028,충청북도,충주시,금가면,오석리,8,1995-01-01
4313039029,충청북도,충주시,금가면,사암리,9,1995-01-01
4313039030,충청북도,충주시,금가면,도촌리,10,1995-01-01
4313040000,충청북도,충주시,동량면,,36,1995-01-01
4313040021,충청북도,충주시,동량면,조동리,1,1995-01-01
4313040022,충청북도,충주시,동량면,화암리,2,1995-01-01
4313040023,충청북도,충주시,동량면,지동리,3,1995-01-01
4313040024,충청북도,충주시,동량면,하천리,4,1995-01-01
4313040025,충청북도,충주시,동량면,손동리,5,1995-01-01
4313040026,충청북도,충주시,동량면,용교리,6,1995-01-01
4313040027,충청북도,충주시,동량면,대전리,7,1995-01-01
4313040028,충청북도,충주시,동량면,서운리,8,1995-01-01
4313040029,충청북도,충주시,동량면,포탄리,9,1995-01-01
4313040030,충청북도,충주시,동량면,함암리,10,1995-01-01
4313040031,충청북도,충주시,동량면,명오리,11,1995-01-01
4313040032,충청북도,충주시,동량면,사기리,12,1995-01-01
4313040033,충청북도,충주시,동량면,호운리,13,1995-01-01
4313041000,충청북도,충주시,산척면,,37,1995-01-01
4313041021,충청북도,충주시,산척면,송강리,1,1995-01-01
4313041022,충청북도,충주시,산척면,영덕리,2,1995-01-01
4313041023,충청북도,충주시,산척면,명서리,3,1995-01-01
4313041024,충청북도,충주시,산척면,석천리,4,1995-01-01
4313042000,충청북도,충주시,엄정면,,38,1995-01-01
4313042021,충청북도,충주시,엄정면,용산리,1,1995-01-01
4313042022,충청북도,충주시,엄정면,율능리,2,1995-01-01
4313042023,충청북도,충주시,엄정면,목계리,3,1995-01-01
4313042024,충청북도,충주시,엄정면,논강리,4,1995-01-01
4313042025,충청북도,충주시,엄정면,미내리,5,1995-01-01
4313042026,충청북도,충주시,엄정면,신만리,6,1995-01-01
4313042027,충청북도,충주시,엄정면,괴동리,7,1995-01-01
4313042028,충청북도,충주시,엄정면,추평리,8,1995-01-01
4313042029,충청북도,충주시,엄정면,원곡리,9,1995-01-01
4313042030,충청북도,충주시,엄정면,유봉리,10,1995-01-01
4313042031,충청북도,충주시,엄정면,가춘리,11,1995-01-01
4313043000,충청북도,충주시,소태면,,39,1995-01-01
4313043021,충청북도,충주시,소태면,오량리,1,1995-01-01
4313043022,충청북도,충주시,소태면,복탄리,2,1995-01-01
4313043023,충청북도,충주시,소태면,덕은리,3,1995-01-01
4313043024,충청북도,충주시,소태면,주치리,4,1995-01-01
4313043025,충청북도,충주시,소태면,구룡리,5,1995-01-01
4313043026,충청북도,충주시,소태면,야동리,6,1995-01-01
4313043027,충청북도,충주시,소태면,동막리,7,1995-01-01
4313043028,충청북도,충주시,소태면,양촌리,8,1995-01-01
4313043029,충청북도,충주시,소태면,중청리,9,1995-01-01
4315000000,충청북도,제천시,,,5,1988-04-23
4315010100,충청북도,제천시,의림동,,1,1988-04-23
4315010200,충청북도,제천시,서부동,,2,1988-04-23
4315010300,충청북도,제천시,동현동,,3,1988-04-23
4315010400,충청북도,제천시,남천동,,4,1998-09-25
4315010500,충청북도,제천시,교동,,5,1988-04-23
4315010600,충청북도,제천시,중앙로1가,,6,1988-04-23
4315010700,충청북도,제천시,중앙로2가,,7,1988-04-23
4315010800,충청북도,제천시,명동,,8,1988-04-23
4315010900,충청북도,제천시,화산동,,9,1998-09-25
4315011000,충청북도,제천시,영천동,,10,1998-09-25
4315011100,충청북도,제천시,하소동,,11,1988-04-23
4315011200,충청북도,제천시,신월동,,12,1988-04-23
4315011300,충청북도,제천시,청전동,,13,1988-04-23
4315011400,충청북도,제천시,모산동,,14,1988-04-23
4315011500,충청북도,제천시,고암동,,15,1988-04-23
4315011600,충청북도,제천시,장락동,,16,1988-04-23
4315011700,충청북도,제천시,흑석동,,17,1998-09-25
4315011800,충청북도,제천시,두학동,,18,1998-09-25
4315011900,충청북도,제천시,고명동,,19,1988-04-23
4315012000,충청북도,제천시,신백동,,20,1988-04-23
4315012100,충청북도,제천시,강제동,,21,1998-09-25
4315012200,충청북도,제천시,명지동,,22,1998-09-25
4315012300,충청북도,제천시,산곡동,,23,1998-09-25
4315012400,충청북도,제천시,왕암동,,24,1988-04-23
4315012500,충청북도,제천시,천남동,,25,1998-09-25
4315012600,충청북도,제천시,신동,,26,1998-09-25
4315012700,충청북도,제천시,자작동,,27,1998-09-25
4315012800,충청북도,제천시,대랑동,,28,1989-01-01
4315025000,충청북도,제천시,봉양읍,,29,1995-03-02
4315025021,충청북도,제천시,봉양읍,주포리,1,1995-03-02
4315025022,충청북도,제천시,봉양읍,장평리,2,1995-03-02
4315025023,충청북도,제천시,봉양읍,미당리,3,1995-03-02
4315025024,충청북도,제천시,봉양읍,명도리,4,1995-03-02
4315025025,충청북도,제천시,봉양읍,봉양리,5,1995-03-02
4315025026,충청북도,제천시,봉양읍,명암리,6,1995-03-02
4315025027,충청북도,제천시,봉양읍,학산리,7,1995-03-02
4315025028,충청북도,제천시,봉양읍,옥전리,8,1995-03-02
4315025029,충청북도,제천시,봉양읍,구학리,9,1995-03-02
4315025030,충청북도,제천시,봉양읍,팔송리,10,1995-03-02
4315025031,충청북도,제천시,봉양읍,연박리,11,1995-03-02
4315025032,충청북도,제천시,봉양읍,원박리,12,1995-03-02
4315025033,충청북도,제천시,봉양읍,구곡리,13,1995-03-02
4315025034,충청북도,제천시,봉양읍,공전리,14,1995-03-02
4315025035,충청북도,제천시,봉양읍,마곡리,15,1995-03-02
4315025036,충청북도,제천시,봉양읍,삼거리,16,1995-03-02
4315031000,충청북도,제천시,금성면,,30,1995-01-01
4315031021,충청북도,제천시,금성면,구룡리,1,1995-01-01
4315031022,충청북도,제천시,금성면,성내리,2,1995-01-01
4315031023,충청북도,제천시,금성면,월굴리,3,1995-01-01
4315031024,충청북도,제천시,금성면,중전리,4,1995-01-01
4315031025,충청북도,제천시,금성면,포전리,5,1995-01-01
4315031026,충청북도,제천시,금성면,활산리,6,1995-01-01
4315031027,충청북도,제천시,금성면,사곡리,7,1995-01-01
4315031028,충청북도,제천시,금성면,적덕리,8,1995-01-01
4315031029,충청북도,제천시,금성면,진리,9,1995-01-01
4315031030,충청북도,제천시,금성면,월림리,10,1995-01-01
4315031031,충청북도,제천시,금성면,위림리,11,1995-01-01
4315031032,충청북도,제천시,금성면,양화리,12,1995-01-01
4315031033,충청북도,제천시,금성면,대장리,13,1995-01-01
4315031034,충청북도,제천시,금성면,동막리,14,1995-01-01
4315032000,충청북도,제천시,청풍면,,31,1995-01-01
4315032021,충청북도,제천시,청풍면,읍리,1,1995-01-01
4315032022,충청북도,제천시,청풍면,연곡리,2,1995-01-01
4315032023,충청북도,제천시,청풍면,광의리,3,1995-01-01
4315032024,충청북도,제천시,청풍면,계산리,4,1995-01-01
4315032025,충청북도,제천시,청풍면,황석리,5,1995-01-01
4315032026,충청북도,제천시,청풍면,후산리,6,1995-01-01
4315032027,충청북도,제천시,청풍면,사오리,7,1995-01-01
4315032028,충청북도,제천시,청풍면,부산리,8,1995-01-01
4315032029,충청북도,제천시,청풍면,장선리,9,1995-01-01
4315032030,충청북도,제천시,청풍면,단돈리,10,1995-01-01
4315032031,충청북도,제천시,청풍면,방흥리,11,1995-01-01
4315032032,충청북도,제천시,청풍면,오산리,12,1995-01-01
4315032033,충청북도,제천시,청풍면,진목리,13,1995-01-01
4315032034,충청북도,제천시,청풍면,양평리,14,1995-01-01
4315032035,충청북도,제천시,청풍면,도곡리,15,1995-01-01
4315032036,충청북도,제천시,청풍면,대류리,16,1995-01-01
4315032037,충청북도,제천시,청풍면,신리,17,1995-01-01
4315032038,충청북도,제천시,청풍면,용곡리,18,1995-01-01
4315032039,충청북도,제천시,청풍면,연론리,19,1995-01-01
4315032040,충청북도,제천시,청풍면,단리,20,1995-01-01
4315032041,충청북도,제천시,청풍면,물태리,21,1995-01-01
4315032042,충청북도,제천시,청풍면,도리,22,1995-01-01
4315032043,충청북도,제천시,청풍면,실리곡리,23,1995-01-01
4315032044,충청북도,제천시,청풍면,북진리,24,1995-01-01
4315032045,충청북도,제천시,청풍면,도화리,25,1995-01-01
4315032046,충청북도,제천시,청풍면,교리,26,1995-01-01
4315032047,충청북도,제천시,청풍면,학현리,27,1995-01-01
4315033000,충청북도,제천시,수산면,,32,1995-01-01
4315033021,충청북도,제천시,수산면,수산리,1,1995-01-01
4315033022,충청북도,제천시,수산면,내리,2,1995-01-01
4315033023,충청북도,제천시,수산면,적곡리,3,1995-01-01
4315033024,충청북도,제천시,수산면,수곡리,4,1995-01-01
4315033025,충청북도,제천시,수산면,수리,5,1995-01-01
4315033026,충청북도,제천시,수산면,대전리,6,1995-01-01
4315033027,충청북도,제천시,수산면,계란리,7,1995-01-01
4315033028,충청북도,제천시,수산면,괴곡리,8,1995-01-01
4315033029,충청북도,제천시,수산면,원대리,9,1995-01-01
4315033030,충청북도,제천시,수산면,다불리,10,1995-01-01
4315033031,충청북도,제천시,수산면,전곡리,11,1995-01-01
4315033032,충청북도,제천시,수산면,구곡리,12,1995-01-01
4315033033,충청북도,제천시,수산면,도전리,13,1995-01-01
4315033034,충청북도,제천시,수산면,율지리,14,1995-01-01
4315033035,충청북도,제천시,수산면,지곡리,15,1995-01-01
4315033036,충청북도,제천시,수산면,서곡리,16,1995-01-01
4315033037,충청북도,제천시,수산면,오티리,17,1995-01-01
4315033038,충청북도,제천시,수산면,성리,18,1995-01-01
4315033039,충청북도,제천시,수산면,상천리,19,1995-01-01
4315033040,충청북도,제천시,수산면,하천리,20,1995-01-01
4315033041,충청북도,제천시,수산면,능강리,21,1995-01-01
4315033042,충청북도,제천시,수산면,고명리,22,1995-01-01
4315034000,충청북도,제천시,덕산면,,33,1995-01-01
4315034021,충청북도,제천시,덕산면,도전리,1,1995-01-01
4315034022,충청북도,제천시,덕산면,성암리,2,1995-01-01
4315034023,충청북도,제천시,덕산면,신현리,3,1995-01-01
4315034024,충청북도,제천시,덕산면,수산리,4,1995-01-01
4315034025,충청북도,제천시,덕산면,월악리,5,1995-01-01
4315034026,충청북도,제천시,덕산면,도기리,6,1995-01-01
4315034027,충청북도,제천시,덕산면,선고리,7,1995-01-01
4315035000,충청북도,제천시,한수면,,34,1995-01-01
4315035021,충청북도,제천시,한수면,황강리,1,1995-01-01
4315035022,충청북도,제천시,한수면,서창리,2,1995-01-01
4315035023,충청북도,제천시,한수면,덕곡리,3,1995-01-01
4315035024,충청북도,제천시,한수면,한천리,4,1995-01-01
4315035025,충청북도,제천시,한수면,역리,5,1995-01-01
4315035026,충청북도,제천시,한수면,북노리,6,1995-01-01
4315035027,충청북도,제천시,한수면,상노리,7,1995-01-01
4315035028,충청북도,제천시,한수면,탄지리,8,1995-01-01
4315035029,충청북도,제천시,한수면,복평리,9,1995-01-01
4315035030,충청북도,제천시,한수면,송계리,10,1995-01-01
4315036000,충청북도,제천시,백운면,,35,1995-01-01
4315036021,충청북도,제천시,백운면,평동리,1,1995-01-01
4315036022,충청북도,제천시,백운면,운학리,2,1995-01-01
4315036023,충청북도,제천시,백운면,덕동리,3,1995-01-01
4315036024,충청북도,제천시,백운면,화당리,4,1995-01-01
4315036025,충청북도,제천시,백운면,도곡리,5,1995-01-01
4315036026,충청북도,제천시,백운면,방학리,6,1995-01-01
4315036027,충청북도,제천시,백운면,모정리,7,1995-01-01
4315036028,충청북도,제천시,백운면,애련리,8,1995-01-01
4315036029,충청북도,제천시,백운면,원월리,9,1995-01-01
4315038000,충청북도,제천시,송학면,,36,1995-01-01
4315038021,충청북도,제천시,송학면,무도리,1,1995-01-01
4315038022,충청북도,제천시,송학면,장곡리,2,1995-01-01
4315038023,충청북도,제천시,송학면,입석리,3,1995-01-01
4315038024,충청북도,제천시,송학면,시곡리,4,1995-01-01
4315038025,충청북도,제천시,송학면,도화리,5,1995-01-01
4315038026,충청북도,제천시,송학면,포전리,6,1995-01-01
4315038027,충청북도,제천시,송학면,송한리,7,1995-01-01
4315038028,충청북도,제천시,송학면,오미리,8,1995-01-01
4372000000,충청북도,보은군,,,7,1988-04-23
4372025000,충청북도,보은군,보은읍,,1,1988-04-23
4372025021,충청북도,보은군,보은읍,삼산리,1,1988-04-23
4372025022,충청북도,보은군,보은읍,죽전리,2,1988-04-23
4372025023,충청북도,보은군,보은읍,장신리,3,1988-04-23
4372025024,충청북도,보은군,보은읍,교사리,4,1988-04-23
4372025025,충청북도,보은군,보은읍,수정리,5,1988-04-23
4372025026,충청북도,보은군,보은읍,지산리,6,1988-04-23
4372025027,충청북도,보은군,보은읍,금굴리,7,1988-04-23
4372025028,충청북도,보은군,보은읍,월송리,8,1988-04-23
4372025029,충청북도,보은군,보은읍,어암리,9,1988-04-23
4372025030,충청북도,보은군,보은읍,성주리,10,1988-04-23
4372025031,충청북도,보은군,보은읍,이평리,11,1988-04-23
4372025032,충청북도,보은군,보은읍,길상리,12,1988-04-23
4372025033,충청북도,보은군,보은읍,대야리,13,1988-04-23
4372025034,충청북도,보은군,보은읍,누청리,14,1988-04-23
4372025035,충청북도,보은군,보은읍,강신리,15,1988-04-23
4372025036,충청북도,보은군,보은읍,성족리,16,1988-04-23
4372025037,충청북도,보은군,보은읍,종곡리,17,1988-04-23
4372025038,충청북도,보은군,보은읍,학림리,18,1988-04-23
4372025039,충청북도,보은군,보은읍,강산리,19,1988-04-23
4372025040,충청북도,보은군,보은읍,중동리,20,1988-04-23
4372025041,충청북도,보은군,보은읍,신함리,21,1988-04-23
4372025042,충청북도,보은군,보은읍,풍취리,22,1988-04-23
4372025043,충청북도,보은군,보은읍,산성리,23,1988-04-23
4372025044,충청북도,보은군,보은읍,중초리,24,1988-04-23
4372025045,충청북도,보은군,보은읍,노티리,25,1988-04-23
4372025046,충청북도,보은군,보은읍,용암리,26,1988-04-23
4372025047,충청북도,보은군,보은읍,봉평리,27,1988-04-23
4372025048,충청북도,보은군,보은읍,장속리,28,1988-04-23
4372031500,충청북도,보은군,속리산면,,0,2007-10-01
4372031521,충청북도,보은군,속리산면,상판리,0,2007-10-01
4372031522,충청북도,보은군,속리산면,갈목리,0,2007-10-01
4372031523,충청북도,보은군,속리산면,중판리,0,2007-10-01
4372031524,충청북도,보은군,속리산면,하판리,0,2007-10-01
4372031525,충청북도,보은군,속리산면,북암리,0,2007-10-01
4372031526,충청북도,보은군,속리산면,백현리,0,2007-10-01
4372031527,충청북도,보은군,속리산면,사내리,0,2007-10-01
4372031528,충청북도,보은군,속리산면,삼가리,0,2007-10-01
4372031529,충청북도,보은군,속리산면,구병리,0,2007-10-01
4372031530,충청북도,보은군,속리산면,도화리,0,2007-10-01
4372031531,충청북도,보은군,속리산면,만수리,0,2007-10-01
4372032500,충청북도,보은군,장안면,,0,2007-10-01
4372032522,충청북도,보은군,장안면,서원리,0,2007-10-01
4372032523,충청북도,보은군,장안면,개안리,0,2007-10-01
4372032524,충청북도,보은군,장안면,황곡리,0,2007-10-01
4372032525,충청북도,보은군,장안면,봉비리,0,2007-10-01
4372032526,충청북도,보은군,장안면,불목리,0,2007-10-01
4372032527,충청북도,보은군,장안면,오창리,0,2007-10-01
4372032528,충청북도,보은군,장안면,장재리,0,2007-10-01
4372032529,충청북도,보은군,장안면,구인리,0,2007-10-01
4372032530,충청북도,보은군,장안면,장안리,0,2014-04-01
4372033000,충청북도,보은군,마로면,,4,1988-04-23
4372033021,충청북도,보은군,마로면,관기리,1,1988-04-23
4372033022,충청북도,보은군,마로면,수문리,2,1988-04-23
4372033023,충청북도,보은군,마로면,오천리,3,1988-04-23
4372033024,충청북도,보은군,마로면,세중리,4,1988-04-23
4372033025,충청북도,보은군,마로면,변둔리,5,1988-04-23
4372033026,충청북도,보은군,마로면,소여리,6,1988-04-23
4372033027,충청북도,보은군,마로면,적암리,7,1988-04-23
4372033028,충청북도,보은군,마로면,송현리,8,1988-04-23
4372033029,충청북도,보은군,마로면,기대리,9,1988-04-23
4372033030,충청북도,보은군,마로면,원정리,10,1988-04-23
4372033031,충청북도,보은군,마로면,갈전리,11,1988-04-23
4372033032,충청북도,보은군,마로면,한중리,12,1988-04-23
4372033033,충청북도,보은군,마로면,임곡리,13,1988-04-23
4372033034,충청북도,보은군,마로면,갈평리,14,1988-04-23
4372034000,충청북도,보은군,탄부면,,5,1988-04-23
4372034021,충청북도,보은군,탄부면,하장리,1,1988-04-23
4372034022,충청북도,보은군,탄부면,구암리,2,1988-04-23
4372034023,충청북도,보은군,탄부면,성지리,3,1988-04-23
4372034024,충청북도,보은군,탄부면,덕동리,4,1988-04-23
4372034025,충청북도,보은군,탄부면,매화리,5,1988-04-23
4372034026,충청북도,보은군,탄부면,고승리,6,1988-04-23
4372034027,충청북도,보은군,탄부면,상장리,7,1988-04-23
4372034028,충청북도,보은군,탄부면,대양리,8,1988-04-23
4372034029,충청북도,보은군,탄부면,벽지리,9,1988-04-23
4372034030,충청북도,보은군,탄부면,장암리,10,1988-04-23
4372034031,충청북도,보은군,탄부면,사직리,11,1988-04-23
4372034032,충청북도,보은군,탄부면,평각리,12,1988-04-23
4372034033,충청북도,보은군,탄부면,임한리,13,1988-04-23
4372035000,충청북도,보은군,삼승면,,6,1988-04-23
4372035021,충청북도,보은군,삼승면,원남리,1,1988-04-23
4372035022,충청북도,보은군,삼승면,내망리,2,1988-04-23
4372035023,충청북도,보은군,삼승면,탄금리,3,1988-04-23
4372035024,충청북도,보은군,삼승면,달산리,4,1988-04-23
4372035025,충청북도,보은군,삼승면,송죽리,5,1988-04-23
4372035026,충청북도,보은군,삼승면,선곡리,6,1988-04-23
4372035027,충청북도,보은군,삼승면,천남리,7,1988-04-23
4372035028,충청북도,보은군,삼승면,상가리,8,1988-04-23
4372035029,충청북도,보은군,삼승면,우진리,9,1988-04-23
4372035030,충청북도,보은군,삼승면,둔덕리,10,1988-04-23
4372035031,충청북도,보은군,삼승면,서원리,11,1988-04-23
4372036000,충청북도,보은군,수한면,,7,1988-04-23
4372036021,충청북도,보은군,수한면,병원리,1,1988-04-23
4372036022,충청북도,보은군,수한면,교암리,2,1988-04-23
4372036023,충청북도,보은군,수한면,발산리,3,1988-04-23
4372036024,충청북도,보은군,수한면,소계리,4,1988-04-23
4372036025,충청북도,보은군,수한면,거현리,5,1988-04-23
4372036026,충청북도,보은군,수한면,질신리,6,1988-04-23
4372036027,충청북도,보은군,수한면,오정리,7,1988-04-23
4372036028,충청북도,보은군,수한면,차정리,8,1988-04-23
4372036029,충청북도,보은군,수한면,후평리,9,1988-04-23
4372036030,충청북도,보은군,수한면,성리,10,1988-04-23
4372036031,충청북도,보은군,수한면,묘서리,11,1988-04-23
4372036032,충청북도,보은군,수한면,광촌리,12,1988-04-23
4372036033,충청북도,보은군,수한면,장선리,13,1988-04-23
4372036034,충청북도,보은군,수한면,동정리,14,1988-04-23
4372036035,충청북도,보은군,수한면,산척리,15,1988-04-23
4372036036,충청북도,보은군,수한면,율산리,16,1988-04-23
4372036037,충청북도,보은군,수한면,노성리,17,1988-04-23
4372037000,충청북도,보은군,회남면,,8,1988-04-23
4372037021,충청북도,보은군,회남면,신곡리,1,1988-04-23
4372037022,충청북도,보은군,회남면,금곡리,2,1988-04-23
4372037023,충청북도,보은군,회남면,조곡리,3,1988-04-23
4372037024,충청북도,보은군,회남면,용호리,4,1988-04-23
4372037025,충청북도,보은군,회남면,은운리,5,1988-04-23
4372037026,충청북도,보은군,회남면,송포리,6,1988-04-23
4372037027,충청북도,보은군,회남면,법수리,7,1988-04-23
4372037028,충청북도,보은군,회남면,신추리,8,1988-04-23
4372037029,충청북도,보은군,회남면,거교리,9,1988-04-23
4372037031,충청북도,보은군,회남면,분저리,11,1988-04-23
4372037032,충청북도,보은군,회남면,서탄리,12,1988-04-23
4372037033,충청북도,보은군,회남면,산수리,13,1988-04-23
4372037034,충청북도,보은군,회남면,매산리,14,1988-04-23
4372037035,충청북도,보은군,회남면,어성리,15,1988-04-23
4372037037,충청북도,보은군,회남면,사음리,16,1988-04-23
4372037038,충청북도,보은군,회남면,사탄리,17,1988-04-23
4372037039,충청북도,보은군,회남면,남대문리,18,1988-04-23
4372037040,충청북도,보은군,회남면,광포리,10,2019-04-01
4372038500,충청북도,보은군,회인면,,0,2007-10-01
4372038521,충청북도,보은군,회인면,중앙리,0,2007-10-01
4372038522,충청북도,보은군,회인면,용촌리,0,2007-10-01
4372038523,충청북도,보은군,회인면,신문리,0,2007-10-01
4372038524,충청북도,보은군,회인면,쌍암리,0,2007-10-01
4372038525,충청북도,보은군,회인면,갈티리,0,2007-10-01
4372038526,충청북도,보은군,회인면,건천리,0,2007-10-01
4372038527,충청북도,보은군,회인면,부수리,0,2007-10-01
4372038528,충청북도,보은군,회인면,송평리,0,2007-10-01
4372038529,충청북도,보은군,회인면,오동리,0,2007-10-01
4372038530,충청북도,보은군,회인면,고석리,0,2007-10-01
4372038531,충청북도,보은군,회인면,애곡리,0,2007-10-01
4372038532,충청북도,보은군,회인면,눌곡리,0,2007-10-01
4372038533,충청북도,보은군,회인면,죽암리,0,2007-10-01
4372038534,충청북도,보은군,회인면,신대리,0,2007-10-01
4372038535,충청북도,보은군,회인면,용곡리,0,2007-10-01
4372039000,충청북도,보은군,내북면,,10,1988-04-23
4372039021,충청북도,보은군,내북면,이원리,1,1988-04-23
4372039022,충청북도,보은군,내북면,성티리,2,1988-04-23
4372039023,충청북도,보은군,내북면,봉황리,3,1988-04-23
4372039024,충청북도,보은군,내북면,창리,4,1988-04-23
4372039025,충청북도,보은군,내북면,도원리,5,1988-04-23
4372039026,충청북도,보은군,내북면,염둔리,6,1988-04-23
4372039027,충청북도,보은군,내북면,대안리,7,1988-04-23
4372039028,충청북도,보은군,내북면,용수리,8,1988-04-23
4372039029,충청북도,보은군,내북면,적음리,9,1988-04-23
4372039030,충청북도,보은군,내북면,성암리,10,1988-04-23
4372039031,충청북도,보은군,내북면,동산리,11,1988-04-23
4372039032,충청북도,보은군,내북면,화전리,12,1988-04-23
4372039033,충청북도,보은군,내북면,법주리,13,1988-04-23
4372039034,충청북도,보은군,내북면,아곡리,14,1988-04-23
4372039035,충청북도,보은군,내북면,상궁리,15,1988-04-23
4372039036,충청북도,보은군,내북면,신궁리,16,1988-04-23
4372039037,충청북도,보은군,내북면,하궁리,17,1988-04-23
4372039038,충청북도,보은군,내북면,두평리,18,1988-04-23
4372039039,충청북도,보은군,내북면,서지리,19,1988-04-23
4372039040,충청북도,보은군,내북면,세촌리,20,1988-04-23
4372040000,충청북도,보은군,산외면,,11,1988-04-23
4372040021,충청북도,보은군,산외면,구티리,1,1988-04-23
4372040022,충청북도,보은군,산외면,봉계리,2,1988-04-23
4372040023,충청북도,보은군,산외면,문암리,3,1988-04-23
4372040024,충청북도,보은군,산외면,장갑리,4,1988-04-23
4372040025,충청북도,보은군,산외면,대원리,5,1988-04-23
4372040026,충청북도,보은군,산외면,탁주리,6,1988-04-23
4372040027,충청북도,보은군,산외면,오대리,7,1988-04-23
4372040028,충청북도,보은군,산외면,가고리,8,1988-04-23
4372040029,충청북도,보은군,산외면,아시리,9,1988-04-23
4372040030,충청북도,보은군,산외면,백석리,10,1988-04-23
4372040031,충청북도,보은군,산외면,신정리,11,1988-04-23
4372040032,충청북도,보은군,산외면,동화리,12,1988-04-23
4372040033,충청북도,보은군,산외면,원평리,13,1988-04-23
4372040034,충청북도,보은군,산외면,산대리,14,1988-04-23
4372040035,충청북도,보은군,산외면,어온리,15,1988-04-23
4372040036,충청북도,보은군,산외면,이식리,16,1988-04-23
4372040037,충청북도,보은군,산외면,길탕리,17,1988-04-23
4372040038,충청북도,보은군,산외면,중티리,18,1988-04-23
4373000000,충청북도,옥천군,,,8,1988-04-23
4373025000,충청북도,옥천군,옥천읍,,1,1988-04-23
4373025021,충청북도,옥천군,옥천읍,죽향리,1,1988-04-23
4373025022,충청북도,옥천군,옥천읍,문정리,2,1988-04-23
4373025023,충청북도,옥천군,옥천읍,상계리,3,1988-04-23
4373025024,충청북도,옥천군,옥천읍,하계리,4,1988-04-23
4373025025,충청북도,옥천군,옥천읍,교동리,5,1988-04-23
4373025026,충청북도,옥천군,옥천읍,동안리,6,1988-04-23
4373025027,충청북도,옥천군,옥천읍,수북리,7,1988-04-23
4373025028,충청북도,옥천군,옥천읍,매화리,8,1988-04-23
4373025029,충청북도,옥천군,옥천읍,구일리,9,1988-04-23
4373025030,충청북도,옥천군,옥천읍,서대리,10,1988-04-23
4373025031,충청북도,옥천군,옥천읍,가풍리,11,1988-04-23
4373025032,충청북도,옥천군,옥천읍,삼청리,12,1988-04-23
4373025033,충청북도,옥천군,옥천읍,대천리,13,1988-04-23
4373025034,충청북도,옥천군,옥천읍,마암리,14,1988-04-23
4373025035,충청북도,옥천군,옥천읍,양수리,15,1988-04-23
4373025036,충청북도,옥천군,옥천읍,금구리,16,1988-04-23
4373025037,충청북도,옥천군,옥천읍,장야리,17,1988-04-23
4373025038,충청북도,옥천군,옥천읍,삼양리,18,1988-04-23
4373025039,충청북도,옥천군,옥천읍,서정리,19,1988-04-23
4373025040,충청북도,옥천군,옥천읍,옥각리,20,1988-04-23
4373025041,충청북도,옥천군,옥천읍,오대리,21,1990-03-31
4373031000,충청북도,옥천군,동이면,,2,1988-04-23
4373031021,충청북도,옥천군,동이면,평산리,1,1988-04-23
4373031022,충청북도,옥천군,동이면,세산리,2,1988-04-23
4373031023,충청북도,옥천군,동이면,적하리,3,1988-04-23
4373031024,충청북도,옥천군,동이면,금암리,4,1988-04-23
4373031025,충청북도,옥천군,동이면,조령리,5,1988-04-23
4373031026,충청북도,옥천군,동이면,청마리,6,1988-04-23
4373031027,충청북도,옥천군,동이면,지양리,7,1988-04-23
4373031028,충청북도,옥천군,동이면,석탄리,8,1988-04-23
4373031029,충청북도,옥천군,동이면,남곡리,9,1988-04-23
4373031030,충청북도,옥천군,동이면,우산리,10,1988-04-23
4373032000,충청북도,옥천군,안남면,,3,1988-04-23
4373032021,충청북도,옥천군,안남면,연주리,1,1988-04-23
4373032022,충청북도,옥천군,안남면,종미리,2,1988-04-23
4373032023,충청북도,옥천군,안남면,지수리,3,1988-04-23
4373032024,충청북도,옥천군,안남면,도덕리,4,1988-04-23
4373032025,충청북도,옥천군,안남면,청정리,5,1988-04-23
4373032026,충청북도,옥천군,안남면,화학리,6,1988-04-23
4373032027,충청북도,옥천군,안남면,도농리,7,1988-04-23
4373033000,충청북도,옥천군,안내면,,4,1988-04-23
4373033021,충청북도,옥천군,안내면,현리,1,1988-04-23
4373033022,충청북도,옥천군,안내면,정방리,2,1988-04-23
4373033023,충청북도,옥천군,안내면,도이리,3,1988-04-23
4373033024,충청북도,옥천군,안내면,동대리,4,1988-04-23
4373033025,충청북도,옥천군,안내면,서대리,5,1988-04-23
4373033026,충청북도,옥천군,안내면,오덕리,6,1988-04-23
4373033027,충청북도,옥천군,안내면,인포리,7,1988-04-23
4373033028,충청북도,옥천군,안내면,장계리,8,1988-04-23
4373033029,충청북도,옥천군,안내면,방하목리,9,1988-04-23
4373033030,충청북도,옥천군,안내면,도율리,10,1988-04-23
4373033031,충청북도,옥천군,안내면,월외리,11,1988-04-23
4373033032,충청북도,옥천군,안내면,용촌리,12,1988-04-23
4373033033,충청북도,옥천군,안내면,답양리,13,1988-04-23
4373034000,충청북도,옥천군,청성면,,5,1988-04-23
4373034021,충청북도,옥천군,청성면,산계리,1,1988-04-23
4373034022,충청북도,옥천군,청성면,거포리,2,1988-04-23
4373034023,충청북도,옥천군,청성면,장수리,3,1988-04-23
4373034024,충청북도,옥천군,청성면,궁촌리,4,1988-04-23
4373034025,충청북도,옥천군,청성면,소서리,5,1988-04-23
4373034026,충청북도,옥천군,청성면,삼남리,6,1988-04-23
4373034027,충청북도,옥천군,청성면,조천리,7,1988-04-23
4373034028,충청북도,옥천군,청성면,묘금리,8,1988-04-23
4373034029,충청북도,옥천군,청성면,고당리,9,1988-04-23
4373034030,충청북도,옥천군,청성면,합금리,10,1988-04-23
4373034031,충청북도,옥천군,청성면,양저리,11,1988-04-23
4373034032,충청북도,옥천군,청성면,구음리,12,1988-04-23
4373034033,충청북도,옥천군,청성면,대안리,13,1988-04-23
4373034034,충청북도,옥천군,청성면,도장리,14,1988-04-23
4373034035,충청북도,옥천군,청성면,능월리,15,1988-04-23
4373034036,충청북도,옥천군,청성면,화성리,16,1988-04-23
4373034037,충청북도,옥천군,청성면,장연리,17,1988-04-23
4373035000,충청북도,옥천군,청산면,,6,1988-04-23
4373035021,충청북도,옥천군,청산면,지전리,1,1988-04-23
4373035022,충청북도,옥천군,청산면,백운리,2,1988-04-23
4373035023,충청북도,옥천군,청산면,교평리,3,1988-04-23
4373035024,충청북도,옥천군,청산면,하서리,4,1988-04-23
4373035025,충청북도,옥천군,청산면,신매리,5,1988-04-23
4373035026,충청북도,옥천군,청산면,대덕리,6,1988-04-23
4373035027,충청북도,옥천군,청산면,장위리,7,1988-04-23
4373035028,충청북도,옥천군,청산면,한곡리,8,1988-04-23
4373035029,충청북도,옥천군,청산면,인정리,9,1988-04-23
4373035030,충청북도,옥천군,청산면,판수리,10,1988-04-23
4373035031,충청북도,옥천군,청산면,효목리,11,1988-04-23
4373035032,충청북도,옥천군,청산면,의지리,12,1988-04-23
4373035033,충청북도,옥천군,청산면,예곡리,13,1988-04-23
4373035034,충청북도,옥천군,청산면,삼방리,14,1988-04-23
4373035035,충청북도,옥천군,청산면,명티리,15,1988-04-23
4373035036,충청북도,옥천군,청산면,법화리,16,1988-04-23
4373035037,충청북도,옥천군,청산면,대성리,17,1988-04-23
4373035038,충청북도,옥천군,청산면,만월리,18,1988-04-23
4373036000,충청북도,옥천군,이원면,,7,1988-04-23
4373036021,충청북도,옥천군,이원면,건진리,1,1988-04-23
4373036022,충청북도,옥천군,이원면,장찬리,2,1988-04-23
4373036023,충청북도,옥천군,이원면,강청리,3,1988-04-23
4373036024,충청북도,옥천군,이원면,윤정리,4,1988-04-23
4373036025,충청북도,옥천군,이원면,의평리,5,1988-04-23
4373036026,충청북도,옥천군,이원면,개심리,6,1988-04-23
4373036027,충청북도,옥천군,이원면,평계리,7,1988-04-23
4373036028,충청북도,옥천군,이원면,수묵리,8,1988-04-23
4373036029,충청북도,옥천군,이원면,지정리,9,1988-04-23
4373036030,충청북도,옥천군,이원면,미동리,10,1988-04-23
4373036031,충청북도,옥천군,이원면,이원리,11,1988-04-23
4373036032,충청북도,옥천군,이원면,원동리,12,1988-04-23
4373036033,충청북도,옥천군,이원면,백지리,13,1988-04-23
4373036034,충청북도,옥천군,이원면,지탄리,14,1988-04-23
4373036035,충청북도,옥천군,이원면,용방리,15,1988-04-23
4373037000,충청북도,옥천군,군서면,,8,1988-04-23
4373037021,충청북도,옥천군,군서면,동평리,1,1988-04-23
4373037022,충청북도,옥천군,군서면,금산리,2,1988-04-23
4373037023,충청북도,옥천군,군서면,사정리,3,1988-04-23
4373037024,충청북도,옥천군,군서면,상지리,4,1988-04-23
4373037025,충청북도,옥천군,군서면,은행리,5,1988-04-23
4373037026,충청북도,옥천군,군서면,사양리,6,1988-04-23
4373037027,충청북도,옥천군,군서면,상중리,7,1988-04-23
4373037028,충청북도,옥천군,군서면,하동리,8,1988-04-23
4373037029,충청북도,옥천군,군서면,오동리,9,1988-04-23
4373037030,충청북도,옥천군,군서면,월전리,10,1988-04-23
4373038000,충청북도,옥천군,군북면,,9,1988-04-23
4373038021,충청북도,옥천군,군북면,이백리,1,1988-04-23
4373038022,충청북도,옥천군,군북면,자모리,2,1988-04-23
4373038023,충청북도,옥천군,군북면,증약리,3,1988-04-23
4373038024,충청북도,옥천군,군북면,항곡리,4,1988-04-23
4373038025,충청북도,옥천군,군북면,대정리,5,1988-04-23
4373038026,충청북도,옥천군,군북면,환평리,6,1988-04-23
4373038027,충청북도,옥천군,군북면,지오리,7,1988-04-23
4373038028,충청북도,옥천군,군북면,추소리,8,1988-04-23
4373038029,충청북도,옥천군,군북면,이평리,9,1988-04-23
4373038031,충청북도,옥천군,군북면,소정리,10,1988-04-23
4373038032,충청북도,옥천군,군북면,석호리,11,1988-04-23
4373038033,충청북도,옥천군,군북면,용호리,12,1988-04-23
4373038034,충청북도,옥천군,군북면,막지리,13,1988-04-23
4373038035,충청북도,옥천군,군북면,국원리,14,1996-02-01
4374000000,충청북도,영동군,,,9,1988-04-23
4374025000,충청북도,영동군,영동읍,,1,1988-04-23
4374025021,충청북도,영동군,영동읍,계산리,1,1988-04-23
4374025022,충청북도,영동군,영동읍,동정리,2,1988-04-23
4374025023,충청북도,영동군,영동읍,회동리,3,1988-04-23
4374025024,충청북도,영동군,영동읍,화신리,4,1988-04-23
4374025025,충청북도,영동군,영동읍,당곡리,5,1988-04-23
4374025026,충청북도,영동군,영동읍,산익리,6,1988-04-23
4374025027,충청북도,영동군,영동읍,매천리,7,1988-04-23
4374025028,충청북도,영동군,영동읍,부용리,8,1988-04-23
4374025029,충청북도,영동군,영동읍,오탄리,9,1988-04-23
4374025030,충청북도,영동군,영동읍,산이리,10,1988-04-23
4374025031,충청북도,영동군,영동읍,설계리,11,1988-04-23
4374025032,충청북도,영동군,영동읍,심원리,12,1988-04-23
4374025033,충청북도,영동군,영동읍,봉현리,13,1988-04-23
4374025034,충청북도,영동군,영동읍,주곡리,14,1988-04-23
4374025035,충청북도,영동군,영동읍,가리,15,1988-04-23
4374025036,충청북도,영동군,영동읍,임계리,16,1988-04-23
4374031000,충청북도,영동군,용산면,,2,1988-04-23
4374031021,충청북도,영동군,용산면,구촌리,1,1988-04-23
4374031022,충청북도,영동군,용산면,산저리,2,1988-04-23
4374031023,충청북도,영동군,용산면,율리,3,1988-04-23
4374031024,충청북도,영동군,용산면,신항리,4,1988-04-23
4374031025,충청북도,영동군,용산면,부릉리,5,1988-04-23
4374031026,충청북도,영동군,용산면,한석리,6,1988-04-23
4374031027,충청북도,영동군,용산면,시금리,7,1988-04-23
4374031028,충청북도,영동군,용산면,부상리,8,1988-04-23
4374031029,충청북도,영동군,용산면,가곡리,9,1988-04-23
4374031030,충청북도,영동군,용산면,금곡리,10,1988-04-23
4374031031,충청북도,영동군,용산면,천작리,11,1988-04-23
4374031032,충청북도,영동군,용산면,한곡리,12,1988-04-23
4374031033,충청북도,영동군,용산면,법화리,13,1988-04-23
4374031034,충청북도,영동군,용산면,미전리,14,1988-04-23
4374031035,충청북도,영동군,용산면,청화리,15,1988-04-23
4374031036,충청북도,영동군,용산면,매금리,16,1988-04-23
4374031037,충청북도,영동군,용산면,상용리,17,1988-04-23
4374031038,충청북도,영동군,용산면,백자전리,18,1988-04-23
4374031039,충청북도,영동군,용산면,용산리,19,1988-04-23
4374032000,충청북도,영동군,황간면,,3,1988-04-23
4374032021,충청북도,영동군,황간면,남성리,1,1988-04-23
4374032022,충청북도,영동군,황간면,신흥리,2,1988-04-23
4374032023,충청북도,영동군,황간면,마산리,3,1988-04-23
4374032024,충청북도,영동군,황간면,소계리,4,1988-04-23
4374032025,충청북도,영동군,황간면,난곡리,5,1988-04-23
4374032026,충청북도,영동군,황간면,우매리,6,1988-04-23
4374032027,충청북도,영동군,황간면,원촌리,7,1988-04-23
4374032028,충청북도,영동군,황간면,용암리,8,1988-04-23
4374032029,충청북도,영동군,황간면,금계리,9,1988-04-23
4374032030,충청북도,영동군,황간면,회포리,10,1988-04-23
4374032031,충청북도,영동군,황간면,우천리,11,1988-04-23
4374032032,충청북도,영동군,황간면,노근리,12,1988-04-23
4374032033,충청북도,영동군,황간면,서송원리,13,1988-04-23
4374032034,충청북도,영동군,황간면,광평리,14,1989-01-01
4374033500,충청북도,영동군,추풍령면,,4,1991-07-19
4374033521,충청북도,영동군,추풍령면,관리,1,1991-07-19
4374033522,충청북도,영동군,추풍령면,사부리,2,1991-07-19
4374033523,충청북도,영동군,추풍령면,계룡리,3,1991-07-19
4374033524,충청북도,영동군,추풍령면,추풍령리,4,1991-07-19
4374033525,충청북도,영동군,추풍령면,죽전리,5,1991-07-19
4374033526,충청북도,영동군,추풍령면,작점리,6,1991-07-19
4374033527,충청북도,영동군,추풍령면,신안리,7,1991-07-19
4374033528,충청북도,영동군,추풍령면,웅북리,8,1991-07-19
4374033529,충청북도,영동군,추풍령면,지봉리,9,1991-07-19
4374034000,충청북도,영동군,매곡면,,5,1988-04-23
4374034021,충청북도,영동군,매곡면,노천리,1,1988-04-23
4374034023,충청북도,영동군,매곡면,장척리,2,1988-04-23
4374034024,충청북도,영동군,매곡면,옥전리,3,1988-04-23
4374034025,충청북도,영동군,매곡면,유전리,4,1988-04-23
4374034026,충청북도,영동군,매곡면,강진리,5,1988-04-23
4374034027,충청북도,영동군,매곡면,수원리,6,1988-04-23
4374034028,충청북도,영동군,매곡면,어촌리,7,1988-04-23
4374034029,충청북도,영동군,매곡면,공수리,8,1988-04-23
4374035000,충청북도,영동군,상촌면,,6,1988-04-23
4374035021,충청북도,영동군,상촌면,임산리,1,1988-04-23
4374035022,충청북도,영동군,상촌면,돈대리,2,1988-04-23
4374035023,충청북도,영동군,상촌면,하도대리,3,1988-04-23
4374035024,충청북도,영동군,상촌면,상도대리,4,1988-04-23
4374035025,충청북도,영동군,상촌면,고자리,5,1988-04-23
4374035026,충청북도,영동군,상촌면,둔전리,6,1988-04-23
4374035027,충청북도,영동군,상촌면,물한리,7,1988-04-23
4374035028,충청북도,영동군,상촌면,대해리,8,1988-04-23
4374035029,충청북도,영동군,상촌면,흥덕리,9,1988-04-23
4374035030,충청북도,영동군,상촌면,궁촌리,10,1988-04-23
4374035031,충청북도,영동군,상촌면,유곡리,11,1988-04-23
4374036000,충청북도,영동군,양강면,,7,1988-04-23
4374036021,충청북도,영동군,양강면,괴목리,1,1988-04-23
4374036022,충청북도,영동군,양강면,가동리,2,1988-04-23
4374036023,충청북도,영동군,양강면,양정리,3,1988-04-23
4374036024,충청북도,영동군,양강면,죽촌리,4,1988-04-23
4374036025,충청북도,영동군,양강면,남전리,5,1988-04-23
4374036026,충청북도,영동군,양강면,산막리,6,1988-04-23
4374036027,충청북도,영동군,양강면,지촌리,7,1988-04-23
4374036028,충청북도,영동군,양강면,유점리,8,1988-04-23
4374036029,충청북도,영동군,양강면,만계리,9,1988-04-23
4374036030,충청북도,영동군,양강면,묵정리,10,1988-04-23
4374036031,충청북도,영동군,양강면,두평리,11,1988-04-23
4374036032,충청북도,영동군,양강면,구강리,12,1988-04-23
4374036033,충청북도,영동군,양강면,쌍암리,13,1988-04-23
4374036034,충청북도,영동군,양강면,묘동리,14,1988-04-23
4374037000,충청북도,영동군,용화면,,8,1988-04-23
4374037021,충청북도,영동군,용화면,용화리,1,1988-04-23
4374037022,충청북도,영동군,용화면,조동리,2,1988-04-23
4374037023,충청북도,영동군,용화면,안정리,3,1988-04-23
4374037024,충청북도,영동군,용화면,월전리,4,1988-04-23
4374037025,충청북도,영동군,용화면,용강리,5,1988-04-23
4374037026,충청북도,영동군,용화면,여의리,6,1988-04-23
4374037027,충청북도,영동군,용화면,자계리,7,1988-04-23
4374038000,충청북도,영동군,학산면,,9,1988-04-23
4374038021,충청북도,영동군,학산면,서산리,1,1988-04-23
4374038022,충청북도,영동군,학산면,학산리,2,1988-04-23
4374038023,충청북도,영동군,학산면,아암리,3,1988-04-23
4374038024,충청북도,영동군,학산면,봉소리,4,1988-04-23
4374038025,충청북도,영동군,학산면,황산리,5,1988-04-23
4374038026,충청북도,영동군,학산면,지내리,6,1988-04-23
4374038027,충청북도,영동군,학산면,박계리,7,1988-04-23
4374038028,충청북도,영동군,학산면,봉림리,8,1988-04-23
4374038029,충청북도,영동군,학산면,범화리,9,1988-04-23
4374038030,충청북도,영동군,학산면,도덕리,10,1988-04-23
4374039000,충청북도,영동군,양산면,,10,1988-04-23
4374039021,충청북도,영동군,양산면,가곡리,1,1988-04-23
4374039022,충청북도,영동군,양산면,원당리,2,1988-04-23
4374039023,충청북도,영동군,양산면,봉곡리,3,1988-04-23
4374039024,충청북도,영동군,양산면,죽산리,4,1988-04-23
4374039025,충청북도,영동군,양산면,송호리,5,1988-04-23
4374039026,충청북도,영동군,양산면,수두리,6,1988-04-23
4374039027,충청북도,영동군,양산면,호탄리,7,1988-04-23
4374039028,충청북도,영동군,양산면,누교리,8,1988-04-23
4374039029,충청북도,영동군,양산면,가선리,9,1988-04-23
4374040000,충청북도,영동군,심천면,,11,1988-04-23
4374040021,충청북도,영동군,심천면,심천리,1,1988-04-23
4374040022,충청북도,영동군,심천면,단전리,2,1988-04-23
4374040023,충청북도,영동군,심천면,길현리,3,1988-04-23
4374040024,충청북도,영동군,심천면,구탄리,4,1988-04-23
4374040025,충청북도,영동군,심천면,장동리,5,1988-04-23
4374040026,충청북도,영동군,심천면,고당리,6,1988-04-23
4374040027,충청북도,영동군,심천면,마곡리,7,1988-04-23
4374040028,충청북도,영동군,심천면,기호리,8,1988-04-23
4374040029,충청북도,영동군,심천면,명천리,9,1988-04-23
4374040030,충청북도,영동군,심천면,금정리,10,1988-04-23
4374040031,충청북도,영동군,심천면,약목리,11,1988-04-23
4374040032,충청북도,영동군,심천면,각계리,12,1988-04-23
4374040033,충청북도,영동군,심천면,초강리,13,1988-04-23
4374040034,충청북도,영동군,심천면,용당리,14,1988-04-23
4374500000,충청북도,증평군,,,0,2003-08-30
4374525000,충청북도,증평군,증평읍,,0,2003-08-30
4374525021,충청북도,증평군,증평읍,증평리,0,2003-08-30
4374525022,충청북도,증평군,증평읍,교동리,0,2003-08-30
4374525023,충청북도,증평군,증평읍,중동리,0,2003-08-30
4374525024,충청북도,증평군,증평읍,대동리,0,2003-08-30
4374525025,충청북도,증평군,증평읍,신동리,0,2003-08-30
4374525026,충청북도,증평군,증평읍,창동리,0,2003-08-30
4374525027,충청북도,증평군,증평읍,장동리,0,2003-08-30
4374525028,충청북도,증평군,증평읍,증천리,0,2003-08-30
4374525029,충청북도,증평군,증평읍,내성리,0,2003-08-30
4374525030,충청북도,증평군,증평읍,초중리,0,2003-08-30
4374525031,충청북도,증평군,증평읍,연탄리,0,2003-08-30
4374525032,충청북도,증평군,증평읍,송산리,0,2003-08-30
4374525033,충청북도,증평군,증평읍,미암리,0,2003-08-30
4374525034,충청북도,증평군,증평읍,사곡리,0,2003-08-30
4374525035,충청북도,증평군,증평읍,용강리,0,2003-08-30
4374525036,충청북도,증평군,증평읍,덕상리,0,2003-08-30
4374525037,충청북도,증평군,증평읍,남차리,0,2003-08-30
4374525038,충청북도,증평군,증평읍,율리,0,2003-08-30
4374525039,충청북도,증평군,증평읍,죽리,0,2003-08-30
4374525040,충청북도,증평군,증평읍,남하리,0,2003-08-30
4374531000,충청북도,증평군,도안면,,0,2003-08-30
4374531021,충청북도,증평군,도안면,화성리,0,2003-08-30
4374531022,충청북도,증평군,도안면,노암리,0,2003-08-30
4374531023,충청북도,증평군,도안면,연촌리,0,2003-08-30
4374531024,충청북도,증평군,도안면,송정리,0,2003-08-30
4374531025,충청북도,증평군,도안면,광덕리,0,2003-08-30
4374531026,충청북도,증평군,도안면,석곡리,0,2003-08-30
4374531027,충청북도,증평군,도안면,도당리,0,2003-08-30
4375000000,충청북도,진천군,,,10,1988-04-23
4375025000,충청북도,진천군,진천읍,,1,1988-04-23
4375025021,충청북도,진천군,진천읍,교성리,1,1988-04-23
4375025022,충청북도,진천군,진천읍,신정리,2,1988-04-23
4375025023,충청북도,진천군,진천읍,원덕리,3,1988-04-23
4375025024,충청북도,진천군,진천읍,읍내리,4,1988-04-23
4375025025,충청북도,진천군,진천읍,성석리,5,1988-04-23
4375025026,충청북도,진천군,진천읍,벽암리,6,1988-04-23
4375025027,충청북도,진천군,진천읍,행정리,7,1988-04-23
4375025028,충청북도,진천군,진천읍,장관리,8,1988-04-23
4375025029,충청북도,진천군,진천읍,건송리,9,1988-04-23
4375025030,충청북도,진천군,진천읍,지암리,10,1988-04-23
4375025031,충청북도,진천군,진천읍,사석리,11,1988-04-23
4375025032,충청북도,진천군,진천읍,문봉리,12,1988-04-23
4375025033,충청북도,진천군,진천읍,상계리,13,1988-04-23
4375025034,충청북도,진천군,진천읍,금암리,14,1988-04-23
4375025035,충청북도,진천군,진천읍,연곡리,15,1988-04-23
4375025036,충청북도,진천군,진천읍,삼덕리,16,1988-04-23
4375025037,충청북도,진천군,진천읍,송두리,17,1988-04-23
4375025038,충청북도,진천군,진천읍,가산리,18,1988-04-23
4375025039,충청북도,진천군,진천읍,상신리,19,1988-04-23
4375025040,충청북도,진천군,진천읍,산척리,20,1988-04-23
4375025300,충청북도,진천군,덕산읍,,2,2019-07-01
4375025321,충청북도,진천군,덕산읍,옥동리,1,2019-07-01
4375025322,충청북도,진천군,덕산읍,화상리,2,2019-07-01
4375025323,충청북도,진천군,덕산읍,산수리,3,2019-07-01
4375025324,충청북도,진천군,덕산읍,인산리,4,2019-07-01
4375025325,충청북도,진천군,덕산읍,두촌리,5,2019-07-01
4375025326,충청북도,진천군,덕산읍,석장리,6,2019-07-01
4375025327,충청북도,진천군,덕산읍,기전리,7,2019-07-01
4375025328,충청북도,진천군,덕산읍,구산리,8,2019-07-01
4375025329,충청북도,진천군,덕산읍,신척리,9,2019-07-01
4375025330,충청북도,진천군,덕산읍,용몽리,10,2019-07-01
4375025331,충청북도,진천군,덕산읍,한천리,11,2019-07-01
4375025332,충청북도,진천군,덕산읍,합목리,12,2019-07-01
4375032000,충청북도,진천군,초평면,,3,1988-04-23
4375032021,충청북도,진천군,초평면,신통리,1,1988-04-23
4375032022,충청북도,진천군,초평면,영구리,2,1988-04-23
4375032023,충청북도,진천군,초평면,화산리,3,1988-04-23
4375032024,충청북도,진천군,초평면,용정리,4,1988-04-23
4375032025,충청북도,진천군,초평면,금곡리,5,1988-04-23
4375032026,충청북도,진천군,초평면,오갑리,6,1988-04-23
4375032027,충청북도,진천군,초평면,연담리,7,1988-04-23
4375032028,충청북도,진천군,초평면,용기리,8,1988-04-23
4375032029,충청북도,진천군,초평면,용산리,9,1988-04-23
4375032030,충청북도,진천군,초평면,은암리,10,1988-04-23
4375032031,충청북도,진천군,초평면,진암리,11,1988-04-23
4375032032,충청북도,진천군,초평면,중석리,12,1988-04-23
4375033000,충청북도,진천군,문백면,,4,1988-04-23
4375033021,충청북도,진천군,문백면,문덕리,1,1988-04-23
4375033022,충청북도,진천군,문백면,사양리,2,1988-04-23
4375033023,충청북도,진천군,문백면,장월리,3,1988-04-23
4375033025,충청북도,진천군,문백면,평산리,5,1988-04-23
4375033026,충청북도,진천군,문백면,계산리,6,1988-04-23
4375033027,충청북도,진천군,문백면,봉죽리,7,1988-04-23
4375033028,충청북도,진천군,문백면,은탄리,8,1988-04-23
4375033029,충청북도,진천군,문백면,도하리,9,1988-04-23
4375033030,충청북도,진천군,문백면,옥성리,10,1988-04-23
4375033031,충청북도,진천군,문백면,태락리,11,1988-04-23
4375033032,충청북도,진천군,문백면,구산동리,4,2020-11-05
4375034000,충청북도,진천군,백곡면,,5,1988-04-23
4375034021,충청북도,진천군,백곡면,석현리,1,1988-04-23
4375034022,충청북도,진천군,백곡면,용덕리,2,1988-04-23
4375034023,충청북도,진천군,백곡면,성대리,3,1988-04-23
4375034024,충청북도,진천군,백곡면,양백리,4,1988-04-23
4375034025,충청북도,진천군,백곡면,구수리,5,1988-04-23
4375034026,충청북도,진천군,백곡면,갈월리,6,1988-04-23
4375034027,충청북도,진천군,백곡면,대문리,7,1988-04-23
4375034028,충청북도,진천군,백곡면,명암리,8,1988-04-23
4375034029,충청북도,진천군,백곡면,사송리,9,1988-04-23
4375035000,충청북도,진천군,이월면,,6,1988-04-23
4375035021,충청북도,진천군,이월면,사곡리,1,1988-04-23
4375035022,충청북도,진천군,이월면,중산리,2,1988-04-23
4375035023,충청북도,진천군,이월면,노원리,3,1988-04-23
4375035024,충청북도,진천군,이월면,장양리,4,1988-04-23
4375035025,충청북도,진천군,이월면,송림리,5,1988-04-23
4375035026,충청북도,진천군,이월면,동성리,6,1988-04-23
4375035027,충청북도,진천군,이월면,삼용리,7,1988-04-23
4375035028,충청북도,진천군,이월면,신월리,8,1988-04-23
4375035029,충청북도,진천군,이월면,미잠리,9,1988-04-23
4375035030,충청북도,진천군,이월면,신계리,10,1988-04-23
4375035031,충청북도,진천군,이월면,사당리,11,1988-04-23
4375035032,충청북도,진천군,이월면,내촌리,12,1988-04-23
4375037000,충청북도,진천군,광혜원면,,7,2000-01-01
4375037021,충청북도,진천군,광혜원면,금곡리,1,2000-01-01
4375037022,충청북도,진천군,광혜원면,월성리,2,2000-01-01
4375037023,충청북도,진천군,광혜원면,회죽리,3,2000-01-01
4375037024,충청북도,진천군,광혜원면,죽현리,4,2000-01-01
4375037025,충청북도,진천군,광혜원면,구암리,5,2000-01-01
4375037026,충청북도,진천군,광혜원면,실원리,6,2000-01-01
4375037027,충청북도,진천군,광혜원면,광혜원리,7,2000-01-01
4376000000,충청북도,괴산군,,,11,1988-04-23
4376025000,충청북도,괴산군,괴산읍,,1,1988-04-23
4376025021,충청북도,괴산군,괴산읍,동부리,1,1988-04-23
4376025022,충청북도,괴산군,괴산읍,서부리,2,1988-04-23
4376025023,충청북도,괴산군,괴산읍,정용리,3,1988-04-23
4376025024,충청북도,괴산군,괴산읍,신기리,4,1988-04-23
4376025025,충청북도,괴산군,괴산읍,신항리,5,1988-04-23
4376025026,충청북도,괴산군,괴산읍,사창리,6,1988-04-23
4376025027,충청북도,괴산군,괴산읍,능촌리,7,1988-04-23
4376025028,충청북도,괴산군,괴산읍,제월리,8,1988-04-23
4376025029,충청북도,괴산군,괴산읍,대덕리,9,1988-04-23
4376025030,충청북도,괴산군,괴산읍,대사리,10,1988-04-23
4376025031,충청북도,괴산군,괴산읍,검승리,11,1988-04-23
4376031000,충청북도,괴산군,감물면,,3,1988-04-23
4376031021,충청북도,괴산군,감물면,오성리,1,1988-04-23
4376031022,충청북도,괴산군,감물면,오창리,2,1988-04-23
4376031023,충청북도,괴산군,감물면,이담리,3,1988-04-23
4376031024,충청북도,괴산군,감물면,구월리,4,1988-04-23
4376031025,충청북도,괴산군,감물면,백양리,5,1988-04-23
4376031026,충청북도,괴산군,감물면,광전리,6,1988-04-23
4376031027,충청북도,괴산군,감물면,매전리,7,1988-04-23
4376032000,충청북도,괴산군,장연면,,4,1988-04-23
4376032021,충청북도,괴산군,장연면,오가리,1,1988-04-23
4376032022,충청북도,괴산군,장연면,추점리,2,1988-04-23
4376032023,충청북도,괴산군,장연면,방곡리,3,1988-04-23
4376032024,충청북도,괴산군,장연면,광진리,4,1988-04-23
4376032025,충청북도,괴산군,장연면,조곡리,5,1988-04-23
4376032026,충청북도,괴산군,장연면,장암리,6,1988-04-23
4376032028,충청북도,괴산군,장연면,송덕리,7,1988-04-23
4376033000,충청북도,괴산군,연풍면,,5,1988-04-23
4376033021,충청북도,괴산군,연풍면,삼풍리,1,1988-04-23
4376033022,충청북도,괴산군,연풍면,행촌리,2,1988-04-23
4376033023,충청북도,괴산군,연풍면,주진리,3,1988-04-23
4376033024,충청북도,괴산군,연풍면,분지리,4,1988-04-23
4376033025,충청북도,괴산군,연풍면,원풍리,5,1988-04-23
4376033026,충청북도,괴산군,연풍면,유상리,6,1988-04-23
4376033027,충청북도,괴산군,연풍면,유하리,7,1988-04-23
4376033028,충청북도,괴산군,연풍면,갈금리,8,1988-04-23
4376033029,충청북도,괴산군,연풍면,적석리,9,1988-04-23
4376034000,충청북도,괴산군,칠성면,,6,1988-04-23
4376034021,충청북도,괴산군,칠성면,도정리,1,1988-04-23
4376034022,충청북도,괴산군,칠성면,사평리,2,1988-04-23
4376034023,충청북도,괴산군,칠성면,비도리,3,1988-04-23
4376034024,충청북도,괴산군,칠성면,쌍곡리,4,1988-04-23
4376034025,충청북도,괴산군,칠성면,율지리,5,1988-04-23
4376034026,충청북도,괴산군,칠성면,율원리,6,1988-04-23
4376034027,충청북도,괴산군,칠성면,사은리,7,1988-04-23
4376034028,충청북도,괴산군,칠성면,외사리,8,1988-04-23
4376034029,충청북도,괴산군,칠성면,송동리,9,1988-04-23
4376034030,충청북도,괴산군,칠성면,두천리,10,1988-04-23
4376034031,충청북도,괴산군,칠성면,갈읍리,11,1988-04-23
4376034032,충청북도,괴산군,칠성면,태성리,12,1989-01-01
4376035000,충청북도,괴산군,문광면,,7,1988-04-23
4376035021,충청북도,괴산군,문광면,광덕리,1,1988-04-23
4376035022,충청북도,괴산군,문광면,송평리,2,1988-04-23
4376035023,충청북도,괴산군,문광면,대명리,3,1988-04-23
4376035024,충청북도,괴산군,문광면,유평리,4,1988-04-23
4376035025,충청북도,괴산군,문광면,문법리,5,1988-04-23
4376035026,충청북도,괴산군,문광면,신기리,6,1988-04-23
4376035027,충청북도,괴산군,문광면,양곡리,7,1988-04-23
4376035028,충청북도,괴산군,문광면,방성리,8,1988-04-23
4376035029,충청북도,괴산군,문광면,흑석리,9,1988-04-23
4376035030,충청북도,괴산군,문광면,옥성리,10,1988-04-23
4376036000,충청북도,괴산군,청천면,,8,1988-04-23
4376036021,충청북도,괴산군,청천면,청천리,1,1988-04-23
4376036022,충청북도,괴산군,청천면,선평리,2,1988-04-23
4376036023,충청북도,괴산군,청천면,후평리,3,1988-04-23
4376036024,충청북도,괴산군,청천면,강평리,4,1988-04-23
4376036025,충청북도,괴산군,청천면,귀만리,5,1988-04-23
4376036026,충청북도,괴산군,청천면,평단리,6,1988-04-23
4376036027,충청북도,괴산군,청천면,신월리,7,1988-04-23
4376036028,충청북도,괴산군,청천면,상신리,8,1988-04-23
4376036029,충청북도,괴산군,청천면,사담리,9,1988-04-23
4376036030,충청북도,괴산군,청천면,고성리,10,1988-04-23
4376036031,충청북도,괴산군,청천면,도원리,11,1988-04-23
4376036032,충청북도,괴산군,청천면,무릉리,12,1988-04-23
4376036033,충청북도,괴산군,청천면,금평리,13,1988-04-23
4376036034,충청북도,괴산군,청천면,월문리,14,1988-04-23
4376036035,충청북도,괴산군,청천면,삼락리,15,1988-04-23
4376036036,충청북도,괴산군,청천면,부성리,16,1988-04-23
4376036037,충청북도,괴산군,청천면,여사왕리,17,1988-04-23
4376036038,충청북도,괴산군,청천면,대전리,18,1988-04-23
4376036039,충청북도,괴산군,청천면,지경리,19,1988-04-23
4376036040,충청북도,괴산군,청천면,덕평리,20,1988-04-23
4376036041,충청북도,괴산군,청천면,거봉리,21,1988-04-23
4376036042,충청북도,괴산군,청천면,지촌리,22,1988-04-23
4376036043,충청북도,괴산군,청천면,운교리,23,1988-04-23
4376036044,충청북도,괴산군,청천면,대티리,24,1988-04-23
4376036045,충청북도,괴산군,청천면,화양리,25,1988-04-23
4376036046,충청북도,괴산군,청천면,후영리,26,1988-04-23
4376036047,충청북도,괴산군,청천면,송면리,27,1988-04-23
4376036048,충청북도,괴산군,청천면,이평리,28,1988-04-23
4376036049,충청북도,괴산군,청천면,사기막리,29,1988-04-23
4376036050,충청북도,괴산군,청천면,관평리,30,1988-04-23
4376036051,충청북도,괴산군,청천면,삼송리,31,1988-04-23
4376037000,충청북도,괴산군,청안면,,9,1988-04-23
4376037021,충청북도,괴산군,청안면,읍내리,1,1988-04-23
4376037022,충청북도,괴산군,청안면,금신리,2,1988-04-23
4376037023,충청북도,괴산군,청안면,문방리,3,1988-04-23
4376037024,충청북도,괴산군,청안면,효근리,4,1988-04-23
4376037025,충청북도,괴산군,청안면,조천리,5,1988-04-23
4376037026,충청북도,괴산군,청안면,청용리,6,1988-04-23
4376037027,충청북도,괴산군,청안면,문당리,7,1988-04-23
4376037028,충청북도,괴산군,청안면,운곡리,8,1988-04-23
4376037029,충청북도,괴산군,청안면,백봉리,9,1988-04-23
4376037030,충청북도,괴산군,청안면,부흥리,10,1988-04-23
4376037031,충청북도,괴산군,청안면,장암리,11,1988-04-23
4376039000,충청북도,괴산군,사리면,,11,1988-04-23
4376039021,충청북도,괴산군,사리면,사담리,1,1988-04-23
4376039022,충청북도,괴산군,사리면,소매리,2,1988-04-23
4376039023,충청북도,괴산군,사리면,노송리,3,1988-04-23
4376039024,충청북도,괴산군,사리면,중흥리,4,1988-04-23
4376039025,충청북도,괴산군,사리면,방축리,5,1988-04-23
4376039026,충청북도,괴산군,사리면,수암리,6,1988-04-23
4376039027,충청북도,괴산군,사리면,이곡리,7,1988-04-23
4376039028,충청북도,괴산군,사리면,화산리,8,1988-04-23
4376040000,충청북도,괴산군,소수면,,12,1988-04-23
4376040021,충청북도,괴산군,소수면,수리,1,1988-04-23
4376040022,충청북도,괴산군,소수면,입암리,2,1988-04-23
4376040023,충청북도,괴산군,소수면,아성리,3,1988-04-23
4376040024,충청북도,괴산군,소수면,고마리,4,1988-04-23
4376040025,충청북도,괴산군,소수면,소암리,5,1988-04-23
4376040026,충청북도,괴산군,소수면,몽촌리,6,1988-04-23
4376040027,충청북도,괴산군,소수면,옥현리,7,1988-04-23
4376040028,충청북도,괴산군,소수면,길선리,8,1988-04-23
4376041000,충청북도,괴산군,불정면,,13,1988-04-23
4376041021,충청북도,괴산군,불정면,목도리,1,1988-04-23
4376041022,충청북도,괴산군,불정면,창산리,2,1988-04-23
4376041023,충청북도,괴산군,불정면,탑촌리,3,1988-04-23
4376041024,충청북도,괴산군,불정면,추산리,4,1988-04-23
4376041025,충청북도,괴산군,불정면,외령리,5,1988-04-23
4376041026,충청북도,괴산군,불정면,삼방리,6,1988-04-23
4376041027,충청북도,괴산군,불정면,웅동리,7,1988-04-23
4376041028,충청북도,괴산군,불정면,하문리,8,1988-04-23
4376041029,충청북도,괴산군,불정면,앵천리,9,1988-04-23
4376041030,충청북도,괴산군,불정면,신흥리,10,1988-04-23
4376041031,충청북도,괴산군,불정면,지장리,11,1988-04-23
4376041032,충청북도,괴산군,불정면,세평리,12,1988-04-23
4377000000,충청북도,음성군,,,12,1988-04-23
4377025000,충청북도,음성군,음성읍,,1,1988-04-23
4377025021,충청북도,음성군,음성읍,읍내리,1,1988-04-23
4377025022,충청북도,음성군,음성읍,평곡리,2,1988-04-23
4377025023,충청북도,음성군,음성읍,석인리,3,1988-04-23
4377025024,충청북도,음성군,음성읍,한벌리,4,1988-04-23
4377025025,충청북도,음성군,음성읍,용산리,5,1988-04-23
4377025026,충청북도,음성군,음성읍,사정리,6,1988-04-23
4377025027,충청북도,음성군,음성읍,감우리,7,1988-04-23
4377025028,충청북도,음성군,음성읍,소여리,8,1988-04-23
4377025029,충청북도,음성군,음성읍,신천리,9,1988-04-23
4377025030,충청북도,음성군,음성읍,초천리,10,1988-04-23
4377025031,충청북도,음성군,음성읍,동음리,11,1988-04-23
4377025032,충청북도,음성군,음성읍,삼생리,12,1988-04-23
4377025300,충청북도,음성군,금왕읍,,2,1988-04-23
4377025321,충청북도,음성군,금왕읍,무극리,1,1988-04-23
4377025322,충청북도,음성군,금왕읍,금석리,2,1988-04-23
4377025323,충청북도,음성군,금왕읍,정생리,3,1988-04-23
4377025324,충청북도,음성군,금왕읍,육령리,4,1988-04-23
4377025325,충청북도,음성군,금왕읍,백야리,5,1988-04-23
4377025326,충청북도,음성군,금왕읍,용계리,6,1988-04-23
4377025327,충청북도,음성군,금왕읍,봉곡리,7,1988-04-23
4377025328,충청북도,음성군,금왕읍,유촌리,8,1988-04-23
4377025329,충청북도,음성군,금왕읍,신평리,9,1988-04-23
4377025330,충청북도,음성군,금왕읍,본대리,10,1988-04-23
4377025331,충청북도,음성군,금왕읍,내곡리,11,1988-04-23
4377025332,충청북도,음성군,금왕읍,사창리,12,1988-04-23
4377025333,충청북도,음성군,금왕읍,구계리,13,1988-04-23
4377025334,충청북도,음성군,금왕읍,호산리,14,1988-04-23
4377025335,충청북도,음성군,금왕읍,쌍봉리,15,1988-04-23
4377025336,충청북도,음성군,금왕읍,유포리,16,1988-04-23
4377025337,충청북도,음성군,금왕읍,오선리,17,1988-04-23
4377025338,충청북도,음성군,금왕읍,도청리,18,1988-04-23
4377025339,충청북도,음성군,금왕읍,내송리,19,1988-04-23
4377025340,충청북도,음성군,금왕읍,각회리,20,1988-04-23
4377025341,충청북도,음성군,금왕읍,삼봉리,21,1988-04-23
4377025342,충청북도,음성군,금왕읍,행제리,22,1992-06-04
4377025600,충청북도,음성군,대소읍,,6,2026-03-25
4377025621,충청북도,음성군,대소읍,오산리,1,2026-03-25
4377025622,충청북도,음성군,대소읍,태생리,2,2026-03-25
4377025623,충청북도,음성군,대소읍,소석리,3,2026-03-25
4377025624,충청북도,음성군,대소읍,성본리,4,2026-03-25
4377025625,충청북도,음성군,대소읍,부윤리,5,2026-03-25
4377025626,충청북도,음성군,대소읍,수태리,6,2026-03-25
4377025627,충청북도,음성군,대소읍,삼정리,7,2026-03-25
4377025628,충청북도,음성군,대소읍,미곡리,8,2026-03-25
4377025629,충청북도,음성군,대소읍,삼호리,9,2026-03-25
4377025630,충청북도,음성군,대소읍,내산리,10,2026-03-25
4377025631,충청북도,음성군,대소읍,오류리,11,2026-03-25
4377025632,충청북도,음성군,대소읍,대풍리,12,2026-03-25
4377031000,충청북도,음성군,소이면,,3,1988-04-23
4377031021,충청북도,음성군,소이면,대장리,1,1988-04-23
4377031022,충청북도,음성군,소이면,후미리,2,1988-04-23
4377031023,충청북도,음성군,소이면,중동리,3,1988-04-23
4377031024,충청북도,음성군,소이면,문등리,4,1988-04-23
4377031025,충청북도,음성군,소이면,갑산리,5,1988-04-23
4377031026,충청북도,음성군,소이면,봉전리,6,1988-04-23
4377031027,충청북도,음성군,소이면,금고리,7,1988-04-23
4377031028,충청북도,음성군,소이면,충도리,8,1988-04-23
4377031029,충청북도,음성군,소이면,비산리,9,1988-04-23
4377032000,충청북도,음성군,원남면,,4,1988-04-23
4377032021,충청북도,음성군,원남면,보천리,1,1988-04-23
4377032022,충청북도,음성군,원남면,보룡리,2,1988-04-23
4377032023,충청북도,음성군,원남면,마송리,3,1988-04-23
4377032024,충청북도,음성군,원남면,상당리,4,1988-04-23
4377032025,충청북도,음성군,원남면,하당리,5,1988-04-23
4377032026,충청북도,음성군,원남면,상노리,6,1988-04-23
4377032027,충청북도,음성군,원남면,하노리,7,1988-04-23
4377032028,충청북도,음성군,원남면,구안리,8,1988-04-23
4377032029,충청북도,음성군,원남면,주봉리,9,1988-04-23
4377032030,충청북도,음성군,원남면,문암리,10,1988-04-23
4377032031,충청북도,음성군,원남면,조촌리,11,1988-04-23
4377032032,충청북도,음성군,원남면,삼용리,12,1988-04-23
4377032033,충청북도,음성군,원남면,덕정리,13,1988-04-23
4377033000,충청북도,음성군,맹동면,,5,1988-04-23
4377033021,충청북도,음성군,맹동면,쌍정리,1,1988-04-23
4377033022,충청북도,음성군,맹동면,인곡리,2,1988-04-23
4377033023,충청북도,음성군,맹동면,마산리,3,1988-04-23
4377033024,충청북도,음성군,맹동면,봉현리,4,1988-04-23
4377033025,충청북도,음성군,맹동면,용촌리,5,1988-04-23
4377033026,충청북도,음성군,맹동면,신돈리,6,1988-04-23
4377033027,충청북도,음성군,맹동면,본성리,7,1988-04-23
4377033028,충청북도,음성군,맹동면,두성리,8,1988-04-23
4377033029,충청북도,음성군,맹동면,통동리,9,1988-04-23
4377033030,충청북도,음성군,맹동면,군자리,10,1988-04-23
4377033031,충청북도,음성군,맹동면,동성리,0,2014-10-10
4377035000,충청북도,음성군,삼성면,,7,1988-04-23
4377035021,충청북도,음성군,삼성면,덕정리,1,1988-04-23
4377035022,충청북도,음성군,삼성면,양덕리,2,1988-04-23
4377035023,충청북도,음성군,삼성면,대사리,3,1988-04-23
4377035024,충청북도,음성군,삼성면,용성리,4,1988-04-23
4377035025,충청북도,음성군,삼성면,상곡리,5,1988-04-23
4377035026,충청북도,음성군,삼성면,청용리,6,1988-04-23
4377035027,충청북도,음성군,삼성면,천평리,7,1988-04-23
4377035028,충청북도,음성군,삼성면,선정리,8,1988-04-23
4377035029,충청북도,음성군,삼성면,대정리,9,1988-04-23
4377035030,충청북도,음성군,삼성면,능산리,10,1988-04-23
4377035031,충청북도,음성군,삼성면,용대리,11,1988-04-23
4377035032,충청북도,음성군,삼성면,대야리,12,1988-04-23
4377036000,충청북도,음성군,생극면,,8,1988-04-23
4377036021,충청북도,음성군,생극면,신양리,1,1988-04-23
4377036022,충청북도,음성군,생극면,병암리,2,1988-04-23
4377036023,충청북도,음성군,생극면,도신리,3,1988-04-23
4377036024,충청북도,음성군,생극면,관성리,4,1988-04-23
4377036025,충청북도,음성군,생극면,팔성리,5,1988-04-23
4377036026,충청북도,음성군,생극면,송곡리,6,1988-04-23
4377036027,충청북도,음성군,생극면,임곡리,7,1988-04-23
4377036028,충청북도,음성군,생극면,방축리,8,1988-04-23
4377036029,충청북도,음성군,생극면,차평리,9,1988-04-23
4377036030,충청북도,음성군,생극면,차곡리,10,1988-04-23
4377036031,충청북도,음성군,생극면,오생리,11,1988-04-23
4377036032,충청북도,음성군,생극면,생리,12,1988-04-23
4377037000,충청북도,음성군,감곡면,,9,1988-04-23
4377037021,충청북도,음성군,감곡면,오향리,1,1988-04-23
4377037022,충청북도,음성군,감곡면,주천리,2,1988-04-23
4377037023,충청북도,음성군,감곡면,원당리,3,1988-04-23
4377037024,충청북도,음성군,감곡면,상평리,4,1988-04-23
4377037025,충청북도,음성군,감곡면,월정리,5,1988-04-23
4377037026,충청북도,음성군,감곡면,영산리,6,1988-04-23
4377037027,충청북도,음성군,감곡면,사곡리,7,1988-04-23
4377037028,충청북도,음성군,감곡면,문촌리,8,1988-04-23
4377037029,충청북도,음성군,감곡면,오궁리,9,1988-04-23
4377037030,충청북도,음성군,감곡면,상우리,10,1988-04-23
4377037031,충청북도,음성군,감곡면,왕장리,11,1988-04-23
4377037032,충청북도,음성군,감곡면,단평리,12,1988-04-23
4380000000,충청북도,단양군,,,13,1988-04-23
4380025000,충청북도,단양군,단양읍,,1,1988-04-23
4380025021,충청북도,단양군,단양읍,현천리,1,1988-04-23
4380025022,충청북도,단양군,단양읍,덕상리,2,1988-04-23
4380025023,충청북도,단양군,단양읍,심곡리,3,1988-04-23
4380025024,충청북도,단양군,단양읍,증도리,4,1988-04-23
4380025025,충청북도,단양군,단양읍,별곡리,5,1988-04-23
4380025026,충청북도,단양군,단양읍,도전리,6,1988-04-23
4380025027,충청북도,단양군,단양읍,상진리,7,1988-04-23
4380025028,충청북도,단양군,단양읍,도담리,8,1988-04-23
4380025029,충청북도,단양군,단양읍,후곡리,9,1989-01-01
4380025030,충청북도,단양군,단양읍,장현리,10,1989-01-01
4380025031,충청북도,단양군,단양읍,노동리,11,1989-01-01
4380025032,충청북도,단양군,단양읍,마조리,12,1989-01-01
4380025033,충청북도,단양군,단양읍,수촌리,13,1989-01-01
4380025034,충청북도,단양군,단양읍,천동리,14,1989-01-01
4380025035,충청북도,단양군,단양읍,금곡리,15,1989-01-01
4380025036,충청북도,단양군,단양읍,기촌리,16,1989-01-01
4380025037,충청북도,단양군,단양읍,고수리,17,1989-01-01
4380025300,충청북도,단양군,매포읍,,2,1988-04-23
4380025321,충청북도,단양군,매포읍,매포리,1,1988-04-23
4380025322,충청북도,단양군,매포읍,우덕리,2,1988-04-23
4380025324,충청북도,단양군,매포읍,하괴리,4,1988-04-23
4380025325,충청북도,단양군,매포읍,상괴리,5,1988-04-23
4380025326,충청북도,단양군,매포읍,안동리,6,1988-04-23
4380025327,충청북도,단양군,매포읍,평동리,7,1988-04-23
4380025328,충청북도,단양군,매포읍,도곡리,8,1988-04-23
4380025329,충청북도,단양군,매포읍,하시리,9,1988-04-23
4380025330,충청북도,단양군,매포읍,상시리,10,1988-04-23
4380025331,충청북도,단양군,매포읍,영천리,11,1988-04-23
4380025332,충청북도,단양군,매포읍,가평리,12,1988-04-23
4380025333,충청북도,단양군,매포읍,삼곡리,13,1988-04-23
4380025334,충청북도,단양군,매포읍,고양리,14,1988-04-23
4380025335,충청북도,단양군,매포읍,김산리,15,1988-04-23
4380025336,충청북도,단양군,매포읍,응실리,3,2018-02-28
4380031000,충청북도,단양군,대강면,,3,1988-04-23
4380031021,충청북도,단양군,대강면,장림리,1,1988-04-23
4380031023,충청북도,단양군,대강면,당동리,2,1988-04-23
4380031024,충청북도,단양군,대강면,용부원리,3,1988-04-23
4380031033,충청북도,단양군,대강면,두음리,4,1988-04-23
4380031034,충청북도,단양군,대강면,괴평리,5,1988-04-23
4380031035,충청북도,단양군,대강면,사인암리,6,1988-04-23
4380031036,충청북도,단양군,대강면,직티리,7,1988-04-23
4380031037,충청북도,단양군,대강면,황정리,8,1988-04-23
4380031038,충청북도,단양군,대강면,성금리,9,1988-04-23
4380031039,충청북도,단양군,대강면,미노리,10,1988-04-23
4380031040,충청북도,단양군,대강면,덕촌리,11,1988-04-23
4380031041,충청북도,단양군,대강면,장정리,12,1988-04-23
4380031042,충청북도,단양군,대강면,사동리,13,1988-04-23
4380031043,충청북도,단양군,대강면,남천리,14,1988-04-23
4380031044,충청북도,단양군,대강면,남조리,15,1988-04-23
4380031045,충청북도,단양군,대강면,무수천리,16,1988-04-23
4380031046,충청북도,단양군,대강면,신구리,17,1988-04-23
4380031047,충청북도,단양군,대강면,올산리,18,1988-04-23
4380031048,충청북도,단양군,대강면,방곡리,19,1988-04-23
4380032000,충청북도,단양군,가곡면,,4,1988-04-23
4380032021,충청북도,단양군,가곡면,사평리,1,1988-04-23
4380032022,충청북도,단양군,가곡면,가대리,2,1988-04-23
4380032023,충청북도,단양군,가곡면,여천리,3,1988-04-23
4380032024,충청북도,단양군,가곡면,덕천리,4,1988-04-23
4380032025,충청북도,단양군,가곡면,대대리,5,1988-04-23
4380032026,충청북도,단양군,가곡면,어의곡리,6,1988-04-23
4380032027,충청북도,단양군,가곡면,보발리,7,1988-04-23
4380032028,충청북도,단양군,가곡면,향산리,8,1988-04-23
4380033000,충청북도,단양군,영춘면,,5,1988-04-23
4380033021,충청북도,단양군,영춘면,상리,1,1988-04-23
4380033022,충청북도,단양군,영춘면,하리,2,1988-04-23
4380033023,충청북도,단양군,영춘면,남천리,3,1988-04-23
4380033024,충청북도,단양군,영춘면,백자리,4,1988-04-23
4380033025,충청북도,단양군,영춘면,의풍리,5,1988-04-23
4380033026,충청북도,단양군,영춘면,동대리,6,1988-04-23
4380033027,충청북도,단양군,영춘면,용진리,7,1988-04-23
4380033028,충청북도,단양군,영춘면,오사리,8,1988-04-23
4380033029,충청북도,단양군,영춘면,유암리,9,1988-04-23
4380033030,충청북도,단양군,영춘면,사이곡리,10,1988-04-23
4380033031,충청북도,단양군,영춘면,별방리,11,1988-04-23
4380033032,충청북도,단양군,영춘면,만종리,12,1988-04-23
4380033033,충청북도,단양군,영춘면,장발리,13,1988-04-23
4380033034,충청북도,단양군,영춘면,사지원리,14,1988-04-23
4380034000,충청북도,단양군,어상천면,,6,1988-04-23
4380034021,충청북도,단양군,어상천면,임현리,1,1988-04-23
4380034022,충청북도,단양군,어상천면,연곡리,2,1988-04-23
4380034023,충청북도,단양군,어상천면,석교리,3,1988-04-23
4380034024,충청북도,단양군,어상천면,대전리,4,1988-04-23
4380034025,충청북도,단양군,어상천면,덕문곡리,5,1988-04-23
4380034026,충청북도,단양군,어상천면,방북리,6,1988-04-23
4380034027,충청북도,단양군,어상천면,심곡리,7,1988-04-23
4380034028,충청북도,단양군,어상천면,율곡리,8,1988-04-23
4380035000,충청북도,단양군,적성면,,7,1988-04-23
4380035021,충청북도,단양군,적성면,하진리,1,1988-04-23
4380035022,충청북도,단양군,적성면,현곡리,2,1988-04-23
4380035023,충청북도,단양군,적성면,하리,3,1988-04-23
4380035024,충청북도,단양군,적성면,성곡리,4,1988-04-23
4380035025,충청북도,단양군,적성면,상리,5,1988-04-23
4380035026,충청북도,단양군,적성면,애곡리,6,1988-04-23
4380035027,충청북도,단양군,적성면,기동리,7,1988-04-23
4380035028,충청북도,단양군,적성면,각기리,8,1988-04-23
4380035029,충청북도,단양군,적성면,소야리,9,1988-04-23
4380035030,충청북도,단양군,적성면,대가리,10,1988-04-23
4380035031,충청북도,단양군,적성면,파랑리,11,1988-04-23
4380035032,충청북도,단양군,적성면,하원곡리,12,1988-04-23
4380035033,충청북도,단양군,적성면,상원곡리,13,1988-04-23
4380036000,충청북도,단양군,단성면,,8,1992-01-01
4380036021,충청북도,단양군,단성면,북상리,1,1992-01-01
4380036022,충청북도,단양군,단성면,북하리,2,1992-01-01
4380036023,충청북도,단양군,단성면,상방리,3,1992-01-01
4380036024,충청북도,단양군,단성면,중방리,4,1992-01-01
4380036025,충청북도,단양군,단성면,하방리,5,1992-01-01
4380036026,충청북도,단양군,단성면,외중방리,6,1992-01-01
4380036027,충청북도,단양군,단성면,장회리,7,1992-01-01
4380036028,충청북도,단양군,단성면,두항리,8,1992-01-01
4380036029,충청북도,단양군,단성면,고평리,9,1992-01-01
4380036030,충청북도,단양군,단성면,양당리,10,1992-01-01
4380036031,충청북도,단양군,단성면,벌천리,11,1992-01-01
4380036032,충청북도,단양군,단성면,회산리,12,1992-01-01
4380036033,충청북도,단양군,단성면,가산리,13,1992-01-01
4380036034,충청북도,단양군,단성면,대잠리,14,1992-01-01
4400000000,충청남도,,,,11,1988-04-23
4413000000,충청남도,천안시,,,1,1988-04-23
4413100000,충청남도,천안시동남구,,,0,2008-06-23
4413110100,충청남도,천안시동남구,대흥동,,0,2008-06-23
4413110200,충청남도,천안시동남구,성황동,,0,2008-06-23
4413110300,충청남도,천안시동남구,문화동,,0,2008-06-23
4413110400,충청남도,천안시동남구,사직동,,0,2008-06-23
4413110500,충청남도,천안시동남구,영성동,,0,2008-06-23
4413110600,충청남도,천안시동남구,오룡동,,0,2008-06-23
4413110700,충청남도,천안시동남구,원성동,,0,2008-06-23
4413110800,충청남도,천안시동남구,구성동,,0,2008-06-23
4413110900,충청남도,천안시동남구,청수동,,0,2008-06-23
4413111000,충청남도,천안시동남구,삼룡동,,0,2008-06-23
4413111100,충청남도,천안시동남구,청당동,,0,2008-06-23
4413111200,충청남도,천안시동남구,유량동,,0,2008-06-23
4413111300,충청남도,천안시동남구,봉명동,,0,2008-06-23
4413111400,충청남도,천안시동남구,다가동,,0,2008-06-23
4413111500,충청남도,천안시동남구,용곡동,,0,2008-06-23
4413111600,충청남도,천안시동남구,신방동,,0,2008-06-23
4413111700,충청남도,천안시동남구,쌍용동,,0,2008-06-23
4413111800,충청남도,천안시동남구,신부동,,0,2008-06-23
4413111900,충청남도,천안시동남구,안서동,,0,2008-06-23
4413112000,충청남도,천안시동남구,구룡동,,0,2008-06-23
4413125000,충청남도,천안시동남구,목천읍,,0,2008-06-23
4413125021,충청남도,천안시동남구,목천읍,서리,0,2008-06-23
4413125022,충청남도,천안시동남구,목천읍,동리,0,2008-06-23
4413125023,충청남도,천안시동남구,목천읍,교촌리,0,2008-06-23
4413125024,충청남도,천안시동남구,목천읍,서흥리,0,2008-06-23
4413125025,충청남도,천안시동남구,목천읍,덕전리,0,2008-06-23
4413125026,충청남도,천안시동남구,목천읍,송전리,0,2008-06-23
4413125027,충청남도,천안시동남구,목천읍,석천리,0,2008-06-23
4413125028,충청남도,천안시동남구,목천읍,동평리,0,2008-06-23
4413125029,충청남도,천안시동남구,목천읍,운전리,0,2008-06-23
4413125030,충청남도,천안시동남구,목천읍,남화리,0,2008-06-23
4413125031,충청남도,천안시동남구,목천읍,지산리,0,2008-06-23
4413125032,충청남도,천안시동남구,목천읍,교천리,0,2008-06-23
4413125033,충청남도,천안시동남구,목천읍,신계리,0,2008-06-23
4413125034,충청남도,천안시동남구,목천읍,천정리,0,2008-06-23
4413125035,충청남도,천안시동남구,목천읍,응원리,0,2008-06-23
4413125036,충청남도,천안시동남구,목천읍,삼성리,0,2008-06-23
4413125037,충청남도,천안시동남구,목천읍,도장리,0,2008-06-23
4413125038,충청남도,천안시동남구,목천읍,소사리,0,2008-06-23
4413131000,충청남도,천안시동남구,풍세면,,0,2008-06-23
4413131021,충청남도,천안시동남구,풍세면,풍서리,0,2008-06-23
4413131022,충청남도,천안시동남구,풍세면,가송리,0,2008-06-23
4413131023,충청남도,천안시동남구,풍세면,미죽리,0,2008-06-23
4413131024,충청남도,천안시동남구,풍세면,두남리,0,2008-06-23
4413131025,충청남도,천안시동남구,풍세면,남관리,0,2008-06-23
4413131026,충청남도,천안시동남구,풍세면,삼태리,0,2008-06-23
4413131027,충청남도,천안시동남구,풍세면,용정리,0,2008-06-23
4413131028,충청남도,천안시동남구,풍세면,보성리,0,2008-06-23
4413132000,충청남도,천안시동남구,광덕면,,0,2008-06-23
4413132021,충청남도,천안시동남구,광덕면,광덕리,0,2008-06-23
4413132022,충청남도,천안시동남구,광덕면,지장리,0,2008-06-23
4413132023,충청남도,천안시동남구,광덕면,보산원리,0,2008-06-23
4413132024,충청남도,천안시동남구,광덕면,대덕리,0,2008-06-23
4413132025,충청남도,천안시동남구,광덕면,매당리,0,2008-06-23
4413132026,충청남도,천안시동남구,광덕면,신흥리,0,2008-06-23
4413132027,충청남도,천안시동남구,광덕면,무학리,0,2008-06-23
4413132028,충청남도,천안시동남구,광덕면,신덕리,0,2008-06-23
4413132029,충청남도,천안시동남구,광덕면,행정리,0,2008-06-23
4413132030,충청남도,천안시동남구,광덕면,대평리,0,2008-06-23
4413132031,충청남도,천안시동남구,광덕면,원덕리,0,2008-06-23
4413133000,충청남도,천안시동남구,북면,,0,2008-06-23
4413133021,충청남도,천안시동남구,북면,연춘리,0,2008-06-23
4413133022,충청남도,천안시동남구,북면,상동리,0,2008-06-23
4413133023,충청남도,천안시동남구,북면,은지리,0,2008-06-23
4413133024,충청남도,천안시동남구,북면,용암리,0,2008-06-23
4413133025,충청남도,천안시동남구,북면,매송리,0,2008-06-23
4413133026,충청남도,천안시동남구,북면,명덕리,0,2008-06-23
4413133027,충청남도,천안시동남구,북면,오곡리,0,2008-06-23
4413133028,충청남도,천안시동남구,북면,사담리,0,2008-06-23
4413133029,충청남도,천안시동남구,북면,전곡리,0,2008-06-23
4413133030,충청남도,천안시동남구,북면,양곡리,0,2008-06-23
4413133031,충청남도,천안시동남구,북면,납안리,0,2008-06-23
4413133032,충청남도,천안시동남구,북면,운용리,0,2008-06-23
4413133033,충청남도,천안시동남구,북면,대평리,0,2008-06-23
4413134000,충청남도,천안시동남구,성남면,,0,2008-06-23
4413134021,충청남도,천안시동남구,성남면,신덕리,0,2008-06-23
4413134022,충청남도,천안시동남구,성남면,봉양리,0,2008-06-23
4413134023,충청남도,천안시동남구,성남면,대흥리,0,2008-06-23
4413134024,충청남도,천안시동남구,성남면,대정리,0,2008-06-23
4413134025,충청남도,천안시동남구,성남면,석곡리,0,2008-06-23
4413134026,충청남도,천안시동남구,성남면,용원리,0,2008-06-23
4413134027,충청남도,천안시동남구,성남면,신사리,0,2008-06-23
4413134028,충청남도,천안시동남구,성남면,대화리,0,2008-06-23
4413134029,충청남도,천안시동남구,성남면,화성리,0,2008-06-23
4413135000,충청남도,천안시동남구,수신면,,0,2008-06-23
4413135021,충청남도,천안시동남구,수신면,속창리,0,2008-06-23
4413135022,충청남도,천안시동남구,수신면,신풍리,0,2008-06-23
4413135023,충청남도,천안시동남구,수신면,해정리,0,2008-06-23
4413135024,충청남도,천안시동남구,수신면,백자리,0,2008-06-23
4413135025,충청남도,천안시동남구,수신면,발산리,0,2008-06-23
4413135026,충청남도,천안시동남구,수신면,장산리,0,2008-06-23
4413136000,충청남도,천안시동남구,병천면,,0,2008-06-23
4413136021,충청남도,천안시동남구,병천면,가전리,0,2008-06-23
4413136022,충청남도,천안시동남구,병천면,병천리,0,2008-06-23
4413136023,충청남도,천안시동남구,병천면,탑원리,0,2008-06-23
4413136024,충청남도,천안시동남구,병천면,도원리,0,2008-06-23
4413136025,충청남도,천안시동남구,병천면,매성리,0,2008-06-23
4413136026,충청남도,천안시동남구,병천면,관성리,0,2008-06-23
4413136027,충청남도,천안시동남구,병천면,봉항리,0,2008-06-23
4413136028,충청남도,천안시동남구,병천면,용두리,0,2008-06-23
4413136029,충청남도,천안시동남구,병천면,송정리,0,2008-06-23
4413137000,충청남도,천안시동남구,동면,,0,2008-06-23
4413137021,충청남도,천안시동남구,동면,구도리,0,2008-06-23
4413137022,충청남도,천안시동남구,동면,송연리,0,2008-06-23
4413137023,충청남도,천안시동남구,동면,화계리,0,2008-06-23
4413137024,충청남도,천안시동남구,동면,광덕리,0,2008-06-23
4413137025,충청남도,천안시동남구,동면,동산리,0,2008-06-23
4413137026,충청남도,천안시동남구,동면,행암리,0,2008-06-23
4413137027,충청남도,천안시동남구,동면,덕성리,0,2008-06-23
4413137028,충청남도,천안시동남구,동면,죽계리,0,2008-06-23
4413137029,충청남도,천안시동남구,동면,장송리,0,2008-06-23
4413137030,충청남도,천안시동남구,동면,수남리,0,2008-06-23
4413137031,충청남도,천안시동남구,동면,화덕리,0,2008-06-23
4413300000,충청남도,천안시서북구,,,0,2008-06-23
4413310100,충청남도,천안시서북구,와촌동,,0,2008-06-23
4413310200,충청남도,천안시서북구,성정동,,0,2008-06-23
4413310300,충청남도,천안시서북구,백석동,,0,2008-06-23
4413310400,충청남도,천안시서북구,두정동,,0,2008-06-23
4413310500,충청남도,천안시서북구,성성동,,0,2008-06-23
4413310600,충청남도,천안시서북구,차암동,,0,2008-06-23
4413310700,충청남도,천안시서북구,쌍용동,,0,2008-06-23
4413310800,충청남도,천안시서북구,불당동,,0,2008-06-23
4413310900,충청남도,천안시서북구,업성동,,0,2008-06-23
4413311000,충청남도,천안시서북구,신당동,,0,2008-06-23
4413311100,충청남도,천안시서북구,부대동,,0,2008-06-23
4413325000,충청남도,천안시서북구,성환읍,,0,2008-06-23
4413325021,충청남도,천안시서북구,성환읍,성환리,0,2008-06-23
4413325022,충청남도,천안시서북구,성환읍,성월리,0,2008-06-23
4413325023,충청남도,천안시서북구,성환읍,매주리,0,2008-06-23
4413325024,충청남도,천안시서북구,성환읍,율금리,0,2008-06-23
4413325025,충청남도,천안시서북구,성환읍,왕림리,0,2008-06-23
4413325026,충청남도,천안시서북구,성환읍,신방리,0,2008-06-23
4413325027,충청남도,천안시서북구,성환읍,송덕리,0,2008-06-23
4413325028,충청남도,천안시서북구,성환읍,우신리,0,2008-06-23
4413325029,충청남도,천안시서북구,성환읍,어룡리,0,2008-06-23
4413325030,충청남도,천안시서북구,성환읍,복모리,0,2008-06-23
4413325031,충청남도,천안시서북구,성환읍,신가리,0,2008-06-23
4413325032,충청남도,천안시서북구,성환읍,와룡리,0,2008-06-23
4413325033,충청남도,천안시서북구,성환읍,학정리,0,2008-06-23
4413325034,충청남도,천안시서북구,성환읍,대홍리,0,2008-06-23
4413325035,충청남도,천안시서북구,성환읍,수향리,0,2008-06-23
4413325036,충청남도,천안시서북구,성환읍,안궁리,0,2008-06-23
4413325037,충청남도,천안시서북구,성환읍,양령리,0,2008-06-23
4413325038,충청남도,천안시서북구,성환읍,도하리,0,2008-06-23
4413325300,충청남도,천안시서북구,성거읍,,0,2008-06-23
4413325321,충청남도,천안시서북구,성거읍,송남리,0,2008-06-23
4413325322,충청남도,천안시서북구,성거읍,천흥리,0,2008-06-23
4413325323,충청남도,천안시서북구,성거읍,오목리,0,2008-06-23
4413325324,충청남도,천안시서북구,성거읍,오색당리,0,2008-06-23
4413325325,충청남도,천안시서북구,성거읍,저리,0,2008-06-23
4413325326,충청남도,천안시서북구,성거읍,모전리,0,2008-06-23
4413325327,충청남도,천안시서북구,성거읍,삼곡리,0,2008-06-23
4413325328,충청남도,천안시서북구,성거읍,정촌리,0,2008-06-23
4413325329,충청남도,천안시서북구,성거읍,문덕리,0,2008-06-23
4413325330,충청남도,천안시서북구,성거읍,석교리,0,2008-06-23
4413325331,충청남도,천안시서북구,성거읍,요방리,0,2008-06-23
4413325332,충청남도,천안시서북구,성거읍,소우리,0,2008-06-23
4413325333,충청남도,천안시서북구,성거읍,신월리,0,2008-06-23
4413325600,충청남도,천안시서북구,직산읍,,0,2008-06-23
4413325621,충청남도,천안시서북구,직산읍,군동리,0,2008-06-23
4413325622,충청남도,천안시서북구,직산읍,군서리,0,2008-06-23
4413325623,충청남도,천안시서북구,직산읍,남산리,0,2008-06-23
4413325624,충청남도,천안시서북구,직산읍,판정리,0,2008-06-23
4413325625,충청남도,천안시서북구,직산읍,수헐리,0,2008-06-23
4413325626,충청남도,천안시서북구,직산읍,삼은리,0,2008-06-23
4413325627,충청남도,천안시서북구,직산읍,상덕리,0,2008-06-23
4413325628,충청남도,천안시서북구,직산읍,부송리,0,2008-06-23
4413325629,충청남도,천안시서북구,직산읍,모시리,0,2008-06-23
4413325630,충청남도,천안시서북구,직산읍,자은가리,0,2008-06-23
4413325631,충청남도,천안시서북구,직산읍,양당리,0,2008-06-23
4413325632,충청남도,천안시서북구,직산읍,신갈리,0,2008-06-23
4413325633,충청남도,천안시서북구,직산읍,마정리,0,2008-06-23
4413325634,충청남도,천안시서북구,직산읍,석곡리,0,2008-06-23
4413331000,충청남도,천안시서북구,입장면,,0,2008-06-23
4413331021,충청남도,천안시서북구,입장면,하장리,0,2008-06-23
4413331022,충청남도,천안시서북구,입장면,상장리,0,2008-06-23
4413331023,충청남도,천안시서북구,입장면,기로리,0,2008-06-23
4413331024,충청남도,천안시서북구,입장면,도림리,0,2008-06-23
4413331025,충청남도,천안시서북구,입장면,양대리,0,2008-06-23
4413331026,충청남도,천안시서북구,입장면,홍천리,0,2008-06-23
4413331027,충청남도,천안시서북구,입장면,호당리,0,2008-06-23
4413331028,충청남도,천안시서북구,입장면,시장리,0,2008-06-23
4413331029,충청남도,천안시서북구,입장면,효계리,0,2008-06-23
4413331030,충청남도,천안시서북구,입장면,신덕리,0,2008-06-23
4413331031,충청남도,천안시서북구,입장면,신두리,0,2008-06-23
4413331032,충청남도,천안시서북구,입장면,용정리,0,2008-06-23
4413331033,충청남도,천안시서북구,입장면,흑암리,0,2008-06-23
4413331034,충청남도,천안시서북구,입장면,산정리,0,2008-06-23
4413331035,충청남도,천안시서북구,입장면,연곡리,0,2008-06-23
4413331036,충청남도,천안시서북구,입장면,가산리,0,2008-06-23
4413331037,충청남도,천안시서북구,입장면,유리,0,2008-06-23
4413331038,충청남도,천안시서북구,입장면,독정리,0,2008-06-23
4415000000,충청남도,공주시,,,2,1988-04-23
4415010100,충청남도,공주시,반죽동,,1,1998-12-02
4415010200,충청남도,공주시,봉황동,,2,1998-12-02
4415010300,충청남도,공주시,중학동,,3,1988-04-23
4415010400,충청남도,공주시,중동,,4,1988-04-23
4415010500,충청남도,공주시,산성동,,5,1988-04-23
4415010600,충청남도,공주시,교동,,6,1988-04-23
4415010700,충청남도,공주시,웅진동,,7,1988-04-23
4415010800,충청남도,공주시,금성동,,8,1988-04-23
4415010900,충청남도,공주시,옥룡동,,9,1988-04-23
4415011000,충청남도,공주시,금학동,,10,1988-04-23
4415011100,충청남도,공주시,봉정동,,11,1988-04-23
4415011200,충청남도,공주시,주미동,,12,1988-04-23
4415011300,충청남도,공주시,태봉동,,13,1988-04-23
4415011400,충청남도,공주시,오곡동,,14,1988-04-23
4415011500,충청남도,공주시,신기동,,15,1988-04-23
4415011600,충청남도,공주시,소학동,,16,1988-04-23
4415011700,충청남도,공주시,상왕동,,17,1988-04-23
4415011800,충청남도,공주시,무릉동,,18,1998-12-02
4415011900,충청남도,공주시,월송동,,19,1998-12-02
4415012000,충청남도,공주시,신관동,,20,1988-04-23
4415012100,충청남도,공주시,금흥동,,21,1998-12-02
4415012200,충청남도,공주시,쌍신동,,22,1988-04-23
4415012300,충청남도,공주시,월미동,,23,1988-04-23
4415012400,충청남도,공주시,검상동,,24,1988-04-23
4415012500,충청남도,공주시,석장리동,,,2012-07-01
4415012600,충청남도,공주시,송선동,,,2012-07-01
4415012700,충청남도,공주시,동현동,,,2012-07-01
4415025000,충청남도,공주시,유구읍,,25,1995-03-02
4415025021,충청남도,공주시,유구읍,백교리,1,1995-03-02
4415025022,충청남도,공주시,유구읍,노동리,2,1995-03-02
4415025023,충청남도,공주시,유구읍,석남리,3,1995-03-02
4415025024,충청남도,공주시,유구읍,유구리,4,1995-03-02
4415025025,충청남도,공주시,유구읍,녹천리,5,1995-03-02
4415025026,충청남도,공주시,유구읍,신영리,6,1995-03-02
4415025027,충청남도,공주시,유구읍,신달리,7,1995-03-02
4415025028,충청남도,공주시,유구읍,입석리,8,1995-03-02
4415025029,충청남도,공주시,유구읍,명곡리,9,1995-03-02
4415025030,충청남도,공주시,유구읍,구계리,10,1995-03-02
4415025031,충청남도,공주시,유구읍,연종리,11,1995-03-02
4415025032,충청남도,공주시,유구읍,세동리,12,1995-03-02
4415025033,충청남도,공주시,유구읍,추계리,13,1995-03-02
4415025034,충청남도,공주시,유구읍,덕곡리,14,1995-03-02
4415025035,충청남도,공주시,유구읍,문금리,15,1995-03-02
4415025036,충청남도,공주시,유구읍,탑곡리,16,1995-03-02
4415025037,충청남도,공주시,유구읍,동해리,17,1995-03-02
4415025038,충청남도,공주시,유구읍,만천리,18,1995-03-02
4415031000,충청남도,공주시,이인면,,26,1995-01-01
4415031021,충청남도,공주시,이인면,이인리,1,1995-01-01
4415031022,충청남도,공주시,이인면,만수리,2,1995-01-01
4415031023,충청남도,공주시,이인면,오룡리,3,1995-01-01
4415031024,충청남도,공주시,이인면,신흥리,4,1995-01-01
4415031025,충청남도,공주시,이인면,주봉리,5,1995-01-01
4415031026,충청남도,공주시,이인면,목동리,6,1995-01-01
4415031027,충청남도,공주시,이인면,발양리,7,1995-01-01
4415031028,충청남도,공주시,이인면,초봉리,8,1995-01-01
4415031029,충청남도,공주시,이인면,용성리,9,1995-01-01
4415031030,충청남도,공주시,이인면,구암리,10,1995-01-01
4415031031,충청남도,공주시,이인면,달산리,11,1995-01-01
4415031032,충청남도,공주시,이인면,산의리,12,1995-01-01
4415031033,충청남도,공주시,이인면,복룡리,13,1995-01-01
4415031034,충청남도,공주시,이인면,반송리,14,1995-01-01
4415031035,충청남도,공주시,이인면,이곡리,15,1995-01-01
4415031036,충청남도,공주시,이인면,운암리,16,1995-01-01
4415031037,충청남도,공주시,이인면,신영리,17,1995-01-01
4415032000,충청남도,공주시,탄천면,,27,1995-01-01
4415032021,충청남도,공주시,탄천면,삼각리,1,1995-01-01
4415032022,충청남도,공주시,탄천면,광명리,2,1995-01-01
4415032023,충청남도,공주시,탄천면,장선리,3,1995-01-01
4415032024,충청남도,공주시,탄천면,안영리,4,1995-01-01
4415032025,충청남도,공주시,탄천면,덕지리,5,1995-01-01
4415032026,충청남도,공주시,탄천면,화정리,6,1995-01-01
4415032027,충청남도,공주시,탄천면,남산리,7,1995-01-01
4415032028,충청남도,공주시,탄천면,가척리,8,1995-01-01
4415032029,충청남도,공주시,탄천면,정치리,9,1995-01-01
4415032030,충청남도,공주시,탄천면,성리,10,1995-01-01
4415032031,충청남도,공주시,탄천면,송학리,11,1995-01-01
4415032032,충청남도,공주시,탄천면,분강리,12,1995-01-01
4415032033,충청남도,공주시,탄천면,유하리,13,1995-01-01
4415032034,충청남도,공주시,탄천면,국동리,14,1995-01-01
4415032035,충청남도,공주시,탄천면,운곡리,15,1995-01-01
4415032036,충청남도,공주시,탄천면,견동리,16,1995-01-01
4415032037,충청남도,공주시,탄천면,대학리,17,1995-01-01
4415033000,충청남도,공주시,계룡면,,28,1995-01-01
4415033021,충청남도,공주시,계룡면,기산리,1,1995-01-01
4415033022,충청남도,공주시,계룡면,월암리,2,1995-01-01
4415033023,충청남도,공주시,계룡면,봉명리,3,1995-01-01
4415033024,충청남도,공주시,계룡면,화은리,4,1995-01-01
4415033025,충청남도,공주시,계룡면,내흥리,5,1995-01-01
4415033026,충청남도,공주시,계룡면,구왕리,6,1995-01-01
4415033027,충청남도,공주시,계룡면,중장리,7,1995-01-01
4415033028,충청남도,공주시,계룡면,하대리,8,1995-01-01
4415033029,충청남도,공주시,계룡면,양화리,9,1995-01-01
4415033030,충청남도,공주시,계룡면,경천리,10,1995-01-01
4415033031,충청남도,공주시,계룡면,화헌리,11,1995-01-01
4415033032,충청남도,공주시,계룡면,금대리,12,1995-01-01
4415033033,충청남도,공주시,계룡면,상성리,13,1995-01-01
4415033034,충청남도,공주시,계룡면,월곡리,14,1995-01-01
4415033035,충청남도,공주시,계룡면,죽곡리,15,1995-01-01
4415033036,충청남도,공주시,계룡면,향지리,16,1995-01-01
4415033037,충청남도,공주시,계룡면,유평리,17,1995-01-01
4415034000,충청남도,공주시,반포면,,29,1995-01-01
4415034021,충청남도,공주시,반포면,공암리,1,1995-01-01
4415034023,충청남도,공주시,반포면,송곡리,2,1995-01-01
4415034028,충청남도,공주시,반포면,마암리,3,1995-01-01
4415034029,충청남도,공주시,반포면,봉곡리,4,1995-01-01
4415034030,충청남도,공주시,반포면,상신리,5,1995-01-01
4415034031,충청남도,공주시,반포면,하신리,6,1995-01-01
4415034032,충청남도,공주시,반포면,온천리,7,1995-01-01
4415034033,충청남도,공주시,반포면,학봉리,8,1995-01-01
4415036000,충청남도,공주시,의당면,,31,1995-01-01
4415036021,충청남도,공주시,의당면,월곡리,1,1995-01-01
4415036022,충청남도,공주시,의당면,두만리,2,1995-01-01
4415036023,충청남도,공주시,의당면,오인리,3,1995-01-01
4415036024,충청남도,공주시,의당면,수촌리,4,1995-01-01
4415036025,충청남도,공주시,의당면,율정리,5,1995-01-01
4415036026,충청남도,공주시,의당면,청룡리,6,1995-01-01
4415036027,충청남도,공주시,의당면,유계리,7,1995-01-01
4415036033,충청남도,공주시,의당면,가산리,8,1995-01-01
4415036034,충청남도,공주시,의당면,중흥리,9,1995-01-01
4415036035,충청남도,공주시,의당면,도신리,10,1995-01-01
4415036036,충청남도,공주시,의당면,덕학리,11,1995-01-01
4415036037,충청남도,공주시,의당면,요룡리,12,1995-01-01
4415037000,충청남도,공주시,정안면,,32,1995-01-01
4415037021,충청남도,공주시,정안면,광정리,1,1995-01-01
4415037022,충청남도,공주시,정안면,상룡리,2,1995-01-01
4415037023,충청남도,공주시,정안면,화봉리,3,1995-01-01
4415037024,충청남도,공주시,정안면,평정리,4,1995-01-01
4415037025,충청남도,공주시,정안면,북계리,5,1995-01-01
4415037026,충청남도,공주시,정안면,석송리,6,1995-01-01
4415037027,충청남도,공주시,정안면,전평리,7,1995-01-01
4415037028,충청남도,공주시,정안면,쌍달리,8,1995-01-01
4415037029,충청남도,공주시,정안면,고성리,9,1995-01-01
4415037030,충청남도,공주시,정안면,운궁리,10,1995-01-01
4415037031,충청남도,공주시,정안면,장원리,11,1995-01-01
4415037032,충청남도,공주시,정안면,보물리,12,1995-01-01
4415037033,충청남도,공주시,정안면,어물리,13,1995-01-01
4415037034,충청남도,공주시,정안면,내촌리,14,1995-01-01
4415037035,충청남도,공주시,정안면,사현리,15,1995-01-01
4415037036,충청남도,공주시,정안면,인풍리,16,1995-01-01
4415037037,충청남도,공주시,정안면,태성리,17,1995-01-01
4415037038,충청남도,공주시,정안면,대산리,18,1995-01-01
4415037039,충청남도,공주시,정안면,월산리,19,1995-01-01
4415037040,충청남도,공주시,정안면,문천리,20,1995-01-01
4415037041,충청남도,공주시,정안면,내문리,21,1995-01-01
4415037042,충청남도,공주시,정안면,산성리,22,1995-01-01
4415038000,충청남도,공주시,우성면,,33,1995-01-01
4415038021,충청남도,공주시,우성면,동대리,1,1995-01-01
4415038022,충청남도,공주시,우성면,단지리,2,1995-01-01
4415038023,충청남도,공주시,우성면,방문리,3,1995-01-01
4415038024,충청남도,공주시,우성면,상서리,4,1995-01-01
4415038025,충청남도,공주시,우성면,평목리,5,1995-01-01
4415038026,충청남도,공주시,우성면,도천리,6,1995-01-01
4415038027,충청남도,공주시,우성면,신웅리,7,1995-01-01
4415038028,충청남도,공주시,우성면,내산리,8,1995-01-01
4415038029,충청남도,공주시,우성면,한천리,9,1995-01-01
4415038030,충청남도,공주시,우성면,동곡리,10,1995-01-01
4415038031,충청남도,공주시,우성면,반촌리,11,1995-01-01
4415038032,충청남도,공주시,우성면,귀산리,12,1995-01-01
4415038033,충청남도,공주시,우성면,목천리,13,1995-01-01
4415038034,충청남도,공주시,우성면,방흥리,14,1995-01-01
4415038035,충청남도,공주시,우성면,보흥리,15,1995-01-01
4415038036,충청남도,공주시,우성면,대성리,16,1995-01-01
4415038037,충청남도,공주시,우성면,안양리,17,1995-01-01
4415038038,충청남도,공주시,우성면,용봉리,18,1995-01-01
4415038039,충청남도,공주시,우성면,봉현리,19,1995-01-01
4415038040,충청남도,공주시,우성면,어천리,20,1995-01-01
4415038041,충청남도,공주시,우성면,죽당리,21,1995-01-01
4415038042,충청남도,공주시,우성면,오동리,22,1995-01-01
4415038043,충청남도,공주시,우성면,옥성리,23,1995-01-01
4415039000,충청남도,공주시,사곡면,,34,1995-01-01
4415039021,충청남도,공주시,사곡면,호계리,1,1995-01-01
4415039022,충청남도,공주시,사곡면,신영리,2,1995-01-01
4415039023,충청남도,공주시,사곡면,화월리,3,1995-01-01
4415039024,충청남도,공주시,사곡면,계실리,4,1995-01-01
4415039025,충청남도,공주시,사곡면,해월리,5,1995-01-01
4415039026,충청남도,공주시,사곡면,고당리,6,1995-01-01
4415039027,충청남도,공주시,사곡면,대중리,7,1995-01-01
4415039028,충청남도,공주시,사곡면,가교리,8,1995-01-01
4415039029,충청남도,공주시,사곡면,운암리,9,1995-01-01
4415039030,충청남도,공주시,사곡면,회학리,10,1995-01-01
4415039031,충청남도,공주시,사곡면,월가리,11,1995-01-01
4415039032,충청남도,공주시,사곡면,유룡리,12,1995-01-01
4415039033,충청남도,공주시,사곡면,부곡리,13,1995-01-01
4415040000,충청남도,공주시,신풍면,,35,1995-01-01
4415040021,충청남도,공주시,신풍면,산정리,1,1995-01-01
4415040022,충청남도,공주시,신풍면,동원리,2,1995-01-01
4415040023,충청남도,공주시,신풍면,조평리,3,1995-01-01
4415040024,충청남도,공주시,신풍면,봉갑리,4,1995-01-01
4415040025,충청남도,공주시,신풍면,용수리,5,1995-01-01
4415040026,충청남도,공주시,신풍면,쌍대리,6,1995-01-01
4415040027,충청남도,공주시,신풍면,청흥리,7,1995-01-01
4415040028,충청남도,공주시,신풍면,대룡리,8,1995-01-01
4415040029,충청남도,공주시,신풍면,입동리,9,1995-01-01
4415040030,충청남도,공주시,신풍면,백룡리,10,1995-01-01
4415040031,충청남도,공주시,신풍면,선학리,11,1995-01-01
4415040032,충청남도,공주시,신풍면,영정리,12,1995-01-01
4415040033,충청남도,공주시,신풍면,평소리,13,1995-01-01
4415040034,충청남도,공주시,신풍면,화흥리,14,1995-01-01
4418000000,충청남도,보령시,,,3,1995-01-01
4418010100,충청남도,보령시,대천동,,1,1995-01-01
4418010200,충청남도,보령시,죽정동,,2,1995-01-01
4418010300,충청남도,보령시,화산동,,3,1995-01-01
4418010400,충청남도,보령시,동대동,,4,1995-01-01
4418010500,충청남도,보령시,명천동,,5,1995-01-01
4418010600,충청남도,보령시,궁촌동,,6,1995-01-01
4418010700,충청남도,보령시,내항동,,7,1998-11-09
4418010800,충청남도,보령시,남곡동,,8,1998-11-09
4418010900,충청남도,보령시,요암동,,9,1998-11-09
4418011000,충청남도,보령시,신흑동,,10,1995-01-01
4418025000,충청남도,보령시,웅천읍,,11,1995-03-02
4418025021,충청남도,보령시,웅천읍,대창리,1,1995-03-02
4418025022,충청남도,보령시,웅천읍,평리,2,1995-03-02
4418025023,충청남도,보령시,웅천읍,수부리,3,1995-03-02
4418025024,충청남도,보령시,웅천읍,성동리,4,1995-03-02
4418025025,충청남도,보령시,웅천읍,대천리,5,1995-03-02
4418025026,충청남도,보령시,웅천읍,두룡리,6,1995-03-02
4418025027,충청남도,보령시,웅천읍,구룡리,7,1995-03-02
4418025028,충청남도,보령시,웅천읍,관당리,8,1995-03-02
4418025029,충청남도,보령시,웅천읍,독산리,9,1995-03-02
4418025030,충청남도,보령시,웅천읍,소황리,10,1995-03-02
4418025031,충청남도,보령시,웅천읍,황교리,11,1995-03-02
4418025032,충청남도,보령시,웅천읍,죽청리,12,1995-03-02
4418025033,충청남도,보령시,웅천읍,노천리,13,1995-03-02
4418031000,충청남도,보령시,주포면,,12,1995-01-01
4418031021,충청남도,보령시,주포면,보령리,1,1995-01-01
4418031022,충청남도,보령시,주포면,마강리,2,1995-01-01
4418031023,충청남도,보령시,주포면,봉당리,3,1995-01-01
4418031024,충청남도,보령시,주포면,관산리,4,1995-01-01
4418031025,충청남도,보령시,주포면,연지리,5,1995-01-01
4418032000,충청남도,보령시,오천면,,13,1995-01-01
4418032021,충청남도,보령시,오천면,소성리,1,1995-01-01
4418032022,충청남도,보령시,오천면,영보리,2,1995-01-01
4418032023,충청남도,보령시,오천면,교성리,3,1995-01-01
4418032024,충청남도,보령시,오천면,갈현리,4,1995-01-01
4418032025,충청남도,보령시,오천면,오포리,5,1995-01-01
4418032026,충청남도,보령시,오천면,효자도리,6,1995-01-01
4418032027,충청남도,보령시,오천면,원산도리,7,1995-01-01
4418032028,충청남도,보령시,오천면,삽시도리,8,1995-01-01
4418032029,충청남도,보령시,오천면,녹도리,9,1995-01-01
4418032030,충청남도,보령시,오천면,외연도리,10,1995-01-01
4418033000,충청남도,보령시,천북면,,14,1995-01-01
4418033021,충청남도,보령시,천북면,하만리,1,1995-01-01
4418033022,충청남도,보령시,천북면,학성리,2,1995-01-01
4418033023,충청남도,보령시,천북면,사호리,3,1995-01-01
4418033024,충청남도,보령시,천북면,장은리,4,1995-01-01
4418033025,충청남도,보령시,천북면,궁포리,5,1995-01-01
4418033026,충청남도,보령시,천북면,낙동리,6,1995-01-01
4418033027,충청남도,보령시,천북면,신덕리,7,1995-01-01
4418033028,충청남도,보령시,천북면,신죽리,8,1995-01-01
4418034000,충청남도,보령시,청소면,,15,1995-01-01
4418034021,충청남도,보령시,청소면,진죽리,1,1995-01-01
4418034022,충청남도,보령시,청소면,신송리,2,1995-01-01
4418034023,충청남도,보령시,청소면,재정리,3,1995-01-01
4418034024,충청남도,보령시,청소면,죽림리,4,1995-01-01
4418034025,충청남도,보령시,청소면,성연리,5,1995-01-01
4418034026,충청남도,보령시,청소면,정전리,6,1995-01-01
4418034027,충청남도,보령시,청소면,야현리,7,1995-01-01
4418034028,충청남도,보령시,청소면,장곡리,8,1995-01-01
4418035000,충청남도,보령시,청라면,,16,1995-01-01
4418035021,충청남도,보령시,청라면,나원리,1,1995-01-01
4418035022,충청남도,보령시,청라면,소양리,2,1995-01-01
4418035023,충청남도,보령시,청라면,내현리,3,1995-01-01
4418035024,충청남도,보령시,청라면,의평리,4,1995-01-01
4418035025,충청남도,보령시,청라면,향천리,5,1995-01-01
4418035026,충청남도,보령시,청라면,장산리,6,1995-01-01
4418035027,충청남도,보령시,청라면,옥계리,7,1995-01-01
4418035028,충청남도,보령시,청라면,황룡리,8,1995-01-01
4418035029,충청남도,보령시,청라면,장현리,9,1995-01-01
4418035030,충청남도,보령시,청라면,신산리,10,1995-01-01
4418035031,충청남도,보령시,청라면,음현리,11,1995-01-01
4418036000,충청남도,보령시,남포면,,17,1995-01-01
4418036021,충청남도,보령시,남포면,읍내리,1,1995-01-01
4418036022,충청남도,보령시,남포면,옥동리,2,1995-01-01
4418036023,충청남도,보령시,남포면,창동리,3,1995-01-01
4418036024,충청남도,보령시,남포면,봉덕리,4,1995-01-01
4418036025,충청남도,보령시,남포면,제석리,5,1995-01-01
4418036026,충청남도,보령시,남포면,삼현리,6,1995-01-01
4418036027,충청남도,보령시,남포면,소송리,7,1995-01-01
4418036028,충청남도,보령시,남포면,옥서리,8,1995-01-01
4418036029,충청남도,보령시,남포면,달산리,9,1995-01-01
4418036030,충청남도,보령시,남포면,신흥리,10,1995-01-01
4418036031,충청남도,보령시,남포면,양항리,11,1995-01-01
4418036032,충청남도,보령시,남포면,양기리,12,1995-01-01
4418036033,충청남도,보령시,남포면,월전리,13,1995-01-01
4418038000,충청남도,보령시,주산면,,18,1995-01-01
4418038021,충청남도,보령시,주산면,금암리,1,1995-01-01
4418038022,충청남도,보령시,주산면,야룡리,2,1995-01-01
4418038023,충청남도,보령시,주산면,주야리,3,1995-01-01
4418038024,충청남도,보령시,주산면,신구리,4,1995-01-01
4418038025,충청남도,보령시,주산면,유곡리,5,1995-01-01
4418038026,충청남도,보령시,주산면,증산리,6,1995-01-01
4418038027,충청남도,보령시,주산면,창암리,7,1995-01-01
4418038028,충청남도,보령시,주산면,화평리,8,1995-01-01
4418038029,충청남도,보령시,주산면,동오리,9,1995-01-01
4418038030,충청남도,보령시,주산면,삼곡리,10,1995-01-01
4418038031,충청남도,보령시,주산면,황율리,11,1995-01-01
4418039000,충청남도,보령시,미산면,,19,1995-01-01
4418039021,충청남도,보령시,미산면,평라리,1,1995-01-01
4418039022,충청남도,보령시,미산면,도화담리,2,1995-01-01
4418039023,충청남도,보령시,미산면,풍계리,3,1995-01-01
4418039024,충청남도,보령시,미산면,용수리,4,1995-01-01
4418039025,충청남도,보령시,미산면,늑전리,5,1995-01-01
4418039026,충청남도,보령시,미산면,도흥리,6,1995-01-01
4418039027,충청남도,보령시,미산면,봉성리,7,1995-01-01
4418039028,충청남도,보령시,미산면,옥현리,8,1995-01-01
4418039029,충청남도,보령시,미산면,은현리,9,1995-01-01
4418039030,충청남도,보령시,미산면,내평리,10,1995-01-01
4418039031,충청남도,보령시,미산면,삼계리,11,1995-01-01
4418039032,충청남도,보령시,미산면,대농리,12,1995-01-01
4418039033,충청남도,보령시,미산면,풍산리,13,1995-01-01
4418039034,충청남도,보령시,미산면,남심리,14,1995-01-01
4418040000,충청남도,보령시,성주면,,20,1995-01-01
4418040021,충청남도,보령시,성주면,성주리,1,1995-01-01
4418040022,충청남도,보령시,성주면,개화리,2,1995-01-01
4418041000,충청남도,보령시,주교면,,21,1995-01-01
4418041021,충청남도,보령시,주교면,주교리,1,1995-01-01
4418041022,충청남도,보령시,주교면,은포리,2,1995-01-01
4418041023,충청남도,보령시,주교면,송학리,3,1995-01-01
4418041024,충청남도,보령시,주교면,고정리,4,1995-01-01
4418041025,충청남도,보령시,주교면,관창리,5,1995-01-01
4418041026,충청남도,보령시,주교면,신대리,6,1995-01-01
4420000000,충청남도,아산시,,,4,1995-01-01
4420010100,충청남도,아산시,온천동,,1,1995-01-01
4420010200,충청남도,아산시,실옥동,,2,1995-01-01
4420010300,충청남도,아산시,방축동,,3,1995-01-01
4420010400,충청남도,아산시,기산동,,4,1995-01-01
4420010500,충청남도,아산시,초사동,,5,1995-01-01
4420010600,충청남도,아산시,신인동,,6,1995-01-01
4420010700,충청남도,아산시,법곡동,,7,1995-01-01
4420010800,충청남도,아산시,장존동,,8,1995-01-01
4420010900,충청남도,아산시,좌부동,,9,1995-01-01
4420011000,충청남도,아산시,읍내동,,10,1995-01-01
4420011100,충청남도,아산시,풍기동,,11,1995-01-01
4420011200,충청남도,아산시,용화동,,12,1995-01-01
4420011300,충청남도,아산시,모종동,,13,1995-01-01
4420011400,충청남도,아산시,권곡동,,14,1995-01-01
4420011500,충청남도,아산시,배미동,,15,1995-01-01
4420011600,충청남도,아산시,득산동,,16,1995-01-01
4420011700,충청남도,아산시,점양동,,17,1995-01-01
4420011800,충청남도,아산시,신동,,18,1995-01-01
4420011900,충청남도,아산시,남동,,19,1995-01-01
4420025000,충청남도,아산시,염치읍,,20,1995-01-01
4420025021,충청남도,아산시,염치읍,산양리,1,1995-01-01
4420025022,충청남도,아산시,염치읍,강청리,2,1995-01-01
4420025023,충청남도,아산시,염치읍,서원리,3,1995-01-01
4420025024,충청남도,아산시,염치읍,중방리,4,1995-01-01
4420025025,충청남도,아산시,염치읍,염성리,5,1995-01-01
4420025026,충청남도,아산시,염치읍,쌍죽리,6,1995-01-01
4420025027,충청남도,아산시,염치읍,동정리,7,1995-01-01
4420025028,충청남도,아산시,염치읍,곡교리,8,1995-01-01
4420025029,충청남도,아산시,염치읍,석두리,9,1995-01-01
4420025030,충청남도,아산시,염치읍,석정리,10,1995-01-01
4420025031,충청남도,아산시,염치읍,방현리,11,1995-01-01
4420025032,충청남도,아산시,염치읍,송곡리,12,1995-01-01
4420025033,충청남도,아산시,염치읍,백암리,13,1995-01-01
4420025034,충청남도,아산시,염치읍,대동리,14,1995-01-01
4420025300,충청남도,아산시,배방읍,,0,2009-05-01
4420025321,충청남도,아산시,배방읍,중리,0,2009-05-01
4420025322,충청남도,아산시,배방읍,수철리,0,2009-05-01
4420025323,충청남도,아산시,배방읍,신흥리,0,2009-05-01
4420025324,충청남도,아산시,배방읍,공수리,0,2009-05-01
4420025325,충청남도,아산시,배방읍,북수리,0,2009-05-01
4420025326,충청남도,아산시,배방읍,회룡리,0,2009-05-01
4420025327,충청남도,아산시,배방읍,세출리,0,2009-05-01
4420025328,충청남도,아산시,배방읍,갈매리,0,2009-05-01
4420025329,충청남도,아산시,배방읍,세교리,0,2009-05-01
4420025330,충청남도,아산시,배방읍,휴대리,0,2009-05-01
4420025331,충청남도,아산시,배방읍,장재리,0,2009-05-01
4420025332,충청남도,아산시,배방읍,구령리,0,2009-05-01
4420031000,충청남도,아산시,송악면,,21,1995-01-01
4420031021,충청남도,아산시,송악면,역촌리,1,1995-01-01
4420031022,충청남도,아산시,송악면,평촌리,2,1995-01-01
4420031023,충청남도,아산시,송악면,외암리,3,1995-01-01
4420031024,충청남도,아산시,송악면,강당리,4,1995-01-01
4420031025,충청남도,아산시,송악면,마곡리,5,1995-01-01
4420031026,충청남도,아산시,송악면,궁평리,6,1995-01-01
4420031027,충청남도,아산시,송악면,유곡리,7,1995-01-01
4420031028,충청남도,아산시,송악면,송학리,8,1995-01-01
4420031029,충청남도,아산시,송악면,종곡리,9,1995-01-01
4420031030,충청남도,아산시,송악면,거산리,10,1995-01-01
4420031031,충청남도,아산시,송악면,강장리,11,1995-01-01
4420031032,충청남도,아산시,송악면,수곡리,12,1995-01-01
4420031033,충청남도,아산시,송악면,동화리,13,1995-01-01
4420033000,충청남도,아산시,탕정면,,23,1995-01-01
4420033021,충청남도,아산시,탕정면,용두리,1,1995-01-01
4420033022,충청남도,아산시,탕정면,명암리,2,1995-01-01
4420033023,충청남도,아산시,탕정면,동산리,3,1995-01-01
4420033024,충청남도,아산시,탕정면,호산리,4,1995-01-01
4420033025,충청남도,아산시,탕정면,매곡리,5,1995-01-01
4420033026,충청남도,아산시,탕정면,갈산리,6,1995-01-01
4420035000,충청남도,아산시,음봉면,,24,1995-01-01
4420035021,충청남도,아산시,음봉면,삼거리,1,1995-01-01
4420035022,충청남도,아산시,음봉면,동천리,2,1995-01-01
4420035023,충청남도,아산시,음봉면,신수리,3,1995-01-01
4420035024,충청남도,아산시,음봉면,신정리,4,1995-01-01
4420035025,충청남도,아산시,음봉면,산정리,5,1995-01-01
4420035026,충청남도,아산시,음봉면,원남리,6,1995-01-01
4420035027,충청남도,아산시,음봉면,소동리,7,1995-01-01
4420035028,충청남도,아산시,음봉면,신휴리,8,1995-01-01
4420035029,충청남도,아산시,음봉면,의식리,9,1995-01-01
4420035030,충청남도,아산시,음봉면,쌍암리,10,1995-01-01
4420035031,충청남도,아산시,음봉면,쌍룡리,11,1995-01-01
4420035032,충청남도,아산시,음봉면,월랑리,12,1995-01-01
4420035033,충청남도,아산시,음봉면,산동리,13,1995-01-01
4420035034,충청남도,아산시,음봉면,덕지리,14,1995-01-01
4420035035,충청남도,아산시,음봉면,동암리,15,1995-01-01
4420035036,충청남도,아산시,음봉면,송촌리,16,1995-01-01
4420036000,충청남도,아산시,둔포면,,25,1995-01-01
4420036021,충청남도,아산시,둔포면,둔포리,1,1995-01-01
4420036022,충청남도,아산시,둔포면,송용리,2,1995-01-01
4420036023,충청남도,아산시,둔포면,시포리,3,1995-01-01
4420036024,충청남도,아산시,둔포면,신법리,4,1995-01-01
4420036025,충청남도,아산시,둔포면,신남리,5,1995-01-01
4420036026,충청남도,아산시,둔포면,신항리,6,1995-01-01
4420036027,충청남도,아산시,둔포면,관대리,7,1995-01-01
4420036028,충청남도,아산시,둔포면,산전리,8,1995-01-01
4420036029,충청남도,아산시,둔포면,신양리,9,1995-01-01
4420036030,충청남도,아산시,둔포면,봉재리,10,1995-01-01
4420036031,충청남도,아산시,둔포면,운교리,11,1995-01-01
4420036032,충청남도,아산시,둔포면,석곡리,12,1995-01-01
4420036033,충청남도,아산시,둔포면,운용리,13,1995-01-01
4420036034,충청남도,아산시,둔포면,신왕리,14,1995-01-01
4420036035,충청남도,아산시,둔포면,염작리,15,1995-01-01
4420037000,충청남도,아산시,영인면,,26,1995-01-01
4420037021,충청남도,아산시,영인면,아산리,1,1995-01-01
4420037022,충청남도,아산시,영인면,상성리,2,1995-01-01
4420037023,충청남도,아산시,영인면,신현리,3,1995-01-01
4420037024,충청남도,아산시,영인면,월선리,4,1995-01-01
4420037025,충청남도,아산시,영인면,신운리,5,1995-01-01
4420037026,충청남도,아산시,영인면,백석포리,6,1995-01-01
4420037027,충청남도,아산시,영인면,와우리,7,1995-01-01
4420037028,충청남도,아산시,영인면,구성리,8,1995-01-01
4420037029,충청남도,아산시,영인면,창용리,9,1995-01-01
4420037030,충청남도,아산시,영인면,신봉리,10,1995-01-01
4420037031,충청남도,아산시,영인면,성내리,11,1995-01-01
4420037032,충청남도,아산시,영인면,신화리,12,1995-01-01
4420037033,충청남도,아산시,영인면,역리,13,1995-01-01
4420038000,충청남도,아산시,인주면,,27,1995-01-01
4420038021,충청남도,아산시,인주면,공세리,1,1995-01-01
4420038022,충청남도,아산시,인주면,모원리,2,1995-01-01
4420038023,충청남도,아산시,인주면,신성리,3,1995-01-01
4420038024,충청남도,아산시,인주면,걸매리,4,1995-01-01
4420038025,충청남도,아산시,인주면,밀두리,5,1995-01-01
4420038026,충청남도,아산시,인주면,문방리,6,1995-01-01
4420038027,충청남도,아산시,인주면,대음리,7,1995-01-01
4420038028,충청남도,아산시,인주면,금성리,8,1995-01-01
4420038029,충청남도,아산시,인주면,해암리,9,1995-01-01
4420038030,충청남도,아산시,인주면,도흥리,10,1995-01-01
4420038031,충청남도,아산시,인주면,관암리,11,1995-01-01
4420038032,충청남도,아산시,인주면,냉정리,12,1995-01-01
4420039000,충청남도,아산시,선장면,,28,1995-01-01
4420039021,충청남도,아산시,선장면,군덕리,1,1995-01-01
4420039022,충청남도,아산시,선장면,돈포리,2,1995-01-01
4420039023,충청남도,아산시,선장면,신덕리,3,1995-01-01
4420039024,충청남도,아산시,선장면,대정리,4,1995-01-01
4420039025,충청남도,아산시,선장면,장곳리,5,1995-01-01
4420039026,충청남도,아산시,선장면,신성리,6,1995-01-01
4420039027,충청남도,아산시,선장면,죽산리,7,1995-01-01
4420039028,충청남도,아산시,선장면,신동리,8,1995-01-01
4420039029,충청남도,아산시,선장면,선창리,9,1995-01-01
4420039030,충청남도,아산시,선장면,대흥리,10,1995-01-01
4420039031,충청남도,아산시,선장면,홍곳리,11,1995-01-01
4420039032,충청남도,아산시,선장면,가산리,12,1995-01-01
4420039033,충청남도,아산시,선장면,신문리,13,1995-01-01
4420039034,충청남도,아산시,선장면,궁평리,14,1995-01-01
4420039035,충청남도,아산시,선장면,채신언리,15,1995-01-01
4420040000,충청남도,아산시,도고면,,29,1995-01-01
4420040021,충청남도,아산시,도고면,신언리,1,1995-01-01
4420040022,충청남도,아산시,도고면,봉농리,2,1995-01-01
4420040023,충청남도,아산시,도고면,효자리,3,1995-01-01
4420040024,충청남도,아산시,도고면,금산리,4,1995-01-01
4420040025,충청남도,아산시,도고면,시전리,5,1995-01-01
4420040026,충청남도,아산시,도고면,신유리,6,1995-01-01
4420040027,충청남도,아산시,도고면,도산리,7,1995-01-01
4420040028,충청남도,아산시,도고면,화천리,8,1995-01-01
4420040029,충청남도,아산시,도고면,농은리,9,1995-01-01
4420040030,충청남도,아산시,도고면,오암리,10,1995-01-01
4420040031,충청남도,아산시,도고면,덕암리,11,1995-01-01
4420040032,충청남도,아산시,도고면,석당리,12,1995-01-01
4420040033,충청남도,아산시,도고면,향산리,13,1995-01-01
4420040034,충청남도,아산시,도고면,와산리,14,1995-01-01
4420040035,충청남도,아산시,도고면,신통리,15,1995-01-01
4420040036,충청남도,아산시,도고면,기곡리,16,1995-01-01
4420041000,충청남도,아산시,신창면,,30,1995-01-01
4420041021,충청남도,아산시,신창면,오목리,1,1995-01-01
4420041022,충청남도,아산시,신창면,읍내리,2,1995-01-01
4420041023,충청남도,아산시,신창면,창암리,3,1995-01-01
4420041024,충청남도,아산시,신창면,황산리,4,1995-01-01
4420041025,충청남도,아산시,신창면,행목리,5,1995-01-01
4420041026,충청남도,아산시,신창면,수장리,6,1995-01-01
4420041027,충청남도,아산시,신창면,신달리,7,1995-01-01
4420041028,충청남도,아산시,신창면,남성리,8,1995-01-01
4420041029,충청남도,아산시,신창면,궁화리,9,1995-01-01
4420041030,충청남도,아산시,신창면,가덕리,10,1995-01-01
4420041031,충청남도,아산시,신창면,신곡리,11,1995-01-01
4420041032,충청남도,아산시,신창면,가내리,12,1995-01-01
4421000000,충청남도,서산시,,,5,1989-01-01
4421010100,충청남도,서산시,읍내동,,1,1989-01-01
4421010200,충청남도,서산시,동문동,,2,1989-01-01
4421010300,충청남도,서산시,갈산동,,3,1989-01-01
4421010400,충청남도,서산시,온석동,,4,1989-01-01
4421010500,충청남도,서산시,잠홍동,,5,1989-01-01
4421010600,충청남도,서산시,수석동,,6,1989-01-01
4421010700,충청남도,서산시,석림동,,7,1989-01-01
4421010800,충청남도,서산시,석남동,,8,1989-01-01
4421010900,충청남도,서산시,예천동,,9,1989-01-01
4421011000,충청남도,서산시,죽성동,,10,1989-01-01
4421011100,충청남도,서산시,양대동,,11,1989-01-01
4421011200,충청남도,서산시,오남동,,12,1998-10-10
4421011300,충청남도,서산시,장동,,13,1998-10-10
4421011400,충청남도,서산시,덕지천동,,14,1998-10-10
4421025000,충청남도,서산시,대산읍,,15,1995-01-01
4421025021,충청남도,서산시,대산읍,대산리,1,1995-01-01
4421025022,충청남도,서산시,대산읍,대로리,2,1995-01-01
4421025023,충청남도,서산시,대산읍,웅도리,3,1995-01-01
4421025024,충청남도,서산시,대산읍,오지리,4,1995-01-01
4421025025,충청남도,서산시,대산읍,기은리,5,1995-01-01
4421025027,충청남도,서산시,대산읍,대죽리,7,1995-01-01
4421025028,충청남도,서산시,대산읍,화곡리,8,1995-01-01
4421025029,충청남도,서산시,대산읍,운산리,9,1995-01-01
4421025030,충청남도,서산시,대산읍,영탑리,10,1995-01-01
4421025031,충청남도,서산시,대산읍,독곶리,6,2011-07-07
4421031000,충청남도,서산시,인지면,,16,1995-01-01
4421031021,충청남도,서산시,인지면,둔당리,1,1995-01-01
4421031022,충청남도,서산시,인지면,야당리,2,1995-01-01
4421031023,충청남도,서산시,인지면,모월리,3,1995-01-01
4421031024,충청남도,서산시,인지면,산동리,4,1995-01-01
4421031025,충청남도,서산시,인지면,애정리,5,1995-01-01
4421031026,충청남도,서산시,인지면,남정리,6,1995-01-01
4421031027,충청남도,서산시,인지면,화수리,7,1995-01-01
4421031028,충청남도,서산시,인지면,차리,8,1995-01-01
4421031029,충청남도,서산시,인지면,성리,9,1995-01-01
4421031030,충청남도,서산시,인지면,풍전리,10,1995-01-01
4421032000,충청남도,서산시,부석면,,17,1995-01-01
4421032021,충청남도,서산시,부석면,가사리,1,1995-01-01
4421032022,충청남도,서산시,부석면,강수리,2,1995-01-01
4421032023,충청남도,서산시,부석면,송시리,3,1995-01-01
4421032024,충청남도,서산시,부석면,월계리,4,1995-01-01
4421032025,충청남도,서산시,부석면,갈마리,5,1995-01-01
4421032026,충청남도,서산시,부석면,취평리,6,1995-01-01
4421032027,충청남도,서산시,부석면,대두리,7,1995-01-01
4421032028,충청남도,서산시,부석면,봉락리,8,1995-01-01
4421032029,충청남도,서산시,부석면,지산리,9,1995-01-01
4421032030,충청남도,서산시,부석면,칠전리,10,1995-01-01
4421032031,충청남도,서산시,부석면,강당리,11,1995-01-01
4421032032,충청남도,서산시,부석면,마룡리,12,1995-01-01
4421032033,충청남도,서산시,부석면,창리,13,1995-01-01
4421032034,충청남도,서산시,부석면,간월도리,14,1995-01-01
4421033000,충청남도,서산시,팔봉면,,18,1995-01-01
4421033021,충청남도,서산시,팔봉면,금학리,1,1995-01-01
4421033022,충청남도,서산시,팔봉면,양길리,2,1995-01-01
4421033023,충청남도,서산시,팔봉면,대황리,3,1995-01-01
4421033024,충청남도,서산시,팔봉면,흑석리,4,1995-01-01
4421033025,충청남도,서산시,팔봉면,고파도리,5,1995-01-01
4421033026,충청남도,서산시,팔봉면,호리,6,1995-01-01
4421033027,충청남도,서산시,팔봉면,덕송리,7,1995-01-01
4421033028,충청남도,서산시,팔봉면,어송리,8,1995-01-01
4421033029,충청남도,서산시,팔봉면,진장리,9,1995-01-01
4421034000,충청남도,서산시,지곡면,,19,1995-01-01
4421034021,충청남도,서산시,지곡면,화천리,1,1995-01-01
4421034022,충청남도,서산시,지곡면,산성리,2,1995-01-01
4421034023,충청남도,서산시,지곡면,장현리,3,1995-01-01
4421034024,충청남도,서산시,지곡면,연화리,4,1995-01-01
4421034025,충청남도,서산시,지곡면,중왕리,5,1995-01-01
4421034026,충청남도,서산시,지곡면,도성리,6,1995-01-01
4421034027,충청남도,서산시,지곡면,대요리,7,1995-01-01
4421034028,충청남도,서산시,지곡면,환성리,8,1995-01-01
4421034029,충청남도,서산시,지곡면,무장리,9,1995-01-01
4421036000,충청남도,서산시,성연면,,20,1995-01-01
4421036021,충청남도,서산시,성연면,일람리,1,1995-01-01
4421036022,충청남도,서산시,성연면,고남리,2,1995-01-01
4421036023,충청남도,서산시,성연면,오사리,3,1995-01-01
4421036024,충청남도,서산시,성연면,왕정리,4,1995-01-01
4421036025,충청남도,서산시,성연면,평리,5,1995-01-01
4421036026,충청남도,서산시,성연면,갈현리,6,1995-01-01
4421036027,충청남도,서산시,성연면,명천리,7,1995-01-01
4421036028,충청남도,서산시,성연면,예덕리,8,1995-01-01
4421036029,충청남도,서산시,성연면,해성리,9,1995-01-01
4421037000,충청남도,서산시,음암면,,21,1995-01-01
4421037021,충청남도,서산시,음암면,도당리,1,1995-01-01
4421037022,충청남도,서산시,음암면,탑곡리,2,1995-01-01
4421037023,충청남도,서산시,음암면,문양리,3,1995-01-01
4421037024,충청남도,서산시,음암면,율목리,4,1995-01-01
4421037025,충청남도,서산시,음암면,부산리,5,1995-01-01
4421037026,충청남도,서산시,음암면,상홍리,6,1995-01-01
4421037027,충청남도,서산시,음암면,신장리,7,1995-01-01
4421037028,충청남도,서산시,음암면,유계리,8,1995-01-01
4421037029,충청남도,서산시,음암면,성암리,9,1995-01-01
4421037030,충청남도,서산시,음암면,부장리,10,1995-01-01
4421038000,충청남도,서산시,운산면,,22,1995-01-01
4421038021,충청남도,서산시,운산면,신창리,1,1995-01-01
4421038022,충청남도,서산시,운산면,용현리,2,1995-01-01
4421038023,충청남도,서산시,운산면,태봉리,3,1995-01-01
4421038024,충청남도,서산시,운산면,고풍리,4,1995-01-01
4421038025,충청남도,서산시,운산면,원평리,5,1995-01-01
4421038026,충청남도,서산시,운산면,와우리,6,1995-01-01
4421038027,충청남도,서산시,운산면,팔중리,7,1995-01-01
4421038028,충청남도,서산시,운산면,고산리,8,1995-01-01
4421038029,충청남도,서산시,운산면,수평리,9,1995-01-01
4421038030,충청남도,서산시,운산면,수당리,10,1995-01-01
4421038031,충청남도,서산시,운산면,안호리,11,1995-01-01
4421038032,충청남도,서산시,운산면,용장리,12,1995-01-01
4421038033,충청남도,서산시,운산면,갈산리,13,1995-01-01
4421038034,충청남도,서산시,운산면,여미리,14,1995-01-01
4421038035,충청남도,서산시,운산면,가좌리,15,1995-01-01
4421038036,충청남도,서산시,운산면,소중리,16,1995-01-01
4421038037,충청남도,서산시,운산면,상성리,17,1995-01-01
4421038038,충청남도,서산시,운산면,원벌리,18,1995-01-01
4421038039,충청남도,서산시,운산면,거성리,19,1995-01-01
4421039000,충청남도,서산시,해미면,,23,1995-01-01
4421039021,충청남도,서산시,해미면,읍내리,1,1995-01-01
4421039022,충청남도,서산시,해미면,휴암리,2,1995-01-01
4421039023,충청남도,서산시,해미면,대곡리,3,1995-01-01
4421039024,충청남도,서산시,해미면,산수리,4,1995-01-01
4421039025,충청남도,서산시,해미면,황락리,5,1995-01-01
4421039026,충청남도,서산시,해미면,오학리,6,1995-01-01
4421039027,충청남도,서산시,해미면,삼송리,7,1995-01-01
4421039028,충청남도,서산시,해미면,관유리,8,1995-01-01
4421039029,충청남도,서산시,해미면,홍천리,9,1995-01-01
4421039030,충청남도,서산시,해미면,동암리,10,1995-01-01
4421039031,충청남도,서산시,해미면,반양리,11,1995-01-01
4421039032,충청남도,서산시,해미면,웅소성리,12,1995-01-01
4421039033,충청남도,서산시,해미면,귀밀리,13,1995-01-01
4421039034,충청남도,서산시,해미면,억대리,14,1995-01-01
4421039035,충청남도,서산시,해미면,전천리,15,1995-01-01
4421039036,충청남도,서산시,해미면,응평리,16,1995-01-01
4421039037,충청남도,서산시,해미면,양림리,17,1995-01-01
4421039038,충청남도,서산시,해미면,기지리,18,1995-01-01
4421039039,충청남도,서산시,해미면,언암리,19,1995-01-01
4421039040,충청남도,서산시,해미면,석포리,20,1995-01-01
4421039041,충청남도,서산시,해미면,저성리,21,1995-01-01
4421039042,충청남도,서산시,해미면,조산리,22,1995-01-01
4421040000,충청남도,서산시,고북면,,24,1995-01-01
4421040021,충청남도,서산시,고북면,가구리,1,1995-01-01
4421040022,충청남도,서산시,고북면,신송리,2,1995-01-01
4421040023,충청남도,서산시,고북면,장요리,3,1995-01-01
4421040024,충청남도,서산시,고북면,초록리,4,1995-01-01
4421040025,충청남도,서산시,고북면,용암리,5,1995-01-01
4421040026,충청남도,서산시,고북면,신상리,6,1995-01-01
4421040027,충청남도,서산시,고북면,신정리,7,1995-01-01
4421040028,충청남도,서산시,고북면,남정리,8,1995-01-01
4421040029,충청남도,서산시,고북면,기포리,9,1995-01-01
4421040030,충청남도,서산시,고북면,양천리,10,1995-01-01
4421040031,충청남도,서산시,고북면,정자리,11,1995-01-01
4421040032,충청남도,서산시,고북면,봉생리,12,1995-01-01
4421040033,충청남도,서산시,고북면,사기리,13,1995-01-01
4423000000,충청남도,논산시,,,6,1996-03-01
4423010100,충청남도,논산시,화지동,,1,1996-03-01
4423010200,충청남도,논산시,반월동,,2,1996-03-01
4423010300,충청남도,논산시,대교동,,3,1996-03-01
4423010400,충청남도,논산시,부창동,,4,1996-03-01
4423010500,충청남도,논산시,취암동,,5,1996-03-01
4423010600,충청남도,논산시,등화동,,6,1996-03-01
4423010700,충청남도,논산시,지산동,,7,1996-03-01
4423010800,충청남도,논산시,덕지동,,8,1996-03-01
4423010900,충청남도,논산시,내동,,9,1996-03-01
4423011000,충청남도,논산시,강산동,,10,1996-03-01
4423011100,충청남도,논산시,관촉동,,11,1996-03-01
4423025000,충청남도,논산시,강경읍,,12,1996-03-01
4423025021,충청남도,논산시,강경읍,남교리,1,1996-03-01
4423025022,충청남도,논산시,강경읍,동흥리,2,1996-03-01
4423025023,충청남도,논산시,강경읍,북옥리,3,1996-03-01
4423025024,충청남도,논산시,강경읍,서창리,4,1996-03-01
4423025025,충청남도,논산시,강경읍,홍교리,5,1996-03-01
4423025026,충청남도,논산시,강경읍,중앙리,6,1996-03-01
4423025027,충청남도,논산시,강경읍,염천리,7,1996-03-01
4423025028,충청남도,논산시,강경읍,태평리,8,1996-03-01
4423025029,충청남도,논산시,강경읍,대흥리,9,1996-03-01
4423025030,충청남도,논산시,강경읍,황산리,10,1996-03-01
4423025031,충청남도,논산시,강경읍,채산리,11,1996-03-01
4423025032,충청남도,논산시,강경읍,산양리,12,1996-03-01
4423025033,충청남도,논산시,강경읍,채운리,13,1996-03-01
4423025300,충청남도,논산시,연무읍,,13,1996-03-01
4423025321,충청남도,논산시,연무읍,마산리,1,1996-03-01
4423025322,충청남도,논산시,연무읍,죽평리,2,1996-03-01
4423025323,충청남도,논산시,연무읍,금곡리,3,1996-03-01
4423025324,충청남도,논산시,연무읍,동산리,4,1996-03-01
4423025325,충청남도,논산시,연무읍,죽본리,5,1996-03-01
4423025326,충청남도,논산시,연무읍,소룡리,6,1996-03-01
4423025327,충청남도,논산시,연무읍,양지리,7,1996-03-01
4423025328,충청남도,논산시,연무읍,마전리,8,1996-03-01
4423025329,충청남도,논산시,연무읍,고내리,9,1996-03-01
4423025330,충청남도,논산시,연무읍,황화정리,10,1996-03-01
4423025331,충청남도,논산시,연무읍,안심리,11,1996-03-01
4423025332,충청남도,논산시,연무읍,신화리,12,1996-03-01
4423025333,충청남도,논산시,연무읍,봉동리,13,1996-03-01
4423031000,충청남도,논산시,성동면,,14,1996-03-01
4423031021,충청남도,논산시,성동면,삼산리,1,1996-03-01
4423031022,충청남도,논산시,성동면,월성리,2,1996-03-01
4423031023,충청남도,논산시,성동면,병촌리,3,1996-03-01
4423031024,충청남도,논산시,성동면,개척리,4,1996-03-01
4423031025,충청남도,논산시,성동면,우곤리,5,1996-03-01
4423031026,충청남도,논산시,성동면,원남리,6,1996-03-01
4423031027,충청남도,논산시,성동면,원북리,7,1996-03-01
4423031028,충청남도,논산시,성동면,정지리,8,1996-03-01
4423031029,충청남도,논산시,성동면,원봉리,9,1996-03-01
4423031030,충청남도,논산시,성동면,화정리,10,1996-03-01
4423031031,충청남도,논산시,성동면,삼호리,11,1996-03-01
4423032000,충청남도,논산시,광석면,,15,1996-03-01
4423032021,충청남도,논산시,광석면,신당리,1,1996-03-01
4423032022,충청남도,논산시,광석면,중리,2,1996-03-01
4423032023,충청남도,논산시,광석면,득윤리,3,1996-03-01
4423032024,충청남도,논산시,광석면,갈산리,4,1996-03-01
4423032025,충청남도,논산시,광석면,광리,5,1996-03-01
4423032026,충청남도,논산시,광석면,이사리,6,1996-03-01
4423032027,충청남도,논산시,광석면,산동리,7,1996-03-01
4423032028,충청남도,논산시,광석면,천동리,8,1996-03-01
4423032029,충청남도,논산시,광석면,왕전리,9,1996-03-01
4423032030,충청남도,논산시,광석면,항월리,10,1996-03-01
4423032031,충청남도,논산시,광석면,사월리,11,1996-03-01
4423032032,충청남도,논산시,광석면,율리,12,1996-03-01
4423032033,충청남도,논산시,광석면,오강리,13,1996-03-01
4423033000,충청남도,논산시,노성면,,16,1996-03-01
4423033021,충청남도,논산시,노성면,읍내리,1,1996-03-01
4423033022,충청남도,논산시,노성면,두사리,2,1996-03-01
4423033023,충청남도,논산시,노성면,송당리,3,1996-03-01
4423033024,충청남도,논산시,노성면,교촌리,4,1996-03-01
4423033025,충청남도,논산시,노성면,하도리,5,1996-03-01
4423033026,충청남도,논산시,노성면,죽림리,6,1996-03-01
4423033027,충청남도,논산시,노성면,병사리,7,1996-03-01
4423033028,충청남도,논산시,노성면,가곡리,8,1996-03-01
4423033029,충청남도,논산시,노성면,장구리,9,1996-03-01
4423033030,충청남도,논산시,노성면,효죽리,10,1996-03-01
4423033031,충청남도,논산시,노성면,호암리,11,1996-03-01
4423033032,충청남도,논산시,노성면,노티리,12,1996-03-01
4423033033,충청남도,논산시,노성면,구암리,13,1996-03-01
4423033034,충청남도,논산시,노성면,화곡리,14,1996-03-01
4423034000,충청남도,논산시,상월면,,17,1996-03-01
4423034021,충청남도,논산시,상월면,신충리,1,1996-03-01
4423034022,충청남도,논산시,상월면,산성리,2,1996-03-01
4423034023,충청남도,논산시,상월면,월오리,3,1996-03-01
4423034024,충청남도,논산시,상월면,지경리,4,1996-03-01
4423034025,충청남도,논산시,상월면,석종리,5,1996-03-01
4423034026,충청남도,논산시,상월면,상도리,6,1996-03-01
4423034027,충청남도,논산시,상월면,대명리,7,1996-03-01
4423034028,충청남도,논산시,상월면,대우리,8,1996-03-01
4423034029,충청남도,논산시,상월면,대촌리,9,1996-03-01
4423034030,충청남도,논산시,상월면,학당리,10,1996-03-01
4423034031,충청남도,논산시,상월면,주곡리,11,1996-03-01
4423034032,충청남도,논산시,상월면,한천리,12,1996-03-01
4423034033,충청남도,논산시,상월면,숙진리,13,1996-03-01
4423035000,충청남도,논산시,부적면,,18,1996-03-01
4423035021,충청남도,논산시,부적면,마구평리,1,1996-03-01
4423035022,충청남도,논산시,부적면,덕평리,2,1996-03-01
4423035023,충청남도,논산시,부적면,부황리,3,1996-03-01
4423035024,충청남도,논산시,부적면,외성리,4,1996-03-01
4423035025,충청남도,논산시,부적면,감곡리,5,1996-03-01
4423035026,충청남도,논산시,부적면,충곡리,6,1996-03-01
4423035027,충청남도,논산시,부적면,신풍리,7,1996-03-01
4423035028,충청남도,논산시,부적면,안천리,8,2003-11-24
4423035029,충청남도,논산시,부적면,탑정리,9,1996-03-01
4423035030,충청남도,논산시,부적면,신교리,10,1996-03-01
4423035031,충청남도,논산시,부적면,반송리,11,1996-03-01
4423035032,충청남도,논산시,부적면,아호리,12,1996-03-01
4423035033,충청남도,논산시,부적면,부인리,13,1996-03-01
4423035034,충청남도,논산시,부적면,왕덕리,14,1996-03-01
4423036000,충청남도,논산시,연산면,,19,1996-03-01
4423036021,충청남도,논산시,연산면,연산리,1,1996-03-01
4423036022,충청남도,논산시,연산면,화악리,2,1996-03-01
4423036023,충청남도,논산시,연산면,천호리,3,1996-03-01
4423036024,충청남도,논산시,연산면,송정리,4,1996-03-01
4423036025,충청남도,논산시,연산면,신암리,5,1996-03-01
4423036026,충청남도,논산시,연산면,청동리,6,1996-03-01
4423036027,충청남도,논산시,연산면,고정리,7,1996-03-01
4423036028,충청남도,논산시,연산면,한전리,8,1996-03-01
4423036029,충청남도,논산시,연산면,임리,9,1996-03-01
4423036030,충청남도,논산시,연산면,관동리,10,1996-03-01
4423036031,충청남도,논산시,연산면,고양리,11,1996-03-01
4423036032,충청남도,논산시,연산면,표정리,12,1996-03-01
4423036033,충청남도,논산시,연산면,덕암리,13,1996-03-01
4423036034,충청남도,논산시,연산면,장전리,14,1996-03-01
4423036035,충청남도,논산시,연산면,백석리,15,1996-03-01
4423036036,충청남도,논산시,연산면,어은리,16,1996-03-01
4423036037,충청남도,논산시,연산면,사포리,17,1996-03-01
4423036038,충청남도,논산시,연산면,송산리,18,1996-03-01
4423036039,충청남도,논산시,연산면,오산리,19,1996-03-01
4423036040,충청남도,논산시,연산면,신양리,20,1996-03-01
4423038000,충청남도,논산시,벌곡면,,21,1996-03-01
4423038021,충청남도,논산시,벌곡면,한삼천리,1,1996-03-01
4423038022,충청남도,논산시,벌곡면,덕목리,2,1996-03-01
4423038023,충청남도,논산시,벌곡면,사정리,3,1996-03-01
4423038024,충청남도,논산시,벌곡면,대덕리,4,1996-03-01
4423038025,충청남도,논산시,벌곡면,검천리,5,1996-03-01
4423038026,충청남도,논산시,벌곡면,덕곡리,6,1996-03-01
4423038027,충청남도,논산시,벌곡면,수락리,7,1996-03-01
4423038028,충청남도,논산시,벌곡면,도산리,8,1996-03-01
4423038029,충청남도,논산시,벌곡면,만목리,9,1996-03-01
4423038030,충청남도,논산시,벌곡면,어곡리,10,1996-03-01
4423038031,충청남도,논산시,벌곡면,조동리,11,1996-03-01
4423038032,충청남도,논산시,벌곡면,조령리,12,1996-03-01
4423038033,충청남도,논산시,벌곡면,신양리,13,1996-03-01
4423038034,충청남도,논산시,벌곡면,양산리,14,1996-03-01
4423039000,충청남도,논산시,양촌면,,22,1996-03-01
4423039021,충청남도,논산시,양촌면,인천리,1,1996-03-01
4423039022,충청남도,논산시,양촌면,도평리,2,1996-03-01
4423039023,충청남도,논산시,양촌면,임화리,3,1996-03-01
4423039024,충청남도,논산시,양촌면,양촌리,4,1996-03-01
4423039025,충청남도,논산시,양촌면,신기리,5,1996-03-01
4423039026,충청남도,논산시,양촌면,오산리,6,1996-03-01
4423039027,충청남도,논산시,양촌면,채광리,7,1996-03-01
4423039028,충청남도,논산시,양촌면,남산리,8,1996-03-01
4423039029,충청남도,논산시,양촌면,반암리,9,1996-03-01
4423039030,충청남도,논산시,양촌면,산직리,10,1996-03-01
4423039031,충청남도,논산시,양촌면,모촌리,11,1996-03-01
4423039032,충청남도,논산시,양촌면,신흥리,12,1996-03-01
4423039033,충청남도,논산시,양촌면,거사리,13,1996-03-01
4423039034,충청남도,논산시,양촌면,반곡리,14,1996-03-01
4423039035,충청남도,논산시,양촌면,명암리,15,1996-03-01
4423039036,충청남도,논산시,양촌면,석서리,16,1996-03-01
4423039037,충청남도,논산시,양촌면,중산리,17,1996-03-01
4423040000,충청남도,논산시,가야곡면,,23,1996-03-01
4423040021,충청남도,논산시,가야곡면,육곡리,1,1996-03-01
4423040022,충청남도,논산시,가야곡면,강청리,2,1996-03-01
4423040023,충청남도,논산시,가야곡면,목곡리,3,1996-03-01
4423040024,충청남도,논산시,가야곡면,함적리,4,1996-03-01
4423040025,충청남도,논산시,가야곡면,산노리,5,1996-03-01
4423040026,충청남도,논산시,가야곡면,병암리,6,1996-03-01
4423040027,충청남도,논산시,가야곡면,조정리,7,1996-03-01
4423040028,충청남도,논산시,가야곡면,등리,8,1996-03-01
4423040029,충청남도,논산시,가야곡면,종연리,9,1996-03-01
4423040030,충청남도,논산시,가야곡면,두월리,10,1996-03-01
4423040031,충청남도,논산시,가야곡면,야촌리,11,1996-03-01
4423040032,충청남도,논산시,가야곡면,왕암리,12,1996-03-01
4423040033,충청남도,논산시,가야곡면,삼전리,13,1996-03-01
4423040034,충청남도,논산시,가야곡면,양촌리,14,1996-03-01
4423041000,충청남도,논산시,은진면,,24,1996-03-01
4423041021,충청남도,논산시,은진면,연서리,1,1996-03-01
4423041022,충청남도,논산시,은진면,방축리,2,1996-03-01
4423041023,충청남도,논산시,은진면,토양리,3,1996-03-01
4423041024,충청남도,논산시,은진면,시묘리,4,1996-03-01
4423041025,충청남도,논산시,은진면,용산리,5,1996-03-01
4423041026,충청남도,논산시,은진면,교촌리,6,1996-03-01
4423041027,충청남도,논산시,은진면,와야리,7,1996-03-01
4423041028,충청남도,논산시,은진면,남산리,8,1996-03-01
4423041029,충청남도,논산시,은진면,성덕리,9,1996-03-01
4423041030,충청남도,논산시,은진면,성평리,10,1996-03-01
4423042000,충청남도,논산시,채운면,,25,1996-03-01
4423042021,충청남도,논산시,채운면,화산리,1,1996-03-01
4423042022,충청남도,논산시,채운면,용화리,2,1996-03-01
4423042023,충청남도,논산시,채운면,우기리,3,1996-03-01
4423042024,충청남도,논산시,채운면,심암리,4,1996-03-01
4423042025,충청남도,논산시,채운면,화정리,5,1996-03-01
4423042026,충청남도,논산시,채운면,삼거리,6,1996-03-01
4423042027,충청남도,논산시,채운면,장화리,7,1996-03-01
4423042028,충청남도,논산시,채운면,야화리,8,1996-03-01
4425000000,충청남도,계룡시,,,0,2003-09-19
4425010100,충청남도,계룡시,금암동,,0,2003-09-19
4425031000,충청남도,계룡시,두마면,,0,2003-09-19
4425031021,충청남도,계룡시,두마면,두계리,0,2003-09-19
4425031022,충청남도,계룡시,두마면,왕대리,0,2003-09-19
4425031023,충청남도,계룡시,두마면,입암리,0,2003-09-19
4425031024,충청남도,계룡시,두마면,농소리,0,2003-09-19
4425031500,충청남도,계룡시,엄사면,,1,2006-03-20
4425031521,충청남도,계룡시,엄사면,엄사리,1,2006-03-20
4425031522,충청남도,계룡시,엄사면,유동리,1,2006-03-20
4425031523,충청남도,계룡시,엄사면,광석리,1,2006-03-20
4425031524,충청남도,계룡시,엄사면,도곡리,1,2006-03-20
4425031525,충청남도,계룡시,엄사면,향한리,1,2006-03-20
4425033000,충청남도,계룡시,신도안면,,0,2009-05-21
4425033021,충청남도,계룡시,신도안면,남선리,0,2009-05-21
4425033022,충청남도,계룡시,신도안면,정장리,0,2009-05-21
4425033023,충청남도,계룡시,신도안면,부남리,0,2009-05-21
4425033024,충청남도,계룡시,신도안면,석계리,0,2009-05-21
4425033025,충청남도,계룡시,신도안면,용동리,0,2009-05-21
4427000000,충청남도,당진시,,,0,2012-01-01
4427010100,충청남도,당진시,읍내동,,0,2012-01-01
4427010200,충청남도,당진시,채운동,,0,2012-01-01
4427010300,충청남도,당진시,우두동,,0,2012-01-01
4427010400,충청남도,당진시,원당동,,0,2012-01-01
4427010500,충청남도,당진시,시곡동,,0,2012-01-01
4427010600,충청남도,당진시,수청동,,0,2012-01-01
4427010700,충청남도,당진시,대덕동,,0,2012-01-01
4427010800,충청남도,당진시,행정동,,0,2012-01-01
4427010900,충청남도,당진시,용연동,,0,2012-01-01
4427011000,충청남도,당진시,사기소동,,0,2012-01-01
4427011100,충청남도,당진시,구룡동,,0,2012-01-01
4427025000,충청남도,당진시,합덕읍,,0,2012-01-01
4427025021,충청남도,당진시,합덕읍,운산리,0,2012-01-01
4427025022,충청남도,당진시,합덕읍,도곡리,0,2012-01-01
4427025023,충청남도,당진시,합덕읍,소소리,0,2012-01-01
4427025024,충청남도,당진시,합덕읍,석우리,0,2012-01-01
4427025025,충청남도,당진시,합덕읍,성동리,0,2012-01-01
4427025026,충청남도,당진시,합덕읍,대합덕리,0,2012-01-01
4427025027,충청남도,당진시,합덕읍,대전리,0,2012-01-01
4427025028,충청남도,당진시,합덕읍,도리,0,2012-01-01
4427025029,충청남도,당진시,합덕읍,신리,0,2012-01-01
4427025030,충청남도,당진시,합덕읍,옥금리,0,2012-01-01
4427025031,충청남도,당진시,합덕읍,합덕리,0,2012-01-01
4427025032,충청남도,당진시,합덕읍,점원리,0,2012-01-01
4427025033,충청남도,당진시,합덕읍,신흥리,0,2012-01-01
4427025034,충청남도,당진시,합덕읍,신석리,0,2012-01-01
4427025300,충청남도,당진시,송악읍,,0,2012-01-01
4427025321,충청남도,당진시,송악읍,기지시리,0,2012-01-01
4427025322,충청남도,당진시,송악읍,가교리,0,2012-01-01
4427025323,충청남도,당진시,송악읍,방계리,0,2012-01-01
4427025324,충청남도,당진시,송악읍,본당리,0,2012-01-01
4427025325,충청남도,당진시,송악읍,청금리,0,2012-01-01
4427025326,충청남도,당진시,송악읍,봉교리,0,2012-01-01
4427025327,충청남도,당진시,송악읍,광명리,0,2012-01-01
4427025328,충청남도,당진시,송악읍,반촌리,0,2012-01-01
4427025329,충청남도,당진시,송악읍,영천리,0,2012-01-01
4427025330,충청남도,당진시,송악읍,금곡리,0,2012-01-01
4427025331,충청남도,당진시,송악읍,전대리,0,2012-01-01
4427025332,충청남도,당진시,송악읍,도원리,0,2012-01-01
4427025333,충청남도,당진시,송악읍,복운리,0,2012-01-01
4427025334,충청남도,당진시,송악읍,중흥리,0,2012-01-01
4427025335,충청남도,당진시,송악읍,오곡리,0,2012-01-01
4427025336,충청남도,당진시,송악읍,부곡리,0,2012-01-01
4427025337,충청남도,당진시,송악읍,한진리,0,2012-01-01
4427025338,충청남도,당진시,송악읍,고대리,0,2012-01-01
4427025339,충청남도,당진시,송악읍,월곡리,0,2012-01-01
4427025340,충청남도,당진시,송악읍,정곡리,0,2012-01-01
4427025341,충청남도,당진시,송악읍,석포리,0,2012-01-01
4427025342,충청남도,당진시,송악읍,가학리,0,2012-01-01
4427031000,충청남도,당진시,고대면,,0,2012-01-01
4427031021,충청남도,당진시,고대면,용두리,0,2012-01-01
4427031022,충청남도,당진시,고대면,슬항리,0,2012-01-01
4427031023,충청남도,당진시,고대면,대촌리,0,2012-01-01
4427031024,충청남도,당진시,고대면,장항리,0,2012-01-01
4427031025,충청남도,당진시,고대면,성산리,0,2012-01-01
4427031026,충청남도,당진시,고대면,당진포리,0,2012-01-01
4427031027,충청남도,당진시,고대면,옥현리,0,2012-01-01
4427031028,충청남도,당진시,고대면,항곡리,0,2012-01-01
4427031029,충청남도,당진시,고대면,진관리,0,2012-01-01
4427032000,충청남도,당진시,석문면,,0,2012-01-01
4427032021,충청남도,당진시,석문면,통정리,0,2012-01-01
4427032022,충청남도,당진시,석문면,삼화리,0,2012-01-01
4427032023,충청남도,당진시,석문면,삼봉리,0,2012-01-01
4427032024,충청남도,당진시,석문면,장고항리,0,2012-01-01
4427032025,충청남도,당진시,석문면,교로리,0,2012-01-01
4427032026,충청남도,당진시,석문면,난지도리,0,2012-01-01
4427032027,충청남도,당진시,석문면,초락도리,0,2012-01-01
4427033000,충청남도,당진시,대호지면,,0,2012-01-01
4427033021,충청남도,당진시,대호지면,조금리,0,2012-01-01
4427033022,충청남도,당진시,대호지면,사성리,0,2012-01-01
4427033023,충청남도,당진시,대호지면,적서리,0,2012-01-01
4427033024,충청남도,당진시,대호지면,도이리,0,2012-01-01
4427033025,충청남도,당진시,대호지면,두산리,0,2012-01-01
4427033026,충청남도,당진시,대호지면,장정리,0,2012-01-01
4427033027,충청남도,당진시,대호지면,마중리,0,2012-01-01
4427033028,충청남도,당진시,대호지면,송전리,0,2012-01-01
4427033029,충청남도,당진시,대호지면,출포리,0,2012-01-01
4427034000,충청남도,당진시,정미면,,0,2012-01-01
4427034021,충청남도,당진시,정미면,천의리,0,2012-01-01
4427034022,충청남도,당진시,정미면,승산리,0,2012-01-01
4427034023,충청남도,당진시,정미면,대조리,0,2012-01-01
4427034024,충청남도,당진시,정미면,도산리,0,2012-01-01
4427034025,충청남도,당진시,정미면,매방리,0,2012-01-01
4427034026,충청남도,당진시,정미면,우산리,0,2012-01-01
4427034027,충청남도,당진시,정미면,하성리,0,2012-01-01
4427034028,충청남도,당진시,정미면,산성리,0,2012-01-01
4427034029,충청남도,당진시,정미면,덕삼리,0,2012-01-01
4427034030,충청남도,당진시,정미면,봉성리,0,2012-01-01
4427034031,충청남도,당진시,정미면,수당리,0,2012-01-01
4427034032,충청남도,당진시,정미면,사관리,0,2012-01-01
4427034033,충청남도,당진시,정미면,대운산리,0,2012-01-01
4427034034,충청남도,당진시,정미면,덕마리,0,2012-01-01
4427034035,충청남도,당진시,정미면,신시리,0,2012-01-01
4427034036,충청남도,당진시,정미면,모평리,0,2012-01-01
4427034037,충청남도,당진시,정미면,봉생리,0,2012-01-01
4427035000,충청남도,당진시,면천면,,0,2012-01-01
4427035021,충청남도,당진시,면천면,성상리,0,2012-01-01
4427035022,충청남도,당진시,면천면,성하리,0,2012-01-01
4427035023,충청남도,당진시,면천면,원동리,0,2012-01-01
4427035024,충청남도,당진시,면천면,문봉리,0,2012-01-01
4427035025,충청남도,당진시,면천면,자개리,0,2012-01-01
4427035026,충청남도,당진시,면천면,율사리,0,2012-01-01
4427035027,충청남도,당진시,면천면,대치리,0,2012-01-01
4427035028,충청남도,당진시,면천면,삼웅리,0,2012-01-01
4427035029,충청남도,당진시,면천면,송학리,0,2012-01-01
4427035030,충청남도,당진시,면천면,죽동리,0,2012-01-01
4427035031,충청남도,당진시,면천면,사기소리,0,2012-01-01
4427036000,충청남도,당진시,순성면,,0,2012-01-01
4427036021,충청남도,당진시,순성면,봉소리,0,2012-01-01
4427036022,충청남도,당진시,순성면,백석리,0,2012-01-01
4427036023,충청남도,당진시,순성면,양유리,0,2012-01-01
4427036024,충청남도,당진시,순성면,나산리,0,2012-01-01
4427036025,충청남도,당진시,순성면,광천리,0,2012-01-01
4427036026,충청남도,당진시,순성면,본리,0,2012-01-01
4427036027,충청남도,당진시,순성면,중방리,0,2012-01-01
4427036028,충청남도,당진시,순성면,아찬리,0,2012-01-01
4427036029,충청남도,당진시,순성면,옥호리,0,2012-01-01
4427036030,충청남도,당진시,순성면,성북리,0,2012-01-01
4427036031,충청남도,당진시,순성면,갈산리,0,2012-01-01
4427037000,충청남도,당진시,우강면,,0,2012-01-01
4427037021,충청남도,당진시,우강면,창리,0,2012-01-01
4427037022,충청남도,당진시,우강면,송산리,0,2012-01-01
4427037023,충청남도,당진시,우강면,세류리,0,2012-01-01
4427037024,충청남도,당진시,우강면,원치리,0,2012-01-01
4427037025,충청남도,당진시,우강면,공포리,0,2012-01-01
4427037026,충청남도,당진시,우강면,부장리,0,2012-01-01
4427037027,충청남도,당진시,우강면,신촌리,0,2012-01-01
4427037028,충청남도,당진시,우강면,강문리,0,2012-01-01
4427037029,충청남도,당진시,우강면,소반리,0,2012-01-01
4427037030,충청남도,당진시,우강면,대포리,0,2012-01-01
4427037031,충청남도,당진시,우강면,내경리,0,2012-01-01
4427037032,충청남도,당진시,우강면,성원리,0,2012-01-01
4427038000,충청남도,당진시,신평면,,0,2012-01-01
4427038021,충청남도,당진시,신평면,금천리,0,2012-01-01
4427038022,충청남도,당진시,신평면,초대리,0,2012-01-01
4427038023,충청남도,당진시,신평면,거산리,0,2012-01-01
4427038024,충청남도,당진시,신평면,상오리,0,2012-01-01
4427038025,충청남도,당진시,신평면,남산리,0,2012-01-01
4427038026,충청남도,당진시,신평면,신송리,0,2012-01-01
4427038027,충청남도,당진시,신평면,신흥리,0,2012-01-01
4427038028,충청남도,당진시,신평면,운정리,0,2012-01-01
4427038029,충청남도,당진시,신평면,신당리,0,2012-01-01
4427038030,충청남도,당진시,신평면,도성리,0,2012-01-01
4427038031,충청남도,당진시,신평면,부수리,0,2012-01-01
4427038032,충청남도,당진시,신평면,매산리,0,2012-01-01
4427038033,충청남도,당진시,신평면,한정리,0,2012-01-01
4427039000,충청남도,당진시,송산면,,0,2012-01-01
4427039021,충청남도,당진시,송산면,상거리,0,2012-01-01
4427039022,충청남도,당진시,송산면,금암리,0,2012-01-01
4427039023,충청남도,당진시,송산면,당산리,0,2012-01-01
4427039024,충청남도,당진시,송산면,송석리,0,2012-01-01
4427039025,충청남도,당진시,송산면,매곡리,0,2012-01-01
4427039026,충청남도,당진시,송산면,부곡리,0,2012-01-01
4427039027,충청남도,당진시,송산면,명산리,0,2012-01-01
4427039028,충청남도,당진시,송산면,도문리,0,2012-01-01
4427039029,충청남도,당진시,송산면,삼월리,0,2012-01-01
4427039030,충청남도,당진시,송산면,무수리,0,2012-01-01
4427039031,충청남도,당진시,송산면,유곡리,0,2012-01-01
4427039032,충청남도,당진시,송산면,동곡리,0,2012-01-01
4427039033,충청남도,당진시,송산면,가곡리,0,2012-01-01
4471000000,충청남도,금산군,,,7,1988-04-23
4471025000,충청남도,금산군,금산읍,,1,1988-04-23
4471025021,충청남도,금산군,금산읍,신대리,1,1988-04-23
4471025022,충청남도,금산군,금산읍,중도리,2,1988-04-23
4471025023,충청남도,금산군,금산읍,하옥리,3,1988-04-23
4471025024,충청남도,금산군,금산읍,상리,4,1988-04-23
4471025025,충청남도,금산군,금산읍,아인리,5,1988-04-23
4471025026,충청남도,금산군,금산읍,상옥리,6,1988-04-23
4471025027,충청남도,금산군,금산읍,계진리,7,1988-04-23
4471025028,충청남도,금산군,금산읍,양지리,8,1988-04-23
4471025029,충청남도,금산군,금산읍,음지리,9,1988-04-23
4471031000,충청남도,금산군,금성면,,2,1988-04-23
4471031021,충청남도,금산군,금성면,양전리,1,1988-04-23
4471031022,충청남도,금산군,금성면,도곡리,2,1988-04-23
4471031023,충청남도,금산군,금성면,화림리,3,1988-04-23
4471031024,충청남도,금산군,금성면,상가리,4,1988-04-23
4471031025,충청남도,금산군,금성면,두곡리,5,1988-04-23
4471031026,충청남도,금산군,금성면,파초리,6,1988-04-23
4471031027,충청남도,금산군,금성면,하류리,7,1988-04-23
4471031028,충청남도,금산군,금성면,의총리,8,1988-04-23
4471031029,충청남도,금산군,금성면,마수리,9,1988-04-23
4471031030,충청남도,금산군,금성면,하신리,10,1988-04-23
4471031031,충청남도,금산군,금성면,대암리,11,1988-04-23
4471032000,충청남도,금산군,제원면,,3,1988-04-23
4471032021,충청남도,금산군,제원면,제원리,1,1988-04-23
4471032022,충청남도,금산군,제원면,명암리,2,1988-04-23
4471032023,충청남도,금산군,제원면,수당리,3,1988-04-23
4471032024,충청남도,금산군,제원면,명곡리,4,1988-04-23
4471032025,충청남도,금산군,제원면,구억리,5,1988-04-23
4471032026,충청남도,금산군,제원면,동곡리,6,1988-04-23
4471032027,충청남도,금산군,제원면,길곡리,7,1988-04-23
4471032028,충청남도,금산군,제원면,신안리,8,1988-04-23
4471032029,충청남도,금산군,제원면,대산리,9,1988-04-23
4471032030,충청남도,금산군,제원면,저곡리,10,1988-04-23
4471032031,충청남도,금산군,제원면,금성리,11,1988-04-23
4471032032,충청남도,금산군,제원면,용화리,12,1988-04-23
4471032033,충청남도,금산군,제원면,천내리,13,1988-04-23
4471033000,충청남도,금산군,부리면,,4,1988-04-23
4471033021,충청남도,금산군,부리면,창평리,1,1988-04-23
4471033022,충청남도,금산군,부리면,선원리,2,1988-04-23
4471033023,충청남도,금산군,부리면,관천리,3,1988-04-23
4471033024,충청남도,금산군,부리면,불이리,4,1988-04-23
4471033025,충청남도,금산군,부리면,양곡리,5,1988-04-23
4471033026,충청남도,금산군,부리면,평촌리,6,1988-04-23
4471033027,충청남도,금산군,부리면,신촌리,7,1988-04-23
4471033028,충청남도,금산군,부리면,어재리,8,1988-04-23
4471033029,충청남도,금산군,부리면,예미리,9,1988-04-23
4471033030,충청남도,금산군,부리면,수통리,10,1988-04-23
4471033031,충청남도,금산군,부리면,방우리,11,1988-04-23
4471033032,충청남도,금산군,부리면,현내리,12,1988-04-23
4471034000,충청남도,금산군,군북면,,5,1988-04-23
4471034021,충청남도,금산군,군북면,호티리,1,1988-04-23
4471034022,충청남도,금산군,군북면,내부리,2,1988-04-23
4471034023,충청남도,금산군,군북면,외부리,3,1988-04-23
4471034024,충청남도,금산군,군북면,천을리,4,1988-04-23
4471034025,충청남도,금산군,군북면,두두리,5,1988-04-23
4471034026,충청남도,금산군,군북면,동편리,6,1988-04-23
4471034027,충청남도,금산군,군북면,조정리,7,1988-04-23
4471034028,충청남도,금산군,군북면,보광리,8,1988-04-23
4471034029,충청남도,금산군,군북면,상곡리,9,1988-04-23
4471034030,충청남도,금산군,군북면,산안리,10,1988-04-23
4471035000,충청남도,금산군,남일면,,6,1988-04-23
4471035021,충청남도,금산군,남일면,황풍리,1,1988-04-23
4471035022,충청남도,금산군,남일면,마장리,2,1988-04-23
4471035023,충청남도,금산군,남일면,상동리,3,1988-04-23
4471035024,충청남도,금산군,남일면,초현리,4,1988-04-23
4471035025,충청남도,금산군,남일면,덕천리,5,1988-04-23
4471035026,충청남도,금산군,남일면,신정리,6,1988-04-23
4471035027,충청남도,금산군,남일면,신동리,7,1988-04-23
4471035028,충청남도,금산군,남일면,음대리,8,1988-04-23
4471035029,충청남도,금산군,남일면,신천리,9,1988-04-23
4471036000,충청남도,금산군,남이면,,7,1988-04-23
4471036021,충청남도,금산군,남이면,하금리,1,1988-04-23
4471036022,충청남도,금산군,남이면,상금리,2,1988-04-23
4471036023,충청남도,금산군,남이면,건천리,3,1988-04-23
4471036024,충청남도,금산군,남이면,역평리,4,1988-04-23
4471036025,충청남도,금산군,남이면,대양리,5,1988-04-23
4471036026,충청남도,금산군,남이면,흑암리,6,1988-04-23
4471036027,충청남도,금산군,남이면,구석리,7,1988-04-23
4471036028,충청남도,금산군,남이면,매곡리,8,1988-04-23
4471036029,충청남도,금산군,남이면,석동리,9,1988-04-23
4471036030,충청남도,금산군,남이면,성곡리,10,1988-04-23
4471037000,충청남도,금산군,진산면,,8,1988-04-23
4471037021,충청남도,금산군,진산면,만악리,1,1988-04-23
4471037022,충청남도,금산군,진산면,엄정리,2,1988-04-23
4471037023,충청남도,금산군,진산면,부암리,3,1988-04-23
4471037024,충청남도,금산군,진산면,삼가리,4,1988-04-23
4471037025,충청남도,금산군,진산면,오항리,5,1988-04-23
4471037026,충청남도,금산군,진산면,석막리,6,1988-04-23
4471037027,충청남도,금산군,진산면,교촌리,7,1988-04-23
4471037028,충청남도,금산군,진산면,읍내리,8,1988-04-23
4471037029,충청남도,금산군,진산면,묵산리,9,1988-04-23
4471037030,충청남도,금산군,진산면,행정리,10,1988-04-23
4471037031,충청남도,금산군,진산면,두지리,11,1988-04-23
4471037032,충청남도,금산군,진산면,지방리,12,1988-04-23
4471037033,충청남도,금산군,진산면,막현리,13,1988-04-23
4471038000,충청남도,금산군,복수면,,9,1988-04-23
4471038021,충청남도,금산군,복수면,용진리,1,1988-04-23
4471038022,충청남도,금산군,복수면,다복리,2,1988-04-23
4471038023,충청남도,금산군,복수면,곡남리,3,1988-04-23
4471038024,충청남도,금산군,복수면,수영리,4,1988-04-23
4471038025,충청남도,금산군,복수면,목소리,5,1988-04-23
4471038026,충청남도,금산군,복수면,백암리,6,1988-04-23
4471038027,충청남도,금산군,복수면,구례리,7,1988-04-23
4471038028,충청남도,금산군,복수면,신대리,8,1988-04-23
4471038029,충청남도,금산군,복수면,지량리,9,1988-04-23
4471039000,충청남도,금산군,추부면,,10,1988-04-23
4471039021,충청남도,금산군,추부면,용지리,1,1988-04-23
4471039022,충청남도,금산군,추부면,추정리,2,1988-04-23
4471039023,충청남도,금산군,추부면,마전리,3,1988-04-23
4471039024,충청남도,금산군,추부면,비례리,4,1988-04-23
4471039025,충청남도,금산군,추부면,자부리,5,1988-04-23
4471039026,충청남도,금산군,추부면,장대리,6,1988-04-23
4471039027,충청남도,금산군,추부면,요광리,7,1988-04-23
4471039028,충청남도,금산군,추부면,신평리,8,1988-04-23
4471039029,충청남도,금산군,추부면,성당리,9,1988-04-23
4471039030,충청남도,금산군,추부면,서대리,10,1988-04-23
4476000000,충청남도,부여군,,,9,1988-04-23
4476025000,충청남도,부여군,부여읍,,1,1988-04-23
4476025021,충청남도,부여군,부여읍,송곡리,1,1988-04-23
4476025022,충청남도,부여군,부여읍,상금리,2,1988-04-23
4476025023,충청남도,부여군,부여읍,염창리,3,1988-04-23
4476025024,충청남도,부여군,부여읍,정동리,4,1988-04-23
4476025025,충청남도,부여군,부여읍,석목리,5,1988-04-23
4476025026,충청남도,부여군,부여읍,용정리,6,1988-04-23
4476025027,충청남도,부여군,부여읍,가증리,7,1988-04-23
4476025028,충청남도,부여군,부여읍,동남리,8,1988-04-23
4476025029,충청남도,부여군,부여읍,구아리,9,1988-04-23
4476025030,충청남도,부여군,부여읍,관북리,10,1988-04-23
4476025031,충청남도,부여군,부여읍,쌍북리,11,1988-04-23
4476025032,충청남도,부여군,부여읍,구교리,12,1988-04-23
4476025033,충청남도,부여군,부여읍,가탑리,13,1988-04-23
4476025034,충청남도,부여군,부여읍,중정리,14,1988-04-23
4476025035,충청남도,부여군,부여읍,능산리,15,1988-04-23
4476025036,충청남도,부여군,부여읍,자왕리,16,1988-04-23
4476025037,충청남도,부여군,부여읍,저석리,17,1988-04-23
4476025038,충청남도,부여군,부여읍,신정리,18,1988-04-23
4476025039,충청남도,부여군,부여읍,송간리,19,1988-04-23
4476025040,충청남도,부여군,부여읍,군수리,20,1988-04-23
4476025041,충청남도,부여군,부여읍,왕포리,21,1988-04-23
4476025042,충청남도,부여군,부여읍,현북리,22,1988-04-23
4476031000,충청남도,부여군,규암면,,2,1988-04-23
4476031021,충청남도,부여군,규암면,반산리,1,1988-04-23
4476031022,충청남도,부여군,규암면,나복리,2,1988-04-23
4476031023,충청남도,부여군,규암면,모리,3,1988-04-23
4476031024,충청남도,부여군,규암면,함양리,4,1988-04-23
4476031025,충청남도,부여군,규암면,호암리,5,1988-04-23
4476031026,충청남도,부여군,규암면,합정리,6,1988-04-23
4476031027,충청남도,부여군,규암면,신성리,7,1988-04-23
4476031028,충청남도,부여군,규암면,금암리,8,1988-04-23
4476031029,충청남도,부여군,규암면,신리,9,1988-04-23
4476031030,충청남도,부여군,규암면,오수리,10,1988-04-23
4476031031,충청남도,부여군,규암면,진변리,11,1988-04-23
4476031032,충청남도,부여군,규암면,규암리,12,1988-04-23
4476031033,충청남도,부여군,규암면,외리,13,1988-04-23
4476031034,충청남도,부여군,규암면,내리,14,1988-04-23
4476031035,충청남도,부여군,규암면,합송리,15,1988-04-23
4476031036,충청남도,부여군,규암면,노화리,16,1988-04-23
4476031037,충청남도,부여군,규암면,수목리,17,1988-04-23
4476031038,충청남도,부여군,규암면,석우리,18,1988-04-23
4476031039,충청남도,부여군,규암면,부여두리,19,1988-04-23
4476032000,충청남도,부여군,은산면,,3,1988-04-23
4476032021,충청남도,부여군,은산면,신대리,1,1988-04-23
4476032022,충청남도,부여군,은산면,홍산리,2,1988-04-23
4476032023,충청남도,부여군,은산면,오번리,3,1988-04-23
4476032024,충청남도,부여군,은산면,은산리,4,1988-04-23
4476032025,충청남도,부여군,은산면,회곡리,5,1988-04-23
4476032026,충청남도,부여군,은산면,대양리,6,1988-04-23
4476032027,충청남도,부여군,은산면,나령리,7,1988-04-23
4476032028,충청남도,부여군,은산면,가중리,8,1988-04-23
4476032029,충청남도,부여군,은산면,경둔리,9,1988-04-23
4476032030,충청남도,부여군,은산면,각대리,10,1988-04-23
4476032031,충청남도,부여군,은산면,거전리,11,1988-04-23
4476032032,충청남도,부여군,은산면,용두리,12,1988-04-23
4476032033,충청남도,부여군,은산면,내지리,13,1988-04-23
4476032034,충청남도,부여군,은산면,합수리,14,1988-04-23
4476032035,충청남도,부여군,은산면,금공리,15,1988-04-23
4476032036,충청남도,부여군,은산면,가곡리,16,1988-04-23
4476032037,충청남도,부여군,은산면,장벌리,17,1988-04-23
4476033000,충청남도,부여군,외산면,,4,1988-04-23
4476033021,충청남도,부여군,외산면,삼산리,1,1988-04-23
4476033022,충청남도,부여군,외산면,비암리,2,1988-04-23
4476033023,충청남도,부여군,외산면,지선리,3,1988-04-23
4476033024,충청남도,부여군,외산면,문신리,4,1988-04-23
4476033025,충청남도,부여군,외산면,가덕리,5,1988-04-23
4476033026,충청남도,부여군,외산면,반교리,6,1988-04-23
4476033027,충청남도,부여군,외산면,갈산리,7,1988-04-23
4476033028,충청남도,부여군,외산면,장항리,8,1988-04-23
4476033029,충청남도,부여군,외산면,수신리,9,1988-04-23
4476033030,충청남도,부여군,외산면,만수리,10,1988-04-23
4476033031,충청남도,부여군,외산면,복덕리,11,1988-04-23
4476033032,충청남도,부여군,외산면,화성리,12,1988-04-23
4476033033,충청남도,부여군,외산면,전장리,13,1988-04-23
4476034000,충청남도,부여군,내산면,,5,1988-04-23
4476034021,충청남도,부여군,내산면,운치리,1,1988-04-23
4476034022,충청남도,부여군,내산면,천보리,2,1988-04-23
4476034023,충청남도,부여군,내산면,저동리,3,1988-04-23
4476034024,충청남도,부여군,내산면,온해리,4,1988-04-23
4476034025,충청남도,부여군,내산면,지티리,5,1988-05-23
4476034026,충청남도,부여군,내산면,주암리,6,1988-04-23
4476034027,충청남도,부여군,내산면,마전리,7,1988-04-23
4476034028,충청남도,부여군,내산면,금지리,8,1988-04-23
4476034029,충청남도,부여군,내산면,묘원리,9,1988-04-23
4476034030,충청남도,부여군,내산면,율암리,10,1988-04-23
4476035000,충청남도,부여군,구룡면,,6,1988-04-23
4476035021,충청남도,부여군,구룡면,구봉리,1,1988-04-23
4476035022,충청남도,부여군,구룡면,죽절리,2,1988-04-23
4476035023,충청남도,부여군,구룡면,주정리,3,1988-04-23
4476035024,충청남도,부여군,구룡면,태양리,4,1988-04-23
4476035025,충청남도,부여군,구룡면,논티리,5,1988-04-23
4476035026,충청남도,부여군,구룡면,금사리,6,1988-04-23
4476035027,충청남도,부여군,구룡면,현암리,7,1988-04-23
4476035028,충청남도,부여군,구룡면,죽교리,8,1988-04-23
4476035029,충청남도,부여군,구룡면,동방리,9,1988-04-23
4476035030,충청남도,부여군,구룡면,용당리,10,1988-04-23
4476036000,충청남도,부여군,홍산면,,7,1988-04-23
4476036021,충청남도,부여군,홍산면,토정리,1,1988-04-23
4476036022,충청남도,부여군,홍산면,정동리,2,1988-04-23
4476036023,충청남도,부여군,홍산면,북촌리,3,1988-04-23
4476036024,충청남도,부여군,홍산면,남촌리,4,1988-04-23
4476036025,충청남도,부여군,홍산면,홍양리,5,1988-04-23
4476036026,충청남도,부여군,홍산면,좌홍리,6,1988-04-23
4476036027,충청남도,부여군,홍산면,교원리,7,1988-04-23
4476036028,충청남도,부여군,홍산면,조현리,8,1988-04-23
4476036029,충청남도,부여군,홍산면,상천리,9,1988-04-23
4476036030,충청남도,부여군,홍산면,무정리,10,1988-04-23
4476037000,충청남도,부여군,옥산면,,8,1988-04-23
4476037021,충청남도,부여군,옥산면,상기리,1,1988-04-23
4476037022,충청남도,부여군,옥산면,학산리,2,1988-04-23
4476037023,충청남도,부여군,옥산면,홍연리,3,1988-04-23
4476037024,충청남도,부여군,옥산면,수암리,4,1988-04-23
4476037025,충청남도,부여군,옥산면,봉산리,5,1988-04-23
4476037026,충청남도,부여군,옥산면,중양리,6,1988-04-23
4476037027,충청남도,부여군,옥산면,신안리,7,1988-04-23
4476037028,충청남도,부여군,옥산면,대덕리,8,1988-04-23
4476037029,충청남도,부여군,옥산면,안서리,9,1988-04-23
4476037030,충청남도,부여군,옥산면,내대리,10,1988-04-23
4476037031,충청남도,부여군,옥산면,가덕리,11,1988-04-23
4476038000,충청남도,부여군,남면,,9,1988-04-23
4476038021,충청남도,부여군,남면,송학리,1,1988-04-23
4476038022,충청남도,부여군,남면,마정리,2,1988-04-23
4476038023,충청남도,부여군,남면,송암리,3,1988-04-23
4476038024,충청남도,부여군,남면,대선리,4,1988-04-23
4476038025,충청남도,부여군,남면,회동리,5,1988-04-23
4476038026,충청남도,부여군,남면,내곡리,6,1988-04-23
4476038027,충청남도,부여군,남면,신홍리,7,1988-04-23
4476038028,충청남도,부여군,남면,금천리,8,1988-04-23
4476038029,충청남도,부여군,남면,삼용리,9,1988-04-23
4476039000,충청남도,부여군,충화면,,10,1988-04-23
4476039021,충청남도,부여군,충화면,천당리,1,1988-04-23
4476039022,충청남도,부여군,충화면,복금리,2,1988-04-23
4476039023,충청남도,부여군,충화면,오덕리,3,1988-04-23
4476039024,충청남도,부여군,충화면,현미리,4,1988-04-23
4476039025,충청남도,부여군,충화면,지석리,5,1988-04-23
4476039026,충청남도,부여군,충화면,가화리,6,1988-04-23
4476039027,충청남도,부여군,충화면,팔충리,7,1988-04-23
4476039028,충청남도,부여군,충화면,만지리,8,1988-04-23
4476039029,충청남도,부여군,충화면,청남리,9,1988-04-23
4476040000,충청남도,부여군,양화면,,11,1988-04-23
4476040021,충청남도,부여군,양화면,송정리,1,1988-04-23
4476040022,충청남도,부여군,양화면,내성리,2,1988-04-23
4476040023,충청남도,부여군,양화면,입포리,3,1988-04-23
4476040024,충청남도,부여군,양화면,오량리,4,1988-04-23
4476040025,충청남도,부여군,양화면,원당리,5,1988-04-23
4476040026,충청남도,부여군,양화면,족교리,6,1988-04-23
4476040027,충청남도,부여군,양화면,상촌리,7,1988-04-23
4476040028,충청남도,부여군,양화면,암수리,8,1988-04-23
4476040029,충청남도,부여군,양화면,초왕리,9,1988-04-23
4476040030,충청남도,부여군,양화면,벽용리,10,1988-04-23
4476040031,충청남도,부여군,양화면,수원리,11,1988-04-23
4476040032,충청남도,부여군,양화면,시음리,12,1988-04-23
4476041000,충청남도,부여군,임천면,,12,1988-04-23
4476041021,충청남도,부여군,임천면,군사리,1,1988-04-23
4476041022,충청남도,부여군,임천면,가신리,2,1988-04-23
4476041023,충청남도,부여군,임천면,구교리,3,1988-04-23
4476041024,충청남도,부여군,임천면,칠산리,4,1988-04-23
4476041025,충청남도,부여군,임천면,비정리,5,1988-04-23
4476041026,충청남도,부여군,임천면,발산리,6,1988-04-23
4476041027,충청남도,부여군,임천면,만사리,7,1988-04-23
4476041028,충청남도,부여군,임천면,점리,8,1988-04-23
4476041029,충청남도,부여군,임천면,두곡리,9,1988-04-23
4476041030,충청남도,부여군,임천면,탑산리,10,1988-04-23
4476041031,충청남도,부여군,임천면,옥곡리,11,1988-04-23
4476042000,충청남도,부여군,장암면,,13,1988-04-23
4476042021,충청남도,부여군,장암면,점상리,1,1988-04-23
4476042022,충청남도,부여군,장암면,상황리,2,1988-04-23
4476042023,충청남도,부여군,장암면,하황리,3,1988-04-23
4476042024,충청남도,부여군,장암면,장하리,4,1988-04-23
4476042025,충청남도,부여군,장암면,정암리,5,1988-04-23
4476042026,충청남도,부여군,장암면,원문리,6,1988-04-23
4476042027,충청남도,부여군,장암면,석동리,7,1988-04-23
4476042028,충청남도,부여군,장암면,지토리,8,1988-04-23
4476042029,충청남도,부여군,장암면,합곡리,9,1988-04-23
4476042030,충청남도,부여군,장암면,북고리,10,1988-04-23
4476043000,충청남도,부여군,세도면,,14,1988-04-23
4476043021,충청남도,부여군,세도면,귀덕리,1,1988-04-23
4476043022,충청남도,부여군,세도면,장산리,2,1988-04-23
4476043023,충청남도,부여군,세도면,가회리,3,1988-04-23
4476043024,충청남도,부여군,세도면,청송리,4,1988-04-23
4476043025,충청남도,부여군,세도면,동사리,5,1988-04-23
4476043026,충청남도,부여군,세도면,간대리,6,1988-04-23
4476043027,충청남도,부여군,세도면,수고리,7,1988-04-23
4476043028,충청남도,부여군,세도면,청포리,8,1988-04-23
4476043029,충청남도,부여군,세도면,반조원리,9,1988-04-23
4476043030,충청남도,부여군,세도면,화수리,10,1988-04-23
4476043031,충청남도,부여군,세도면,사산리,11,1988-04-23
4476044000,충청남도,부여군,석성면,,15,1988-04-23
4476044021,충청남도,부여군,석성면,석성리,1,1988-04-23
4476044022,충청남도,부여군,석성면,봉정리,2,1988-04-23
4476044023,충청남도,부여군,석성면,비당리,3,1988-04-23
4476044024,충청남도,부여군,석성면,증산리,4,1988-04-23
4476044025,충청남도,부여군,석성면,정각리,5,1988-04-23
4476044026,충청남도,부여군,석성면,현내리,6,1988-04-23
4476045000,충청남도,부여군,초촌면,,16,1988-04-23
4476045021,충청남도,부여군,초촌면,신암리,1,1988-04-23
4476045022,충청남도,부여군,초촌면,소사리,2,1988-04-23
4476045023,충청남도,부여군,초촌면,산직리,3,1988-04-23
4476045024,충청남도,부여군,초촌면,응평리,4,1988-04-23
4476045025,충청남도,부여군,초촌면,연화리,5,1988-04-23
4476045026,충청남도,부여군,초촌면,추양리,6,1988-04-23
4476045027,충청남도,부여군,초촌면,송국리,7,1988-04-23
4476045028,충청남도,부여군,초촌면,세탑리,8,1988-04-23
4476045029,충청남도,부여군,초촌면,송정리,9,1988-04-23
4476045030,충청남도,부여군,초촌면,진호리,10,1988-04-23
4476045031,충청남도,부여군,초촌면,초평리,11,1988-04-23
4477000000,충청남도,서천군,,,10,1988-04-23
4477025000,충청남도,서천군,장항읍,,1,1988-04-23
4477025021,충청남도,서천군,장항읍,창선1리,1,1988-10-01
4477025022,충청남도,서천군,장항읍,창선2리,2,1988-10-01
4477025023,충청남도,서천군,장항읍,성주리,3,1988-10-01
4477025024,충청남도,서천군,장항읍,신창리,4,1988-10-01
4477025025,충청남도,서천군,장항읍,장암리,5,1988-10-01
4477025026,충청남도,서천군,장항읍,화천리,6,1988-10-01
4477025027,충청남도,서천군,장항읍,송림리,7,1988-10-01
4477025028,충청남도,서천군,장항읍,옥남리,8,1988-10-01
4477025029,충청남도,서천군,장항읍,옥산리,9,1988-10-01
4477025030,충청남도,서천군,장항읍,원수리,0,1988-10-01
4477025300,충청남도,서천군,서천읍,,2,1988-04-23
4477025321,충청남도,서천군,서천읍,군사리,1,1988-04-23
4477025322,충청남도,서천군,서천읍,사곡리,2,1988-04-23
4477025323,충청남도,서천군,서천읍,오석리,3,1988-04-23
4477025324,충청남도,서천군,서천읍,화성리,4,1988-04-23
4477025325,충청남도,서천군,서천읍,태월리,5,1988-04-23
4477025326,충청남도,서천군,서천읍,둔덕리,6,1988-04-23
4477025327,충청남도,서천군,서천읍,동산리,7,1988-04-23
4477025328,충청남도,서천군,서천읍,삼산리,8,1988-04-23
4477025329,충청남도,서천군,서천읍,신송리,9,1988-04-23
4477025330,충청남도,서천군,서천읍,화금리,10,1988-04-23
4477025331,충청남도,서천군,서천읍,구암리,11,1988-04-23
4477025332,충청남도,서천군,서천읍,두왕리,12,1988-04-23
4477025333,충청남도,서천군,서천읍,남산리,13,1988-04-23
4477031000,충청남도,서천군,마서면,,3,1988-04-23
4477031021,충청남도,서천군,마서면,계동리,1,1988-04-23
4477031022,충청남도,서천군,마서면,봉남리,2,1988-04-23
4477031023,충청남도,서천군,마서면,옥산리,3,1988-04-23
4477031024,충청남도,서천군,마서면,한성리,4,1988-04-23
4477031025,충청남도,서천군,마서면,송석리,5,1988-04-23
4477031026,충청남도,서천군,마서면,죽산리,6,1988-04-23
4477031027,충청남도,서천군,마서면,월포리,7,1988-04-23
4477031028,충청남도,서천군,마서면,남전리,8,1988-04-23
4477031029,충청남도,서천군,마서면,옥북리,9,1988-04-23
4477031030,충청남도,서천군,마서면,덕암리,10,1988-04-23
4477031031,충청남도,서천군,마서면,송내리,11,1988-04-23
4477031032,충청남도,서천군,마서면,장선리,12,1988-04-23
4477031033,충청남도,서천군,마서면,도삼리,13,1988-04-23
4477031034,충청남도,서천군,마서면,신포리,14,1988-04-23
4477031035,충청남도,서천군,마서면,산내리,15,1988-04-23
4477031036,충청남도,서천군,마서면,당선리,16,1988-04-23
4477031037,충청남도,서천군,마서면,어리,17,1988-04-23
4477032000,충청남도,서천군,화양면,,4,1988-04-23
4477032021,충청남도,서천군,화양면,옥포리,1,1988-04-23
4477032022,충청남도,서천군,화양면,보현리,2,1988-04-23
4477032023,충청남도,서천군,화양면,와초리,3,1988-04-23
4477032024,충청남도,서천군,화양면,완포리,4,1988-04-23
4477032025,충청남도,서천군,화양면,화촌리,5,1988-04-23
4477032026,충청남도,서천군,화양면,죽산리,6,1988-04-23
4477032027,충청남도,서천군,화양면,월산리,7,1988-04-23
4477032028,충청남도,서천군,화양면,남성리,8,1988-04-23
4477032029,충청남도,서천군,화양면,대등리,9,1988-04-23
4477032030,충청남도,서천군,화양면,활동리,10,1988-04-23
4477032031,충청남도,서천군,화양면,대하리,11,1988-04-23
4477032032,충청남도,서천군,화양면,기복리,12,1988-04-23
4477032033,충청남도,서천군,화양면,추동리,13,1988-04-23
4477032034,충청남도,서천군,화양면,금당리,14,1988-04-23
4477032035,충청남도,서천군,화양면,창외리,15,1988-04-23
4477032036,충청남도,서천군,화양면,고마리,16,1988-04-23
4477032037,충청남도,서천군,화양면,장상리,17,1988-04-23
4477032038,충청남도,서천군,화양면,망월리,18,1988-04-23
4477032039,충청남도,서천군,화양면,봉명리,19,1988-04-23
4477033000,충청남도,서천군,기산면,,5,1988-04-23
4477033021,충청남도,서천군,기산면,화산리,1,1988-04-23
4477033022,충청남도,서천군,기산면,신산리,2,1988-04-23
4477033023,충청남도,서천군,기산면,내동리,3,1988-04-23
4477033024,충청남도,서천군,기산면,두남리,4,1988-04-23
4477033025,충청남도,서천군,기산면,두북리,5,1988-04-23
4477033026,충청남도,서천군,기산면,원길리,6,1988-04-23
4477033027,충청남도,서천군,기산면,산정리,7,1988-04-23
4477033028,충청남도,서천군,기산면,막동리,8,1988-04-23
4477033029,충청남도,서천군,기산면,월기리,9,1988-04-23
4477033030,충청남도,서천군,기산면,가공리,10,1988-04-23
4477033031,충청남도,서천군,기산면,영모리,11,1988-04-23
4477033032,충청남도,서천군,기산면,광암리,12,1988-04-23
4477033033,충청남도,서천군,기산면,황사리,13,1988-04-23
4477034000,충청남도,서천군,한산면,,6,1988-04-23
4477034021,충청남도,서천군,한산면,지현리,1,1988-04-23
4477034022,충청남도,서천군,한산면,동산리,2,1988-04-23
4477034023,충청남도,서천군,한산면,성외리,3,1988-04-23
4477034024,충청남도,서천군,한산면,호암리,4,1988-04-23
4477034025,충청남도,서천군,한산면,죽촌리,5,1988-04-23
4477034026,충청남도,서천군,한산면,종지리,6,1988-04-23
4477034027,충청남도,서천군,한산면,송곡리,7,1988-04-23
4477034028,충청남도,서천군,한산면,축동리,8,1988-04-23
4477034029,충청남도,서천군,한산면,송산리,9,1988-04-23
4477034030,충청남도,서천군,한산면,원산리,10,1988-04-23
4477034031,충청남도,서천군,한산면,여사리,11,1988-04-23
4477034032,충청남도,서천군,한산면,나교리,12,1988-04-23
4477034033,충청남도,서천군,한산면,동지리,13,1988-04-23
4477034034,충청남도,서천군,한산면,단상리,14,1988-04-23
4477034035,충청남도,서천군,한산면,단하리,15,1988-04-23
4477034036,충청남도,서천군,한산면,마양리,16,1988-04-23
4477034037,충청남도,서천군,한산면,온동리,17,1988-04-23
4477034038,충청남도,서천군,한산면,연봉리,18,1988-04-23
4477034039,충청남도,서천군,한산면,용산리,19,1988-04-23
4477034040,충청남도,서천군,한산면,신성리,20,1988-04-23
4477034041,충청남도,서천군,한산면,구동리,21,1988-04-23
4477035000,충청남도,서천군,마산면,,7,1988-04-23
4477035021,충청남도,서천군,마산면,안당리,1,1988-04-23
4477035022,충청남도,서천군,마산면,소야리,2,1988-04-23
4477035023,충청남도,서천군,마산면,신장리,3,1988-04-23
4477035024,충청남도,서천군,마산면,지산리,4,1988-04-23
4477035025,충청남도,서천군,마산면,가양리,5,1988-04-23
4477035026,충청남도,서천군,마산면,요곡리,6,1988-04-23
4477035027,충청남도,서천군,마산면,관포리,7,1988-04-23
4477035028,충청남도,서천군,마산면,신봉리,8,1988-04-23
4477035029,충청남도,서천군,마산면,삼월리,9,1988-04-23
4477035030,충청남도,서천군,마산면,군간리,10,1988-04-23
4477035031,충청남도,서천군,마산면,시선리,11,1988-04-23
4477035032,충청남도,서천군,마산면,벽오리,12,1988-04-23
4477035033,충청남도,서천군,마산면,마명리,13,1988-04-23
4477035034,충청남도,서천군,마산면,이사리,14,1988-04-23
4477035035,충청남도,서천군,마산면,나궁리,15,1988-04-23
4477035036,충청남도,서천군,마산면,송림리,16,1988-04-23
4477036000,충청남도,서천군,시초면,,8,1988-04-23
4477036021,충청남도,서천군,시초면,초현리,1,1988-04-23
4477036022,충청남도,서천군,시초면,선동리,2,1988-04-23
4477036023,충청남도,서천군,시초면,선암리,3,1988-04-23
4477036024,충청남도,서천군,시초면,신흥리,4,1988-04-23
4477036025,충청남도,서천군,시초면,용곡리,5,1988-04-23
4477036026,충청남도,서천군,시초면,신곡리,6,1988-04-23
4477036027,충청남도,서천군,시초면,태성리,7,1988-04-23
4477036028,충청남도,서천군,시초면,봉선리,8,1988-04-23
4477036029,충청남도,서천군,시초면,풍정리,9,1988-04-23
4477036030,충청남도,서천군,시초면,후암리,10,1988-04-23
4477037000,충청남도,서천군,문산면,,9,1988-04-23
4477037021,충청남도,서천군,문산면,신농리,1,1988-04-23
4477037022,충청남도,서천군,문산면,문장리,2,1988-04-23
4477037023,충청남도,서천군,문산면,북산리,3,1988-04-23
4477037024,충청남도,서천군,문산면,금복리,4,1988-04-23
4477037025,충청남도,서천군,문산면,수암리,5,1988-04-23
4477037026,충청남도,서천군,문산면,지원리,6,1988-04-23
4477037027,충청남도,서천군,문산면,구동리,7,1988-04-23
4477037028,충청남도,서천군,문산면,은곡리,8,1988-04-23
4477038000,충청남도,서천군,판교면,,10,1988-04-23
4477038021,충청남도,서천군,판교면,판교리,1,1988-04-23
4477038022,충청남도,서천군,판교면,마대리,2,1988-04-23
4477038023,충청남도,서천군,판교면,심동리,3,1988-04-23
4477038024,충청남도,서천군,판교면,상좌리,4,1988-04-23
4477038025,충청남도,서천군,판교면,우라리,5,1988-04-23
4477038026,충청남도,서천군,판교면,문곡리,6,1988-04-23
4477038027,충청남도,서천군,판교면,후동리,7,1988-04-23
4477038028,충청남도,서천군,판교면,만덕리,8,1988-04-23
4477038029,충청남도,서천군,판교면,현암리,9,1988-04-23
4477038030,충청남도,서천군,판교면,저산리,10,1988-04-23
4477038031,충청남도,서천군,판교면,수성리,11,1988-04-23
4477038032,충청남도,서천군,판교면,복대리,12,1988-04-23
4477038033,충청남도,서천군,판교면,흥림리,13,1988-04-23
4477038034,충청남도,서천군,판교면,등고리,14,1988-04-23
4477038035,충청남도,서천군,판교면,금덕리,15,1988-04-23
4477039000,충청남도,서천군,종천면,,11,1988-04-23
4477039021,충청남도,서천군,종천면,신검리,1,1988-04-23
4477039022,충청남도,서천군,종천면,랑평리,2,1988-04-23
4477039023,충청남도,서천군,종천면,종천리,3,1988-04-23
4477039024,충청남도,서천군,종천면,당정리,4,1988-04-23
4477039025,충청남도,서천군,종천면,장구리,5,1988-04-23
4477039026,충청남도,서천군,종천면,화산리,6,1988-04-23
4477039027,충청남도,서천군,종천면,산천리,7,1988-04-23
4477039028,충청남도,서천군,종천면,도만리,8,1988-04-23
4477039029,충청남도,서천군,종천면,석촌리,9,1988-04-23
4477039030,충청남도,서천군,종천면,지석리,10,1988-04-23
4477040000,충청남도,서천군,비인면,,12,1988-04-23
4477040021,충청남도,서천군,비인면,성내리,1,1988-04-23
4477040022,충청남도,서천군,비인면,성북리,2,1988-04-23
4477040023,충청남도,서천군,비인면,선도리,3,1988-04-23
4477040024,충청남도,서천군,비인면,칠지리,4,1988-04-23
4477040025,충청남도,서천군,비인면,구복리,5,1988-04-23
4477040026,충청남도,서천군,비인면,남당리,6,1988-04-23
4477040027,충청남도,서천군,비인면,율리,7,1988-04-23
4477040028,충청남도,서천군,비인면,성산리,8,1988-04-23
4477040029,충청남도,서천군,비인면,관리,9,1988-04-23
4477040030,충청남도,서천군,비인면,다사리,10,1988-04-23
4477040031,충청남도,서천군,비인면,장포리,11,1988-04-23
4477041000,충청남도,서천군,서면,,13,1988-04-23
4477041021,충청남도,서천군,서면,개야리,1,1988-04-23
4477041022,충청남도,서천군,서면,마량리,2,1988-04-23
4477041023,충청남도,서천군,서면,월리,3,1988-04-23
4477041024,충청남도,서천군,서면,부사리,4,1988-04-23
4477041025,충청남도,서천군,서면,원두리,5,1988-04-23
4477041026,충청남도,서천군,서면,신합리,6,1988-04-23
4477041027,충청남도,서천군,서면,월호리,7,1988-04-23
4477041028,충청남도,서천군,서면,도둔리,8,1988-04-23
4477041029,충청남도,서천군,서면,주항리,9,1988-04-23
4479000000,충청남도,청양군,,,11,1988-04-23
4479025000,충청남도,청양군,청양읍,,1,1988-04-23
4479025021,충청남도,청양군,청양읍,읍내리,1,1988-04-23
4479025022,충청남도,청양군,청양읍,백천리,2,1988-04-23
4479025023,충청남도,청양군,청양읍,교월리,3,1988-04-23
4479025024,충청남도,청양군,청양읍,벽천리,4,1988-04-23
4479025025,충청남도,청양군,청양읍,적누리,5,1988-04-23
4479025026,충청남도,청양군,청양읍,정좌리,6,1988-04-23
4479025027,충청남도,청양군,청양읍,군량리,7,1988-04-23
4479025028,충청남도,청양군,청양읍,장승리,8,1988-04-23
4479025029,충청남도,청양군,청양읍,송방리,9,1988-04-23
4479025030,충청남도,청양군,청양읍,청수리,10,1988-04-23
4479025031,충청남도,청양군,청양읍,학당리,11,1988-04-23
4479031000,충청남도,청양군,운곡면,,2,1988-04-23
4479031021,충청남도,청양군,운곡면,위라리,1,1988-04-23
4479031022,충청남도,청양군,운곡면,효제리,2,1988-04-23
4479031023,충청남도,청양군,운곡면,후덕리,3,1988-04-23
4479031024,충청남도,청양군,운곡면,모곡리,4,1988-04-23
4479031025,충청남도,청양군,운곡면,신대리,5,1988-04-23
4479031026,충청남도,청양군,운곡면,영양리,6,1988-04-23
4479031027,충청남도,청양군,운곡면,미량리,7,1988-04-23
4479031028,충청남도,청양군,운곡면,광암리,8,1988-04-23
4479031029,충청남도,청양군,운곡면,추광리,9,1988-04-23
4479032000,충청남도,청양군,대치면,,3,1988-04-23
4479032021,충청남도,청양군,대치면,주정리,1,1988-04-23
4479032022,충청남도,청양군,대치면,탄정리,2,1988-04-23
4479032023,충청남도,청양군,대치면,광금리,3,1988-04-23
4479032024,충청남도,청양군,대치면,구치리,4,1988-04-23
4479032025,충청남도,청양군,대치면,장곡리,5,1988-04-23
4479032026,충청남도,청양군,대치면,개곡리,6,1988-04-23
4479032027,충청남도,청양군,대치면,작천리,7,1988-04-23
4479032028,충청남도,청양군,대치면,광대리,8,1988-04-23
4479032029,충청남도,청양군,대치면,대치리,9,1988-04-23
4479032030,충청남도,청양군,대치면,오룡리,10,1988-04-23
4479032031,충청남도,청양군,대치면,형산리,11,1988-04-23
4479032032,충청남도,청양군,대치면,이화리,12,1988-04-23
4479032033,충청남도,청양군,대치면,시전리,13,1988-04-23
4479032034,충청남도,청양군,대치면,상갑리,14,1988-04-23
4479032035,충청남도,청양군,대치면,농소리,15,1988-04-23
4479032036,충청남도,청양군,대치면,수석리,16,1988-04-23
4479033000,충청남도,청양군,정산면,,4,1988-04-23
4479033021,충청남도,청양군,정산면,서정리,1,1988-04-23
4479033022,충청남도,청양군,정산면,역촌리,2,1988-04-23
4479033023,충청남도,청양군,정산면,백곡리,3,1988-04-23
4479033024,충청남도,청양군,정산면,해남리,4,1988-04-23
4479033025,충청남도,청양군,정산면,남천리,5,1988-04-23
4479033026,충청남도,청양군,정산면,송학리,6,1988-04-23
4479033027,충청남도,청양군,정산면,대박리,7,1988-04-23
4479033028,충청남도,청양군,정산면,용두리,8,1988-04-23
4479033029,충청남도,청양군,정산면,마치리,9,1988-04-23
4479033030,충청남도,청양군,정산면,천장리,10,1988-04-23
4479033031,충청남도,청양군,정산면,내초리,11,1988-04-23
4479033032,충청남도,청양군,정산면,신덕리,12,1988-04-23
4479033033,충청남도,청양군,정산면,와촌리,13,1988-04-23
4479033034,충청남도,청양군,정산면,학암리,14,1988-04-23
4479033035,충청남도,청양군,정산면,덕성리,15,1988-04-23
4479033036,충청남도,청양군,정산면,광생리,16,1988-04-23
4479034000,충청남도,청양군,목면,,5,1988-04-23
4479034021,충청남도,청양군,목면,지곡리,1,1988-04-23
4479034022,충청남도,청양군,목면,화양리,2,1988-04-23
4479034023,충청남도,청양군,목면,신흥리,3,1988-04-23
4479034024,충청남도,청양군,목면,안심리,4,1988-04-23
4479034025,충청남도,청양군,목면,송암리,5,1988-04-23
4479034026,충청남도,청양군,목면,본의리,6,1988-04-23
4479034027,충청남도,청양군,목면,대평리,7,1988-04-23
4479035000,충청남도,청양군,청남면,,6,1988-04-23
4479035021,충청남도,청양군,청남면,청소리,1,1988-04-23
4479035022,충청남도,청양군,청남면,지곡리,2,1988-04-23
4479035023,충청남도,청양군,청남면,내직리,3,1988-04-23
4479035024,충청남도,청양군,청남면,천내리,4,1988-04-23
4479035025,충청남도,청양군,청남면,동강리,5,1988-04-23
4479035026,충청남도,청양군,청남면,중산리,6,1988-04-23
4479035027,충청남도,청양군,청남면,왕진리,7,1988-04-23
4479035028,충청남도,청양군,청남면,인양리,8,1988-04-23
4479035029,충청남도,청양군,청남면,대흥리,9,1988-04-23
4479035030,충청남도,청양군,청남면,아산리,10,1988-04-23
4479035031,충청남도,청양군,청남면,상장리,11,1988-04-23
4479036000,충청남도,청양군,장평면,,7,1988-04-23
4479036021,충청남도,청양군,장평면,중추리,1,1988-04-23
4479036022,충청남도,청양군,장평면,은곡리,2,1988-04-23
4479036023,충청남도,청양군,장평면,미당리,3,1988-04-23
4479036024,충청남도,청양군,장평면,적곡리,4,1988-04-23
4479036025,충청남도,청양군,장평면,락지리,5,1988-04-23
4479036026,충청남도,청양군,장평면,지천리,6,1988-04-23
4479036027,충청남도,청양군,장평면,죽림리,7,1988-04-23
4479036028,충청남도,청양군,장평면,화산리,8,1988-04-23
4479036029,충청남도,청양군,장평면,구룡리,9,1988-04-23
4479036030,충청남도,청양군,장평면,관현리,10,1988-04-23
4479036031,충청남도,청양군,장평면,분향리,11,1988-04-23
4479037000,충청남도,청양군,남양면,,8,1988-04-23
4479037021,충청남도,청양군,남양면,구룡리,1,1988-04-23
4479037022,충청남도,청양군,남양면,신왕리,2,1988-04-23
4479037023,충청남도,청양군,남양면,백금리,3,1988-04-23
4479037024,충청남도,청양군,남양면,용마리,4,1988-04-23
4479037025,충청남도,청양군,남양면,대봉리,5,1988-04-23
4479037026,충청남도,청양군,남양면,흥산리,6,1988-04-23
4479037027,충청남도,청양군,남양면,매곡리,7,1988-04-23
4479037028,충청남도,청양군,남양면,온암리,8,1988-04-23
4479037029,충청남도,청양군,남양면,온직리,9,1988-04-23
4479037030,충청남도,청양군,남양면,용두리,10,1988-04-23
4479037031,충청남도,청양군,남양면,금정리,11,1988-04-23
4479037032,충청남도,청양군,남양면,봉암리,12,1988-04-23
4479038000,충청남도,청양군,화성면,,9,1988-04-23
4479038021,충청남도,청양군,화성면,산정리,1,1988-04-23
4479038022,충청남도,청양군,화성면,장계리,2,1988-04-23
4479038023,충청남도,청양군,화성면,화강리,3,1988-04-23
4479038024,충청남도,청양군,화성면,농암리,4,1988-04-23
4479038025,충청남도,청양군,화성면,화암리,5,1988-04-23
4479038026,충청남도,청양군,화성면,기덕리,6,1988-04-23
4479038027,충청남도,청양군,화성면,수정리,7,1988-04-23
4479038028,충청남도,청양군,화성면,용당리,8,1988-04-23
4479038029,충청남도,청양군,화성면,신정리,9,1988-04-23
4479038030,충청남도,청양군,화성면,광평리,10,1988-04-23
4479038031,충청남도,청양군,화성면,매산리,11,1988-04-23
4479038032,충청남도,청양군,화성면,구재리,12,1988-04-23
4479039000,충청남도,청양군,비봉면,,10,1988-04-23
4479039021,충청남도,청양군,비봉면,록평리,1,1988-04-23
4479039022,충청남도,청양군,비봉면,신원리,2,1988-04-23
4479039023,충청남도,청양군,비봉면,중묵리,3,1988-04-23
4479039024,충청남도,청양군,비봉면,사점리,4,1988-04-23
4479039025,충청남도,청양군,비봉면,관산리,5,1988-04-23
4479039026,충청남도,청양군,비봉면,장재리,6,1988-04-23
4479039027,충청남도,청양군,비봉면,강정리,7,1988-04-23
4479039028,충청남도,청양군,비봉면,양사리,8,1988-04-23
4479039029,충청남도,청양군,비봉면,용천리,9,1988-04-23
4479039030,충청남도,청양군,비봉면,방한리,10,1988-04-23
4480000000,충청남도,홍성군,,,12,1988-04-23
4480025000,충청남도,홍성군,홍성읍,,1,1988-04-23
4480025021,충청남도,홍성군,홍성읍,오관리,1,1988-04-23
4480025022,충청남도,홍성군,홍성읍,대교리,2,1988-04-23
4480025023,충청남도,홍성군,홍성읍,소향리,3,1988-04-23
4480025024,충청남도,홍성군,홍성읍,월산리,4,1988-04-23
4480025025,충청남도,홍성군,홍성읍,옥암리,5,1988-04-23
4480025026,충청남도,홍성군,홍성읍,남장리,6,1988-04-23
4480025027,충청남도,홍성군,홍성읍,학계리,7,1988-04-23
4480025028,충청남도,홍성군,홍성읍,신성리,8,1988-04-23
4480025029,충청남도,홍성군,홍성읍,송월리,9,1988-04-23
4480025030,충청남도,홍성군,홍성읍,고암리,10,1988-04-23
4480025031,충청남도,홍성군,홍성읍,내법리,11,1988-04-23
4480025032,충청남도,홍성군,홍성읍,구룡리,12,1988-04-23
4480025300,충청남도,홍성군,광천읍,,2,1988-04-23
4480025321,충청남도,홍성군,광천읍,신진리,1,1988-04-23
4480025322,충청남도,홍성군,광천읍,광천리,2,1988-04-23
4480025323,충청남도,홍성군,광천읍,담산리,3,1988-04-23
4480025324,충청남도,홍성군,광천읍,가정리,4,1988-04-23
4480025325,충청남도,홍성군,광천읍,내죽리,5,1988-04-23
4480025326,충청남도,홍성군,광천읍,소암리,6,1988-04-23
4480025327,충청남도,홍성군,광천읍,매현리,7,1988-04-23
4480025328,충청남도,홍성군,광천읍,벽계리,8,1988-04-23
4480025329,충청남도,홍성군,광천읍,상정리,9,1988-04-23
4480025330,충청남도,홍성군,광천읍,옹암리,10,1988-04-23
4480025331,충청남도,홍성군,광천읍,운용리,11,1988-04-23
4480025332,충청남도,홍성군,광천읍,대평리,12,1988-04-23
4480025333,충청남도,홍성군,광천읍,월림리,13,1988-04-23
4480025600,충청남도,홍성군,홍북읍,,3,2017-08-01
4480025621,충청남도,홍성군,홍북읍,중계리,1,2017-08-01
4480025622,충청남도,홍성군,홍북읍,상하리,2,2017-08-01
4480025623,충청남도,홍성군,홍북읍,봉신리,3,2017-08-01
4480025624,충청남도,홍성군,홍북읍,내덕리,4,2017-08-01
4480025625,충청남도,홍성군,홍북읍,신경리,5,2017-08-01
4480025626,충청남도,홍성군,홍북읍,대동리,6,2017-08-01
4480025627,충청남도,홍성군,홍북읍,석택리,7,2017-08-01
4480025628,충청남도,홍성군,홍북읍,용산리,8,2017-08-01
4480025629,충청남도,홍성군,홍북읍,갈산리,9,2017-08-01
4480025630,충청남도,홍성군,홍북읍,신정리,10,2017-08-01
4480025631,충청남도,홍성군,홍북읍,산수리,11,2017-08-01
4480025632,충청남도,홍성군,홍북읍,노은리,12,2017-08-01
4480025633,충청남도,홍성군,홍북읍,대인리,13,2017-08-01
4480032000,충청남도,홍성군,금마면,,4,1988-04-23
4480032021,충청남도,홍성군,금마면,월암리,1,1988-04-23
4480032022,충청남도,홍성군,금마면,봉서리,2,1988-04-23
4480032023,충청남도,홍성군,금마면,인산리,3,1988-04-23
4480032024,충청남도,홍성군,금마면,가산리,4,1988-04-23
4480032025,충청남도,홍성군,금마면,부평리,5,1988-04-23
4480032026,충청남도,홍성군,금마면,덕정리,6,1988-04-23
4480032027,충청남도,홍성군,금마면,용흥리,7,1988-04-23
4480032028,충청남도,홍성군,금마면,송암리,8,1988-04-23
4480032029,충청남도,홍성군,금마면,장성리,9,1988-04-23
4480032030,충청남도,홍성군,금마면,신곡리,10,1988-04-23
4480032031,충청남도,홍성군,금마면,죽림리,11,1988-04-23
4480032032,충청남도,홍성군,금마면,화양리,12,1988-04-23
4480032033,충청남도,홍성군,금마면,송강리,13,1988-04-23
4480033000,충청남도,홍성군,홍동면,,5,1988-04-23
4480033021,충청남도,홍성군,홍동면,운월리,1,1988-04-23
4480033022,충청남도,홍성군,홍동면,월현리,2,1988-04-23
4480033023,충청남도,홍성군,홍동면,원천리,3,1988-04-23
4480033024,충청남도,홍성군,홍동면,홍원리,4,1988-04-23
4480033025,충청남도,홍성군,홍동면,화신리,5,1988-04-23
4480033026,충청남도,홍성군,홍동면,문당리,6,1988-04-23
4480033027,충청남도,홍성군,홍동면,금평리,7,1988-04-23
4480033028,충청남도,홍성군,홍동면,구정리,8,1988-04-23
4480033029,충청남도,홍성군,홍동면,신기리,9,1988-04-23
4480033030,충청남도,홍성군,홍동면,수란리,10,1988-04-23
4480033031,충청남도,홍성군,홍동면,금당리,11,1988-04-23
4480033032,충청남도,홍성군,홍동면,효학리,12,1988-04-23
4480033033,충청남도,홍성군,홍동면,대영리,13,1988-04-23
4480033034,충청남도,홍성군,홍동면,팔괘리,14,1988-04-23
4480034000,충청남도,홍성군,장곡면,,6,1988-04-23
4480034021,충청남도,홍성군,장곡면,도산리,1,1988-04-23
4480034022,충청남도,홍성군,장곡면,신풍리,2,1988-04-23
4480034023,충청남도,홍성군,장곡면,화계리,3,1988-04-23
4480034024,충청남도,홍성군,장곡면,광성리,4,1988-04-23
4480034025,충청남도,홍성군,장곡면,오성리,5,1988-04-23
4480034026,충청남도,홍성군,장곡면,죽전리,6,1988-04-23
4480034027,충청남도,홍성군,장곡면,가송리,7,1988-04-23
4480034028,충청남도,홍성군,장곡면,신동리,8,1988-04-23
4480034029,충청남도,홍성군,장곡면,지정리,9,1988-04-23
4480034030,충청남도,홍성군,장곡면,월계리,10,1988-04-23
4480034031,충청남도,홍성군,장곡면,행정리,11,1988-04-23
4480034032,충청남도,홍성군,장곡면,천태리,12,1988-04-23
4480034033,충청남도,홍성군,장곡면,산성리,13,1988-04-23
4480034034,충청남도,홍성군,장곡면,옥계리,14,1988-04-23
4480034035,충청남도,홍성군,장곡면,대현리,15,1988-04-23
4480034036,충청남도,홍성군,장곡면,상송리,16,1988-04-23
4480035000,충청남도,홍성군,은하면,,7,1988-04-23
4480035021,충청남도,홍성군,은하면,대천리,1,1988-04-23
4480035022,충청남도,홍성군,은하면,유송리,2,1988-04-23
4480035023,충청남도,홍성군,은하면,장곡리,3,1988-04-23
4480035024,충청남도,홍성군,은하면,대율리,4,1988-04-23
4480035025,충청남도,홍성군,은하면,금국리,5,1988-04-23
4480035026,충청남도,홍성군,은하면,학산리,6,1988-04-23
4480035027,충청남도,홍성군,은하면,목현리,7,1988-04-23
4480035028,충청남도,홍성군,은하면,대판리,8,1988-04-23
4480035029,충청남도,홍성군,은하면,덕실리,9,1988-04-23
4480035030,충청남도,홍성군,은하면,화봉리,10,1988-04-23
4480035031,충청남도,홍성군,은하면,장척리,11,1988-04-23
4480036000,충청남도,홍성군,결성면,,8,1988-04-23
4480036021,충청남도,홍성군,결성면,읍내리,1,1988-04-23
4480036022,충청남도,홍성군,결성면,성호리,2,1988-04-23
4480036023,충청남도,홍성군,결성면,성남리,3,1988-04-23
4480036024,충청남도,홍성군,결성면,금곡리,4,1988-04-23
4480036025,충청남도,홍성군,결성면,성곡리,5,1988-04-23
4480036026,충청남도,홍성군,결성면,무량리,6,1988-04-23
4480036027,충청남도,홍성군,결성면,교항리,7,1988-04-23
4480036028,충청남도,홍성군,결성면,용호리,8,1988-04-23
4480036029,충청남도,홍성군,결성면,형산리,9,1988-04-23
4480037000,충청남도,홍성군,서부면,,9,1988-04-23
4480037021,충청남도,홍성군,서부면,이호리,1,1988-04-23
4480037022,충청남도,홍성군,서부면,광리,2,1988-04-23
4480037023,충청남도,홍성군,서부면,궁리,3,1988-04-23
4480037024,충청남도,홍성군,서부면,상황리,4,1988-04-23
4480037025,충청남도,홍성군,서부면,거차리,5,1988-04-23
4480037026,충청남도,홍성군,서부면,어사리,6,1988-04-23
4480037027,충청남도,홍성군,서부면,남당리,7,1988-04-23
4480037028,충청남도,홍성군,서부면,신리,8,1988-04-23
4480037029,충청남도,홍성군,서부면,양곡리,9,1988-04-23
4480037030,충청남도,홍성군,서부면,판교리,10,1988-04-23
4480037031,충청남도,홍성군,서부면,중리,11,1988-04-23
4480037032,충청남도,홍성군,서부면,죽도리,12,1989-01-01
4480038000,충청남도,홍성군,갈산면,,10,1988-04-23
4480038021,충청남도,홍성군,갈산면,상촌리,1,1988-04-23
4480038022,충청남도,홍성군,갈산면,내갈리,2,1988-04-23
4480038023,충청남도,홍성군,갈산면,신안리,3,1988-04-23
4480038024,충청남도,홍성군,갈산면,가곡리,4,1988-04-23
4480038025,충청남도,홍성군,갈산면,갈오리,5,1988-04-23
4480038026,충청남도,홍성군,갈산면,동산리,6,1988-04-23
4480038027,충청남도,홍성군,갈산면,쌍천리,7,1988-04-23
4480038028,충청남도,홍성군,갈산면,행산리,8,1988-04-23
4480038029,충청남도,홍성군,갈산면,오두리,9,1988-04-23
4480038030,충청남도,홍성군,갈산면,부기리,10,1988-04-23
4480038031,충청남도,홍성군,갈산면,기산리,11,1988-04-23
4480038032,충청남도,홍성군,갈산면,동성리,12,1988-04-23
4480038033,충청남도,홍성군,갈산면,취생리,13,1988-04-23
4480038034,충청남도,홍성군,갈산면,운곡리,14,1988-04-23
4480038035,충청남도,홍성군,갈산면,와리,15,1988-04-23
4480038036,충청남도,홍성군,갈산면,대사리,16,1988-04-23
4480039000,충청남도,홍성군,구항면,,11,1988-04-23
4480039021,충청남도,홍성군,구항면,황곡리,1,1988-04-23
4480039022,충청남도,홍성군,구항면,오봉리,2,1988-04-23
4480039023,충청남도,홍성군,구항면,공리,3,1988-04-23
4480039024,충청남도,홍성군,구항면,남산리,4,1988-04-23
4480039025,충청남도,홍성군,구항면,장양리,5,1988-04-23
4480039026,충청남도,홍성군,구항면,태봉리,6,1988-04-23
4480039027,충청남도,홍성군,구항면,내현리,7,1988-04-23
4480039028,충청남도,홍성군,구항면,지정리,8,1988-04-23
4480039029,충청남도,홍성군,구항면,대정리,9,1988-04-23
4480039030,충청남도,홍성군,구항면,신곡리,10,1988-04-23
4480039031,충청남도,홍성군,구항면,청광리,11,1988-04-23
4480039032,충청남도,홍성군,구항면,마온리,12,1988-04-23
4481000000,충청남도,예산군,,,13,1988-04-23
4481025000,충청남도,예산군,예산읍,,1,1988-04-23
4481025021,충청남도,예산군,예산읍,예산리,1,1988-04-23
4481025022,충청남도,예산군,예산읍,향천리,2,1988-04-23
4481025023,충청남도,예산군,예산읍,대회리,3,1988-04-23
4481025024,충청남도,예산군,예산읍,주교리,4,1988-04-23
4481025025,충청남도,예산군,예산읍,산성리,5,1988-04-23
4481025026,충청남도,예산군,예산읍,발연리,6,1988-04-23
4481025027,충청남도,예산군,예산읍,석양리,7,1988-04-23
4481025028,충청남도,예산군,예산읍,관작리,8,1988-04-23
4481025029,충청남도,예산군,예산읍,창소리,9,1988-04-23
4481025030,충청남도,예산군,예산읍,신례원리,10,1988-04-23
4481025031,충청남도,예산군,예산읍,간양리,11,1988-04-23
4481025032,충청남도,예산군,예산읍,궁평리,12,1988-04-23
4481025033,충청남도,예산군,예산읍,수철리,13,1988-04-23
4481025300,충청남도,예산군,삽교읍,,2,1988-04-23
4481025321,충청남도,예산군,삽교읍,두리,1,1988-04-23
4481025322,충청남도,예산군,삽교읍,삽교리,2,1988-04-23
4481025323,충청남도,예산군,삽교읍,평촌리,3,1988-04-23
4481025324,충청남도,예산군,삽교읍,수촌리,4,1988-04-23
4481025325,충청남도,예산군,삽교읍,이리,5,1988-04-23
4481025326,충청남도,예산군,삽교읍,목리,6,1988-04-23
4481025327,충청남도,예산군,삽교읍,신리,7,1988-04-23
4481025328,충청남도,예산군,삽교읍,안치리,8,1988-04-23
4481025329,충청남도,예산군,삽교읍,송산리,9,1988-04-23
4481025330,충청남도,예산군,삽교읍,역리,10,1988-04-23
4481025331,충청남도,예산군,삽교읍,상하리,11,1988-04-23
4481025332,충청남도,예산군,삽교읍,창정리,12,1988-04-23
4481025333,충청남도,예산군,삽교읍,가리,13,1988-04-23
4481025334,충청남도,예산군,삽교읍,상성리,14,1988-04-23
4481025335,충청남도,예산군,삽교읍,용동리,15,1988-04-23
4481025336,충청남도,예산군,삽교읍,하포리,16,1988-04-23
4481025337,충청남도,예산군,삽교읍,성리,17,1988-04-23
4481025338,충청남도,예산군,삽교읍,신가리,18,1988-04-23
4481025339,충청남도,예산군,삽교읍,방아리,19,1988-04-23
4481025340,충청남도,예산군,삽교읍,효림리,20,1988-04-23
4481025341,충청남도,예산군,삽교읍,월산리,21,1988-04-23
4481031000,충청남도,예산군,대술면,,3,1988-04-23
4481031021,충청남도,예산군,대술면,화천리,1,1988-04-23
4481031022,충청남도,예산군,대술면,농리,2,1988-04-23
4481031023,충청남도,예산군,대술면,상항리,3,1988-04-23
4481031024,충청남도,예산군,대술면,방산리,4,1988-04-23
4481031025,충청남도,예산군,대술면,장복리,5,1988-04-23
4481031026,충청남도,예산군,대술면,송석리,6,1988-04-23
4481031027,충청남도,예산군,대술면,화산리,7,1988-04-23
4481031028,충청남도,예산군,대술면,궐곡리,8,1988-04-23
4481031029,충청남도,예산군,대술면,시산리,9,1988-04-23
4481031030,충청남도,예산군,대술면,산정리,10,1988-04-23
4481031031,충청남도,예산군,대술면,마전리,11,1988-04-23
4481031032,충청남도,예산군,대술면,이티리,12,1988-04-23
4481032000,충청남도,예산군,신양면,,4,1988-04-23
4481032021,충청남도,예산군,신양면,신양리,1,1988-04-23
4481032022,충청남도,예산군,신양면,황계리,2,1988-04-23
4481032023,충청남도,예산군,신양면,무봉리,3,1988-04-23
4481032024,충청남도,예산군,신양면,녹문리,4,1988-04-23
4481032025,충청남도,예산군,신양면,서계양리,5,1988-04-23
4481032026,충청남도,예산군,신양면,불원리,6,1988-04-23
4481032027,충청남도,예산군,신양면,시왕리,7,1988-04-23
4481032028,충청남도,예산군,신양면,연리,8,1988-04-23
4481032029,충청남도,예산군,신양면,귀곡리,9,1988-04-23
4481032030,충청남도,예산군,신양면,하천리,10,1988-04-23
4481032031,충청남도,예산군,신양면,죽천리,11,1988-04-23
4481032032,충청남도,예산군,신양면,가지리,12,1988-04-23
4481032033,충청남도,예산군,신양면,만사리,13,1988-04-23
4481032034,충청남도,예산군,신양면,여래미리,14,1988-04-23
4481032035,충청남도,예산군,신양면,대덕리,15,1988-04-23
4481032036,충청남도,예산군,신양면,차동리,16,1988-04-23
4481033000,충청남도,예산군,광시면,,5,1988-04-23
4481033021,충청남도,예산군,광시면,광시리,1,1988-04-23
4481033022,충청남도,예산군,광시면,노전리,2,1988-04-23
4481033023,충청남도,예산군,광시면,운산리,3,1988-04-23
4481033024,충청남도,예산군,광시면,하장대리,4,1988-04-23
4481033025,충청남도,예산군,광시면,은사리,5,1988-04-23
4481033026,충청남도,예산군,광시면,구례리,6,1988-04-23
4481033027,충청남도,예산군,광시면,마사리,7,1988-04-23
4481033028,충청남도,예산군,광시면,신대리,8,1988-04-23
4481033029,충청남도,예산군,광시면,관음리,9,1988-04-23
4481033030,충청남도,예산군,광시면,동산리,10,1988-04-23
4481033031,충청남도,예산군,광시면,장전리,11,1988-04-23
4481033032,충청남도,예산군,광시면,월송리,12,1988-04-23
4481033033,충청남도,예산군,광시면,서초정리,13,1988-04-23
4481033034,충청남도,예산군,광시면,신흥리,14,1988-04-23
4481033035,충청남도,예산군,광시면,장신리,15,1988-04-23
4481033036,충청남도,예산군,광시면,용두리,16,1988-04-23
4481033037,충청남도,예산군,광시면,미곡리,17,1988-04-23
4481033038,충청남도,예산군,광시면,시목리,18,1988-04-23
4481033039,충청남도,예산군,광시면,가덕리,19,1988-04-23
4481033040,충청남도,예산군,광시면,대리,20,1988-04-23
4481034000,충청남도,예산군,대흥면,,6,1988-04-23
4481034021,충청남도,예산군,대흥면,동서리,1,1988-04-23
4481034022,충청남도,예산군,대흥면,상중리,2,1988-04-23
4481034023,충청남도,예산군,대흥면,교촌리,3,1988-04-23
4481034024,충청남도,예산군,대흥면,송지리,4,1988-04-23
4481034025,충청남도,예산군,대흥면,대야리,5,1988-04-23
4481034026,충청남도,예산군,대흥면,신속리,6,1988-04-23
4481034027,충청남도,예산군,대흥면,노동리,7,1988-04-23
4481034028,충청남도,예산군,대흥면,지곡리,8,1988-04-23
4481034029,충청남도,예산군,대흥면,하탄방리,9,1988-04-23
4481034030,충청남도,예산군,대흥면,탄방리,10,1988-04-23
4481034031,충청남도,예산군,대흥면,금곡리,11,1988-04-23
4481034032,충청남도,예산군,대흥면,대율리,12,1988-04-23
4481034033,충청남도,예산군,대흥면,갈신리,13,1988-04-23
4481034034,충청남도,예산군,대흥면,손지리,14,1988-04-23
4481035000,충청남도,예산군,응봉면,,7,1988-04-23
4481035021,충청남도,예산군,응봉면,노화리,1,1988-04-23
4481035022,충청남도,예산군,응봉면,지석리,2,1988-04-23
4481035023,충청남도,예산군,응봉면,건지화리,3,1988-04-23
4481035024,충청남도,예산군,응봉면,신리,4,1988-04-23
4481035025,충청남도,예산군,응봉면,평촌리,5,1988-04-23
4481035026,충청남도,예산군,응봉면,등촌리,6,1988-04-23
4481035027,충청남도,예산군,응봉면,후사리,7,1988-04-23
4481035028,충청남도,예산군,응봉면,입침리,8,1988-04-23
4481035029,충청남도,예산군,응봉면,운곡리,9,1988-04-23
4481035030,충청남도,예산군,응봉면,증곡리,10,1988-04-23
4481035031,충청남도,예산군,응봉면,송석리,11,1988-04-23
4481035032,충청남도,예산군,응봉면,주령리,12,1988-04-23
4481035033,충청남도,예산군,응봉면,계정리,13,1988-04-23
4481036000,충청남도,예산군,덕산면,,8,1988-04-23
4481036021,충청남도,예산군,덕산면,읍내리,1,1988-04-23
4481036022,충청남도,예산군,덕산면,북문리,2,1988-04-23
4481036023,충청남도,예산군,덕산면,옥계리,3,1988-04-23
4481036024,충청남도,예산군,덕산면,상가리,4,1988-04-23
4481036025,충청남도,예산군,덕산면,사동리,5,1988-04-23
4481036026,충청남도,예산군,덕산면,신평리,6,1988-04-23
4481036027,충청남도,예산군,덕산면,시량리,7,1988-04-23
4481036028,충청남도,예산군,덕산면,둔리,8,1988-04-23
4481036029,충청남도,예산군,덕산면,대치리,9,1988-04-23
4481036030,충청남도,예산군,덕산면,광천리,10,1988-04-23
4481036031,충청남도,예산군,덕산면,사천리,11,1988-04-23
4481036032,충청남도,예산군,덕산면,외라리,12,1988-04-23
4481036033,충청남도,예산군,덕산면,내라리,13,1988-04-23
4481036034,충청남도,예산군,덕산면,복당리,14,1988-04-23
4481036035,충청남도,예산군,덕산면,낙상리,15,1988-04-23
4481036036,충청남도,예산군,덕산면,대동리,16,1988-04-23
4481037000,충청남도,예산군,봉산면,,9,1988-04-23
4481037021,충청남도,예산군,봉산면,고도리,1,1988-04-23
4481037022,충청남도,예산군,봉산면,구암리,2,1988-04-23
4481037023,충청남도,예산군,봉산면,봉림리,3,1988-04-23
4481037024,충청남도,예산군,봉산면,사석리,4,1988-04-23
4481037025,충청남도,예산군,봉산면,하평리,5,1988-04-23
4481037026,충청남도,예산군,봉산면,옥전리,6,1988-04-23
4481037027,충청남도,예산군,봉산면,당곡리,7,1988-04-23
4481037028,충청남도,예산군,봉산면,시동리,8,1988-04-23
4481037029,충청남도,예산군,봉산면,효교리,9,1988-04-23
4481037030,충청남도,예산군,봉산면,대지리,10,1988-04-23
4481037031,충청남도,예산군,봉산면,화전리,11,1988-04-23
4481037032,충청남도,예산군,봉산면,궁평리,12,1988-04-23
4481037033,충청남도,예산군,봉산면,금치리,13,1988-04-23
4481037034,충청남도,예산군,봉산면,옹안리,14,1988-04-23
4481037035,충청남도,예산군,봉산면,마교리,15,1988-04-23
4481038000,충청남도,예산군,고덕면,,10,1988-04-23
4481038021,충청남도,예산군,고덕면,대천리,1,1988-04-23
4481038022,충청남도,예산군,고덕면,몽곡리,2,1988-04-23
4481038023,충청남도,예산군,고덕면,상몽리,3,1988-04-23
4481038024,충청남도,예산군,고덕면,호음리,4,1988-04-23
4481038025,충청남도,예산군,고덕면,오추리,5,1988-04-23
4481038026,충청남도,예산군,고덕면,지곡리,6,1988-04-23
4481038027,충청남도,예산군,고덕면,상장리,7,1988-04-23
4481038028,충청남도,예산군,고덕면,상궁리,8,1988-04-23
4481038029,충청남도,예산군,고덕면,구만리,9,1988-04-23
4481038030,충청남도,예산군,고덕면,용리,10,1988-04-23
4481038031,충청남도,예산군,고덕면,사리,11,1988-04-23
4481038032,충청남도,예산군,고덕면,석곡리,12,1988-04-23
4481039000,충청남도,예산군,신암면,,11,1988-04-23
4481039021,충청남도,예산군,신암면,종경리,1,1988-04-23
4481039022,충청남도,예산군,신암면,계촌리,2,1988-04-23
4481039023,충청남도,예산군,신암면,두곡리,3,1988-04-23
4481039024,충청남도,예산군,신암면,신종리,4,1988-04-23
4481039025,충청남도,예산군,신암면,하평리,5,1988-04-23
4481039026,충청남도,예산군,신암면,신택리,6,1988-04-23
4481039027,충청남도,예산군,신암면,용궁리,7,1988-04-23
4481039028,충청남도,예산군,신암면,예림리,8,1988-04-23
4481039029,충청남도,예산군,신암면,중예리,9,1988-04-23
4481039030,충청남도,예산군,신암면,조곡리,10,1988-04-23
4481039031,충청남도,예산군,신암면,별리,11,1988-04-23
4481039032,충청남도,예산군,신암면,오산리,12,1988-04-23
4481039033,충청남도,예산군,신암면,탄중리,13,1988-04-23
4481040000,충청남도,예산군,오가면,,12,1988-04-23
4481040021,충청남도,예산군,오가면,역탑리,1,1988-04-23
4481040022,충청남도,예산군,오가면,원평리,2,1988-04-23
4481040023,충청남도,예산군,오가면,신장리,3,1988-04-23
4481040024,충청남도,예산군,오가면,신석리,4,1988-04-23
4481040025,충청남도,예산군,오가면,월곡리,5,1988-04-23
4481040026,충청남도,예산군,오가면,좌방리,6,1988-04-23
4481040027,충청남도,예산군,오가면,분천리,7,1988-04-23
4481040028,충청남도,예산군,오가면,양막리,8,1988-04-23
4481040029,충청남도,예산군,오가면,내량리,9,1988-04-23
4481040030,충청남도,예산군,오가면,원천리,10,1988-04-23
4481040031,충청남도,예산군,오가면,신원리,11,1988-04-23
4481040032,충청남도,예산군,오가면,오촌리,12,1988-04-23
4482500000,충청남도,태안군,,,14,1989-01-01
4482525000,충청남도,태안군,태안읍,,1,1989-01-01
4482525021,충청남도,태안군,태안읍,동문리,1,1989-01-01
4482525022,충청남도,태안군,태안읍,남문리,2,1989-01-01
4482525023,충청남도,태안군,태안읍,장산리,3,1989-01-01
4482525024,충청남도,태안군,태안읍,남산리,4,1989-01-01
4482525025,충청남도,태안군,태안읍,송암리,5,1989-01-01
4482525026,충청남도,태안군,태안읍,반곡리,6,1989-01-01
4482525027,충청남도,태안군,태안읍,평천리,7,1989-01-01
4482525028,충청남도,태안군,태안읍,상옥리,8,1989-01-01
4482525029,충청남도,태안군,태안읍,인평리,9,1989-01-01
4482525030,충청남도,태안군,태안읍,도내리,10,1989-01-01
4482525031,충청남도,태안군,태안읍,어은리,11,1989-01-01
4482525032,충청남도,태안군,태안읍,산후리,12,1989-01-01
4482525033,충청남도,태안군,태안읍,삭선리,13,1988-04-23
4482525300,충청남도,태안군,안면읍,,2,1989-01-01
4482525321,충청남도,태안군,안면읍,승언리,1,1989-01-01
4482525322,충청남도,태안군,안면읍,정당리,2,1989-01-01
4482525323,충청남도,태안군,안면읍,창기리,3,1989-01-01
4482525324,충청남도,태안군,안면읍,중장리,4,1989-01-01
4482525325,충청남도,태안군,안면읍,신야리,5,1989-01-01
4482525326,충청남도,태안군,안면읍,황도리,6,1989-01-01
4482531000,충청남도,태안군,고남면,,3,1989-01-01
4482531021,충청남도,태안군,고남면,장곡리,1,1989-01-01
4482531022,충청남도,태안군,고남면,누동리,2,1989-01-01
4482531023,충청남도,태안군,고남면,고남리,3,1989-01-01
4482532000,충청남도,태안군,남면,,4,1989-01-01
4482532021,충청남도,태안군,남면,진산리,1,1989-01-01
4482532022,충청남도,태안군,남면,몽산리,2,1989-01-01
4482532023,충청남도,태안군,남면,신장리,3,1989-01-01
4482532024,충청남도,태안군,남면,달산리,4,1989-01-01
4482532025,충청남도,태안군,남면,양잠리,5,1989-01-01
4482532026,충청남도,태안군,남면,원청리,6,1989-01-01
4482532027,충청남도,태안군,남면,당암리,7,1989-01-01
4482532028,충청남도,태안군,남면,신온리,8,1989-01-01
4482532029,충청남도,태안군,남면,거아도리,9,1989-01-01
4482533000,충청남도,태안군,근흥면,,5,1989-01-01
4482533021,충청남도,태안군,근흥면,두야리,1,1989-01-01
4482533022,충청남도,태안군,근흥면,수룡리,2,1989-01-01
4482533023,충청남도,태안군,근흥면,마금리,3,1989-01-01
4482533024,충청남도,태안군,근흥면,안기리,4,1989-01-01
4482533025,충청남도,태안군,근흥면,용신리,5,1989-01-01
4482533026,충청남도,태안군,근흥면,도황리,6,1989-01-01
4482533027,충청남도,태안군,근흥면,정죽리,7,1989-01-01
4482533028,충청남도,태안군,근흥면,신진도리,8,1989-01-01
4482533029,충청남도,태안군,근흥면,가의도리,9,1989-01-01
4482534000,충청남도,태안군,소원면,,6,1989-01-01
4482534021,충청남도,태안군,소원면,시목리,1,1989-01-01
4482534022,충청남도,태안군,소원면,법산리,2,1989-01-01
4482534023,충청남도,태안군,소원면,신덕리,3,1989-01-01
4482534024,충청남도,태안군,소원면,영전리,4,1989-01-01
4482534025,충청남도,태안군,소원면,소근리,5,1989-01-01
4482534026,충청남도,태안군,소원면,의항리,6,1989-01-01
4482534027,충청남도,태안군,소원면,모항리,7,1989-01-01
4482534028,충청남도,태안군,소원면,파도리,8,1989-01-01
4482534029,충청남도,태안군,소원면,송현리,9,1989-01-01
4482535000,충청남도,태안군,원북면,,7,1989-01-01
4482535021,충청남도,태안군,원북면,반계리,1,1989-01-01
4482535022,충청남도,태안군,원북면,이곡리,2,1989-01-01
4482535023,충청남도,태안군,원북면,황촌리,3,1989-01-01
4482535024,충청남도,태안군,원북면,방갈리,4,1989-01-01
4482535025,충청남도,태안군,원북면,신두리,5,1989-01-01
4482535026,충청남도,태안군,원북면,동해리,6,1989-01-01
4482535027,충청남도,태안군,원북면,대기리,7,1989-01-01
4482535028,충청남도,태안군,원북면,장대리,8,1989-01-01
4482535029,충청남도,태안군,원북면,청산리,9,1989-01-01
4482535030,충청남도,태안군,원북면,양산리,10,1989-01-01
4482535031,충청남도,태안군,원북면,마산리,11,1989-01-01
4482536000,충청남도,태안군,이원면,,8,1989-01-01
4482536021,충청남도,태안군,이원면,내리,1,1989-01-01
4482536022,충청남도,태안군,이원면,관리,2,1989-01-01
4482536023,충청남도,태안군,이원면,당산리,3,1989-01-01
4482536024,충청남도,태안군,이원면,포지리,4,1989-01-01
4482536025,충청남도,태안군,이원면,사창리,5,1989-01-01
4700000000,경상북도,,,,14,1988-04-23
4711000000,경상북도,포항시,,,1,1988-04-23
4711100000,경상북도,포항시남구,,,2,1995-01-01
4711110100,경상북도,포항시남구,상도동,,1,1995-01-01
4711110200,경상북도,포항시남구,대도동,,2,1995-01-01
4711110300,경상북도,포항시남구,해도동,,3,1995-01-01
4711110400,경상북도,포항시남구,송도동,,4,1995-01-01
4711110500,경상북도,포항시남구,청림동,,5,1995-01-01
4711110600,경상북도,포항시남구,일월동,,6,1995-01-01
4711110700,경상북도,포항시남구,송정동,,7,1995-01-01
4711110800,경상북도,포항시남구,송내동,,8,1995-01-01
4711110900,경상북도,포항시남구,괴동동,,9,1995-01-01
4711111000,경상북도,포항시남구,동촌동,,10,1995-01-01
4711111100,경상북도,포항시남구,장흥동,,11,1995-01-01
4711111200,경상북도,포항시남구,인덕동,,12,1995-01-01
4711111300,경상북도,포항시남구,호동,,13,1995-01-01
4711111400,경상북도,포항시남구,효자동,,14,1995-01-01
4711111500,경상북도,포항시남구,지곡동,,15,1995-01-01
4711111600,경상북도,포항시남구,대잠동,,16,1995-01-01
4711111700,경상북도,포항시남구,이동,,17,1995-01-01
4711125000,경상북도,포항시남구,구룡포읍,,18,1995-01-01
4711125021,경상북도,포항시남구,구룡포읍,구룡포리,1,1995-01-01
4711125022,경상북도,포항시남구,구룡포읍,삼정리,2,1995-01-01
4711125023,경상북도,포항시남구,구룡포읍,석병리,3,1995-01-01
4711125024,경상북도,포항시남구,구룡포읍,성동리,4,1995-01-01
4711125025,경상북도,포항시남구,구룡포읍,구평리,5,1995-01-01
4711125026,경상북도,포항시남구,구룡포읍,장길리,6,1995-01-01
4711125027,경상북도,포항시남구,구룡포읍,하정리,7,1995-01-01
4711125028,경상북도,포항시남구,구룡포읍,병포리,8,1995-01-01
4711125029,경상북도,포항시남구,구룡포읍,후동리,9,1995-01-01
4711125030,경상북도,포항시남구,구룡포읍,눌태리,10,1995-01-01
4711125300,경상북도,포항시남구,연일읍,,19,1995-01-01
4711125321,경상북도,포항시남구,연일읍,생지리,1,1995-01-01
4711125322,경상북도,포항시남구,연일읍,괴정리,2,1995-01-01
4711125323,경상북도,포항시남구,연일읍,동문리,3,1995-01-01
4711125324,경상북도,포항시남구,연일읍,오천리,4,1995-01-01
4711125325,경상북도,포항시남구,연일읍,유강리,5,1995-01-01
4711125326,경상북도,포항시남구,연일읍,자명리,6,1995-01-01
4711125327,경상북도,포항시남구,연일읍,학전리,7,1995-01-01
4711125328,경상북도,포항시남구,연일읍,달전리,8,1995-01-01
4711125329,경상북도,포항시남구,연일읍,중명리,9,1995-01-01
4711125330,경상북도,포항시남구,연일읍,중단리,10,1995-01-01
4711125331,경상북도,포항시남구,연일읍,택전리,11,1995-01-01
4711125332,경상북도,포항시남구,연일읍,인주리,12,1995-01-01
4711125333,경상북도,포항시남구,연일읍,우복리,13,1995-01-01
4711125600,경상북도,포항시남구,오천읍,,20,1995-01-01
4711125621,경상북도,포항시남구,오천읍,원리,1,1995-01-01
4711125622,경상북도,포항시남구,오천읍,문덕리,2,1995-01-01
4711125623,경상북도,포항시남구,오천읍,항사리,3,1995-01-01
4711125624,경상북도,포항시남구,오천읍,진전리,4,1995-01-01
4711125625,경상북도,포항시남구,오천읍,갈평리,5,1995-01-01
4711125626,경상북도,포항시남구,오천읍,문충리,6,1995-01-01
4711125627,경상북도,포항시남구,오천읍,용산리,7,1995-01-01
4711125628,경상북도,포항시남구,오천읍,광명리,8,1995-01-01
4711125629,경상북도,포항시남구,오천읍,세계리,9,1995-01-01
4711125630,경상북도,포항시남구,오천읍,용덕리,10,1995-01-01
4711125631,경상북도,포항시남구,오천읍,구정리,11,1995-01-01
4711131000,경상북도,포항시남구,대송면,,21,1995-01-01
4711131021,경상북도,포항시남구,대송면,공수리,1,1995-01-01
4711131022,경상북도,포항시남구,대송면,장동리,2,1995-01-01
4711131023,경상북도,포항시남구,대송면,홍계리,3,1995-01-01
4711131024,경상북도,포항시남구,대송면,산여리,4,1995-01-01
4711131025,경상북도,포항시남구,대송면,대각리,5,1995-01-01
4711131026,경상북도,포항시남구,대송면,송동리,6,1995-01-01
4711131027,경상북도,포항시남구,대송면,제내리,7,1995-01-01
4711131028,경상북도,포항시남구,대송면,옥명리,8,1995-01-01
4711131029,경상북도,포항시남구,대송면,남성리,9,1995-01-01
4711132000,경상북도,포항시남구,동해면,,22,1995-01-01
4711132021,경상북도,포항시남구,동해면,도구리,1,1995-01-01
4711132022,경상북도,포항시남구,동해면,약전리,2,1995-01-01
4711132023,경상북도,포항시남구,동해면,금광리,3,1995-01-01
4711132024,경상북도,포항시남구,동해면,신정리,4,1995-01-01
4711132025,경상북도,포항시남구,동해면,석리,5,1995-01-01
4711132026,경상북도,포항시남구,동해면,임곡리,6,1995-01-01
4711132027,경상북도,포항시남구,동해면,입암리,7,1995-01-01
4711132028,경상북도,포항시남구,동해면,마산리,8,1995-01-01
4711132029,경상북도,포항시남구,동해면,흥환리,9,1995-01-01
4711132030,경상북도,포항시남구,동해면,중흥리,10,1995-01-01
4711132031,경상북도,포항시남구,동해면,발산리,11,1995-01-01
4711132032,경상북도,포항시남구,동해면,상정리,12,1995-01-01
4711132033,경상북도,포항시남구,동해면,중산리,13,1995-01-01
4711132034,경상북도,포항시남구,동해면,공당리,14,1995-01-01
4711133000,경상북도,포항시남구,장기면,,23,1995-01-01
4711133021,경상북도,포항시남구,장기면,읍내리,1,1995-01-01
4711133022,경상북도,포항시남구,장기면,마현리,2,1995-01-01
4711133023,경상북도,포항시남구,장기면,금곡리,3,1995-01-01
4711133024,경상북도,포항시남구,장기면,영암리,4,1995-01-01
4711133025,경상북도,포항시남구,장기면,신창리,5,1995-01-01
4711133026,경상북도,포항시남구,장기면,양포리,6,1995-01-01
4711133027,경상북도,포항시남구,장기면,계원리,7,1995-01-01
4711133028,경상북도,포항시남구,장기면,두원리,8,1995-01-01
4711133029,경상북도,포항시남구,장기면,수성리,9,1995-01-01
4711133030,경상북도,포항시남구,장기면,임중리,10,1995-01-01
4711133031,경상북도,포항시남구,장기면,방산리,11,1995-01-01
4711133032,경상북도,포항시남구,장기면,산서리,12,1995-01-01
4711133033,경상북도,포항시남구,장기면,서촌리,13,1995-01-01
4711133034,경상북도,포항시남구,장기면,금오리,14,1995-01-01
4711133035,경상북도,포항시남구,장기면,대진리,15,1995-01-01
4711133036,경상북도,포항시남구,장기면,모포리,16,1995-01-01
4711133037,경상북도,포항시남구,장기면,학계리,17,1995-01-01
4711133038,경상북도,포항시남구,장기면,학곡리,18,1995-01-01
4711133039,경상북도,포항시남구,장기면,신계리,19,1995-01-01
4711133040,경상북도,포항시남구,장기면,창지리,20,1995-01-01
4711133041,경상북도,포항시남구,장기면,대곡리,21,1995-01-01
4711133042,경상북도,포항시남구,장기면,죽정리,22,1995-01-01
4711133043,경상북도,포항시남구,장기면,정천리,23,1995-01-01
4711135000,경상북도,포항시남구,호미곶면,,0,2010-01-01
4711135021,경상북도,포항시남구,호미곶면,강사리,0,2010-01-01
4711135022,경상북도,포항시남구,호미곶면,대보리,0,2010-01-01
4711135023,경상북도,포항시남구,호미곶면,구만리,0,2010-01-01
4711135024,경상북도,포항시남구,호미곶면,대동배리,0,2010-01-01
4711300000,경상북도,포항시북구,,,3,1995-01-01
4711310100,경상북도,포항시북구,대흥동,,1,1998-09-01
4711310200,경상북도,포항시북구,신흥동,,2,1995-01-01
4711310300,경상북도,포항시북구,남빈동,,3,1995-01-01
4711310400,경상북도,포항시북구,상원동,,4,1995-01-01
4711310500,경상북도,포항시북구,여천동,,5,1995-01-01
4711310600,경상북도,포항시북구,중앙동,,6,1995-01-01
4711310700,경상북도,포항시북구,덕산동,,7,1998-09-01
4711310800,경상북도,포항시북구,덕수동,,8,1998-09-01
4711310900,경상북도,포항시북구,대신동,,9,1998-09-01
4711311000,경상북도,포항시북구,동빈1가,,10,1998-09-01
4711311100,경상북도,포항시북구,동빈2가,,11,1998-09-01
4711311200,경상북도,포항시북구,학산동,,12,1998-09-01
4711311300,경상북도,포항시북구,항구동,,13,1998-09-01
4711311400,경상북도,포항시북구,득량동,,14,1995-01-01
4711311500,경상북도,포항시북구,학잠동,,15,1995-01-01
4711311600,경상북도,포항시북구,죽도동,,16,1995-01-01
4711311700,경상북도,포항시북구,용흥동,,17,1998-09-01
4711311800,경상북도,포항시북구,우현동,,18,1995-01-01
4711311900,경상북도,포항시북구,창포동,,19,1998-09-01
4711312000,경상북도,포항시북구,두호동,,20,1995-01-01
4711312100,경상북도,포항시북구,장성동,,21,1998-09-01
4711312200,경상북도,포항시북구,양덕동,,22,1995-01-01
4711312300,경상북도,포항시북구,환호동,,23,1995-01-01
4711312400,경상북도,포항시북구,여남동,,24,1995-01-01
4711325000,경상북도,포항시북구,흥해읍,,25,1995-01-01
4711325021,경상북도,포항시북구,흥해읍,매산리,1,1995-01-01
4711325022,경상북도,포항시북구,흥해읍,북송리,2,1995-01-01
4711325023,경상북도,포항시북구,흥해읍,마산리,3,1995-01-01
4711325024,경상북도,포항시북구,흥해읍,옥성리,4,1995-01-01
4711325025,경상북도,포항시북구,흥해읍,약성리,5,1995-01-01
4711325026,경상북도,포항시북구,흥해읍,학성리,6,1995-01-01
4711325027,경상북도,포항시북구,흥해읍,남성리,7,1995-01-01
4711325028,경상북도,포항시북구,흥해읍,성내리,8,1995-01-01
4711325029,경상북도,포항시북구,흥해읍,중성리,9,1995-01-01
4711325030,경상북도,포항시북구,흥해읍,망천리,10,1995-01-01
4711325031,경상북도,포항시북구,흥해읍,남송리,11,1995-01-01
4711325032,경상북도,포항시북구,흥해읍,곡강리,12,1995-01-01
4711325033,경상북도,포항시북구,흥해읍,용한리,13,1995-01-01
4711325034,경상북도,포항시북구,흥해읍,우목리,14,1995-01-01
4711325035,경상북도,포항시북구,흥해읍,죽천리,15,1995-01-01
4711325036,경상북도,포항시북구,흥해읍,용곡리,16,1995-01-01
4711325037,경상북도,포항시북구,흥해읍,양백리,17,1995-01-01
4711325038,경상북도,포항시북구,흥해읍,덕성리,18,1995-01-01
4711325039,경상북도,포항시북구,흥해읍,덕장리,19,1995-01-01
4711325040,경상북도,포항시북구,흥해읍,용전리,20,1995-01-01
4711325041,경상북도,포항시북구,흥해읍,용천리,21,1995-01-01
4711325042,경상북도,포항시북구,흥해읍,금장리,22,1995-01-01
4711325043,경상북도,포항시북구,흥해읍,흥안리,23,1995-01-01
4711325044,경상북도,포항시북구,흥해읍,칠포리,24,1995-01-01
4711325045,경상북도,포항시북구,흥해읍,오도리,25,1995-01-01
4711325046,경상북도,포항시북구,흥해읍,초곡리,26,1995-01-01
4711325047,경상북도,포항시북구,흥해읍,학천리,27,1995-01-01
4711325048,경상북도,포항시북구,흥해읍,성곡리,28,1995-01-01
4711325049,경상북도,포항시북구,흥해읍,이인리,29,1995-01-01
4711325050,경상북도,포항시북구,흥해읍,대련리,30,1995-01-01
4711331000,경상북도,포항시북구,신광면,,26,1995-01-01
4711331021,경상북도,포항시북구,신광면,냉수리,1,1995-01-01
4711331022,경상북도,포항시북구,신광면,흥곡리,2,1995-01-01
4711331023,경상북도,포항시북구,신광면,우각리,3,1995-01-01
4711331024,경상북도,포항시북구,신광면,죽성리,4,1995-01-01
4711331025,경상북도,포항시북구,신광면,상읍리,5,1995-01-01
4711331026,경상북도,포항시북구,신광면,토성리,6,1995-01-01
4711331027,경상북도,포항시북구,신광면,사정리,7,1995-01-01
4711331028,경상북도,포항시북구,신광면,안덕리,8,1995-01-01
4711331029,경상북도,포항시북구,신광면,만석리,9,1995-01-01
4711331030,경상북도,포항시북구,신광면,반곡리,10,1995-01-01
4711331031,경상북도,포항시북구,신광면,기일리,11,1995-01-01
4711331032,경상북도,포항시북구,신광면,마북리,12,1995-01-01
4711331033,경상북도,포항시북구,신광면,호리,13,1995-01-01
4711332000,경상북도,포항시북구,청하면,,27,1995-01-01
4711332021,경상북도,포항시북구,청하면,덕성리,1,1995-01-01
4711332022,경상북도,포항시북구,청하면,덕천리,2,1995-01-01
4711332023,경상북도,포항시북구,청하면,미남리,3,1995-01-01
4711332024,경상북도,포항시북구,청하면,필화리,4,1995-01-01
4711332025,경상북도,포항시북구,청하면,용두리,5,1995-01-01
4711332026,경상북도,포항시북구,청하면,월포리,6,1995-01-01
4711332027,경상북도,포항시북구,청하면,방어리,7,1995-01-01
4711332028,경상북도,포항시북구,청하면,이가리,8,1995-01-01
4711332029,경상북도,포항시북구,청하면,청진리,9,1995-01-01
4711332030,경상북도,포항시북구,청하면,신흥리,10,1995-01-01
4711332031,경상북도,포항시북구,청하면,소동리,11,1995-01-01
4711332032,경상북도,포항시북구,청하면,고현리,12,1995-01-01
4711332033,경상북도,포항시북구,청하면,하대리,13,1995-01-01
4711332034,경상북도,포항시북구,청하면,상대리,14,1995-01-01
4711332035,경상북도,포항시북구,청하면,서정리,15,1995-01-01
4711332036,경상북도,포항시북구,청하면,명안리,16,1995-01-01
4711332037,경상북도,포항시북구,청하면,유계리,17,1995-01-01
4711332038,경상북도,포항시북구,청하면,청계리,18,1995-01-01
4711333000,경상북도,포항시북구,송라면,,28,1995-01-01
4711333021,경상북도,포항시북구,송라면,상송리,1,1995-01-01
4711333022,경상북도,포항시북구,송라면,하송리,2,1995-01-01
4711333023,경상북도,포항시북구,송라면,중산리,3,1995-01-01
4711333024,경상북도,포항시북구,송라면,광천리,4,1995-01-01
4711333025,경상북도,포항시북구,송라면,조사리,5,1995-01-01
4711333026,경상북도,포항시북구,송라면,방석리,6,1995-01-01
4711333027,경상북도,포항시북구,송라면,화진리,7,1995-01-01
4711333028,경상북도,포항시북구,송라면,대전리,8,1995-01-01
4711333029,경상북도,포항시북구,송라면,지경리,9,1995-01-01
4711334000,경상북도,포항시북구,기계면,,29,1995-01-01
4711334021,경상북도,포항시북구,기계면,현내리,1,1995-01-01
4711334022,경상북도,포항시북구,기계면,지가리,2,1995-01-01
4711334023,경상북도,포항시북구,기계면,봉계리,3,1995-01-01
4711334024,경상북도,포항시북구,기계면,고지리,4,1995-01-01
4711334025,경상북도,포항시북구,기계면,문성리,5,1995-01-01
4711334026,경상북도,포항시북구,기계면,학야리,6,1995-01-01
4711334027,경상북도,포항시북구,기계면,성계리,7,1995-01-01
4711334028,경상북도,포항시북구,기계면,내단리,8,1995-01-01
4711334029,경상북도,포항시북구,기계면,화대리,9,1995-01-01
4711334030,경상북도,포항시북구,기계면,화봉리,10,1995-01-01
4711334031,경상북도,포항시북구,기계면,계전리,11,1995-01-01
4711334032,경상북도,포항시북구,기계면,미현리,12,1995-01-01
4711334033,경상북도,포항시북구,기계면,인비리,13,1995-01-01
4711334034,경상북도,포항시북구,기계면,구지리,14,1995-01-01
4711334035,경상북도,포항시북구,기계면,가안리,15,1995-01-01
4711334036,경상북도,포항시북구,기계면,남계리,16,1995-01-01
4711335000,경상북도,포항시북구,죽장면,,30,1995-01-01
4711335021,경상북도,포항시북구,죽장면,가사리,1,1995-01-01
4711335022,경상북도,포항시북구,죽장면,매현리,2,1995-01-01
4711335023,경상북도,포항시북구,죽장면,침곡리,3,1995-01-01
4711335024,경상북도,포항시북구,죽장면,입암리,4,1995-01-01
4711335025,경상북도,포항시북구,죽장면,일광리,5,1995-01-01
4711335026,경상북도,포항시북구,죽장면,지동리,6,1995-01-01
4711335027,경상북도,포항시북구,죽장면,정자리,7,1995-01-01
4711335028,경상북도,포항시북구,죽장면,감곡리,8,1995-01-01
4711335029,경상북도,포항시북구,죽장면,상사리,9,1995-01-01
4711335030,경상북도,포항시북구,죽장면,하사리,10,1995-01-01
4711335031,경상북도,포항시북구,죽장면,석계리,11,1995-01-01
4711335032,경상북도,포항시북구,죽장면,합덕리,12,1995-01-01
4711335033,경상북도,포항시북구,죽장면,월평리,13,1995-01-01
4711335034,경상북도,포항시북구,죽장면,방흥리,14,1995-01-01
4711335035,경상북도,포항시북구,죽장면,현내리,15,1995-01-01
4711335036,경상북도,포항시북구,죽장면,봉계리,16,1995-01-01
4711335037,경상북도,포항시북구,죽장면,두마리,17,1995-01-01
4711335038,경상북도,포항시북구,죽장면,상옥리,18,1995-01-01
4711335039,경상북도,포항시북구,죽장면,하옥리,19,1995-01-01
4711336000,경상북도,포항시북구,기북면,,31,1995-01-01
4711336021,경상북도,포항시북구,기북면,관천리,1,1995-01-01
4711336022,경상북도,포항시북구,기북면,대곡리,2,1995-01-01
4711336023,경상북도,포항시북구,기북면,율산리,3,1995-01-01
4711336024,경상북도,포항시북구,기북면,용기리,4,1995-01-01
4711336025,경상북도,포항시북구,기북면,오덕리,5,1995-01-01
4711336026,경상북도,포항시북구,기북면,탑정리,6,1995-01-01
4711336027,경상북도,포항시북구,기북면,성법리,7,1995-01-01
4713000000,경상북도,경주시,,,4,1988-04-23
4713010100,경상북도,경주시,동부동,,1,1998-11-14
4713010200,경상북도,경주시,서부동,,2,1998-11-14
4713010300,경상북도,경주시,북부동,,3,1998-11-14
4713010400,경상북도,경주시,성동동,,4,1988-04-23
4713010500,경상북도,경주시,황오동,,5,1988-04-23
4713010600,경상북도,경주시,노동동,,6,1998-11-14
4713010700,경상북도,경주시,노서동,,7,1998-11-14
4713010800,경상북도,경주시,성건동,,8,1988-04-23
4713010900,경상북도,경주시,사정동,,9,1988-04-23
4713011000,경상북도,경주시,황남동,,10,1988-04-23
4713011100,경상북도,경주시,교동,,11,1998-11-14
4713011200,경상북도,경주시,인왕동,,12,1998-11-14
4713011300,경상북도,경주시,탑동,,13,1988-04-23
4713011400,경상북도,경주시,충효동,,14,1988-04-23
4713011500,경상북도,경주시,서악동,,15,1988-04-23
4713011600,경상북도,경주시,효현동,,16,1988-04-23
4713011700,경상북도,경주시,광명동,,17,1988-04-23
4713011800,경상북도,경주시,동방동,,18,1998-11-14
4713011900,경상북도,경주시,도지동,,19,1998-11-14
4713012000,경상북도,경주시,남산동,,20,1998-11-14
4713012100,경상북도,경주시,배반동,,21,1998-11-14
4713012200,경상북도,경주시,구황동,,22,1998-11-14
4713012300,경상북도,경주시,보문동,,23,1998-11-14
4713012400,경상북도,경주시,황성동,,24,1995-03-01
4713012500,경상북도,경주시,용강동,,25,1995-03-01
4713012600,경상북도,경주시,동천동,,26,1988-04-23
4713012700,경상북도,경주시,평동,,27,1998-11-14
4713012800,경상북도,경주시,조양동,,28,1998-11-14
4713012900,경상북도,경주시,시동,,29,1998-11-14
4713013000,경상북도,경주시,시래동,,30,1998-11-14
4713013100,경상북도,경주시,구정동,,31,1998-11-14
4713013200,경상북도,경주시,마동,,32,1988-04-23
4713013300,경상북도,경주시,하동,,33,1988-04-23
4713013400,경상북도,경주시,진현동,,34,1988-04-23
4713013500,경상북도,경주시,천군동,,35,1988-04-23
4713013600,경상북도,경주시,신평동,,36,1988-04-23
4713013700,경상북도,경주시,덕동,,37,1988-04-23
4713013800,경상북도,경주시,암곡동,,38,1988-04-23
4713013900,경상북도,경주시,황용동,,39,1988-04-23
4713014000,경상북도,경주시,북군동,,40,1988-04-23
4713014100,경상북도,경주시,손곡동,,41,1988-04-23
4713014200,경상북도,경주시,율동,,42,1988-04-23
4713014300,경상북도,경주시,배동,,43,1988-04-23
4713014400,경상북도,경주시,석장동,,44,1988-04-23
4713025000,경상북도,경주시,감포읍,,45,1995-01-01
4713025021,경상북도,경주시,감포읍,대본리,1,1995-01-01
4713025022,경상북도,경주시,감포읍,전동리,2,1995-01-01
4713025023,경상북도,경주시,감포읍,전촌리,3,1995-01-01
4713025024,경상북도,경주시,감포읍,나정리,4,1995-01-01
4713025025,경상북도,경주시,감포읍,오류리,5,1995-01-01
4713025026,경상북도,경주시,감포읍,노동리,6,1995-01-01
4713025027,경상북도,경주시,감포읍,팔조리,7,1995-01-01
4713025028,경상북도,경주시,감포읍,호동리,8,1995-01-01
4713025029,경상북도,경주시,감포읍,감포리,9,1995-01-01
4713025300,경상북도,경주시,안강읍,,46,1995-01-01
4713025321,경상북도,경주시,안강읍,검단리,1,1995-01-01
4713025322,경상북도,경주시,안강읍,사방리,2,1995-01-01
4713025323,경상북도,경주시,안강읍,갑산리,3,1995-01-01
4713025324,경상북도,경주시,안강읍,대동리,4,1995-01-01
4713025325,경상북도,경주시,안강읍,근계리,5,1995-01-01
4713025326,경상북도,경주시,안강읍,육통리,6,1995-01-01
4713025327,경상북도,경주시,안강읍,노당리,7,1995-01-01
4713025328,경상북도,경주시,안강읍,옥산리,8,1995-01-01
4713025329,경상북도,경주시,안강읍,두류리,9,1995-01-01
4713025330,경상북도,경주시,안강읍,하곡리,10,1995-01-01
4713025331,경상북도,경주시,안강읍,강교리,11,1995-01-01
4713025332,경상북도,경주시,안강읍,산대리,12,1995-01-01
4713025333,경상북도,경주시,안강읍,안강리,13,1995-01-01
4713025334,경상북도,경주시,안강읍,양월리,14,1995-01-01
4713025335,경상북도,경주시,안강읍,청령리,15,1995-01-01
4713025600,경상북도,경주시,건천읍,,47,1995-01-01
4713025621,경상북도,경주시,건천읍,대곡리,1,1995-01-01
4713025622,경상북도,경주시,건천읍,용명리,2,1995-01-01
4713025623,경상북도,경주시,건천읍,신평리,3,1995-01-01
4713025624,경상북도,경주시,건천읍,송선리,4,1995-01-01
4713025625,경상북도,경주시,건천읍,천포리,5,1995-01-01
4713025626,경상북도,경주시,건천읍,화천리,6,1995-01-01
4713025627,경상북도,경주시,건천읍,모량리,7,1995-01-01
4713025628,경상북도,경주시,건천읍,방내리,8,1995-01-01
4713025629,경상북도,경주시,건천읍,조전리,9,1995-01-01
4713025630,경상북도,경주시,건천읍,금척리,10,1995-01-01
4713025631,경상북도,경주시,건천읍,건천리,11,1995-01-01
4713025900,경상북도,경주시,외동읍,,48,1995-01-01
4713025921,경상북도,경주시,외동읍,입실리,1,1995-01-01
4713025922,경상북도,경주시,외동읍,모화리,2,1995-01-01
4713025923,경상북도,경주시,외동읍,석계리,3,1995-01-01
4713025924,경상북도,경주시,외동읍,녹동리,4,1995-01-01
4713025925,경상북도,경주시,외동읍,냉천리,5,1995-01-01
4713025926,경상북도,경주시,외동읍,제내리,6,1995-01-01
4713025927,경상북도,경주시,외동읍,연안리,7,1995-01-01
4713025928,경상북도,경주시,외동읍,개곡리,8,1995-01-01
4713025929,경상북도,경주시,외동읍,활성리,9,1995-01-01
4713025930,경상북도,경주시,외동읍,말방리,10,1995-01-01
4713025931,경상북도,경주시,외동읍,죽동리,11,1995-01-01
4713025932,경상북도,경주시,외동읍,구어리,12,1995-01-01
4713025933,경상북도,경주시,외동읍,방어리,13,1995-01-01
4713025934,경상북도,경주시,외동읍,괘릉리,14,1995-01-01
4713025935,경상북도,경주시,외동읍,신계리,15,1995-01-01
4713025936,경상북도,경주시,외동읍,문산리,16,1995-01-01
4713025937,경상북도,경주시,외동읍,북토리,17,1995-01-01
4713031500,경상북도,경주시,문무대왕면,,49,2021-04-06
4713031521,경상북도,경주시,문무대왕면,어일리,1,2021-04-06
4713031522,경상북도,경주시,문무대왕면,입천리,2,2021-04-06
4713031523,경상북도,경주시,문무대왕면,두산리,3,2021-04-06
4713031524,경상북도,경주시,문무대왕면,송전리,4,2021-04-06
4713031525,경상북도,경주시,문무대왕면,죽전리,5,2021-04-06
4713031526,경상북도,경주시,문무대왕면,구길리,6,2021-04-06
4713031527,경상북도,경주시,문무대왕면,용당리,7,2021-04-06
4713031528,경상북도,경주시,문무대왕면,봉길리,8,2021-04-06
4713031529,경상북도,경주시,문무대왕면,권이리,9,2021-04-06
4713031530,경상북도,경주시,문무대왕면,호암리,10,2021-04-06
4713031531,경상북도,경주시,문무대왕면,용동리,11,2021-04-06
4713031532,경상북도,경주시,문무대왕면,와읍리,12,2021-04-06
4713031533,경상북도,경주시,문무대왕면,안동리,13,2021-04-06
4713031534,경상북도,경주시,문무대왕면,장항리,14,2021-04-06
4713031535,경상북도,경주시,문무대왕면,범곡리,15,2021-04-06
4713032000,경상북도,경주시,양남면,,50,1995-01-01
4713032021,경상북도,경주시,양남면,하서리,1,1995-01-01
4713032022,경상북도,경주시,양남면,수렴리,2,1995-01-01
4713032023,경상북도,경주시,양남면,신서리,3,1995-01-01
4713032024,경상북도,경주시,양남면,서동리,4,1995-01-01
4713032025,경상북도,경주시,양남면,효동리,5,1995-01-01
4713032026,경상북도,경주시,양남면,상계리,6,1995-01-01
4713032027,경상북도,경주시,양남면,신대리,7,1995-01-01
4713032028,경상북도,경주시,양남면,읍천리,8,1995-01-01
4713032029,경상북도,경주시,양남면,석촌리,9,1995-01-01
4713032030,경상북도,경주시,양남면,석읍리,10,1995-01-01
4713032031,경상북도,경주시,양남면,기구리,11,1995-01-01
4713032032,경상북도,경주시,양남면,환서리,12,1995-01-01
4713032033,경상북도,경주시,양남면,상라리,13,1995-01-01
4713032034,경상북도,경주시,양남면,나산리,14,1995-01-01
4713032035,경상북도,경주시,양남면,나아리,15,1995-01-01
4713033000,경상북도,경주시,내남면,,51,1995-01-01
4713033021,경상북도,경주시,내남면,명계리,1,1995-01-01
4713033022,경상북도,경주시,내남면,노곡리,2,1995-01-01
4713033023,경상북도,경주시,내남면,월산리,3,1995-01-01
4713033024,경상북도,경주시,내남면,이조리,4,1995-01-01
4713033025,경상북도,경주시,내남면,용장리,5,1995-01-01
4713033026,경상북도,경주시,내남면,망성리,6,1995-01-01
4713033027,경상북도,경주시,내남면,화곡리,7,1995-01-01
4713033028,경상북도,경주시,내남면,부지리,8,1995-01-01
4713033029,경상북도,경주시,내남면,덕천리,9,1995-01-01
4713033030,경상북도,경주시,내남면,상신리,10,1995-01-01
4713033031,경상북도,경주시,내남면,안심리,11,1995-01-01
4713033032,경상북도,경주시,내남면,박달리,12,1995-01-01
4713033033,경상북도,경주시,내남면,비지리,13,1995-01-01
4713034000,경상북도,경주시,산내면,,52,1995-01-01
4713034021,경상북도,경주시,산내면,감산리,1,1995-01-01
4713034022,경상북도,경주시,산내면,내칠리,2,1995-01-01
4713034023,경상북도,경주시,산내면,외칠리,3,1995-01-01
4713034024,경상북도,경주시,산내면,일부리,4,1995-01-01
4713034025,경상북도,경주시,산내면,신원리,5,1995-01-01
4713034026,경상북도,경주시,산내면,의곡리,6,1995-01-01
4713034027,경상북도,경주시,산내면,내일리,7,1995-01-01
4713034028,경상북도,경주시,산내면,우라리,8,1995-01-01
4713034029,경상북도,경주시,산내면,대현리,9,1995-01-01
4713035000,경상북도,경주시,서면,,53,1995-01-01
4713035021,경상북도,경주시,서면,천촌리,1,1995-01-01
4713035022,경상북도,경주시,서면,아화리,2,1995-01-01
4713035023,경상북도,경주시,서면,도계리,3,1995-01-01
4713035024,경상북도,경주시,서면,도리,4,1995-01-01
4713035025,경상북도,경주시,서면,서오리,5,1995-01-01
4713035026,경상북도,경주시,서면,심곡리,6,1995-01-01
4713035027,경상북도,경주시,서면,사라리,7,1995-01-01
4713035028,경상북도,경주시,서면,운대리,8,1995-01-01
4713036000,경상북도,경주시,현곡면,,54,1995-01-01
4713036021,경상북도,경주시,현곡면,라원리,1,1995-01-01
4713036022,경상북도,경주시,현곡면,소현리,2,1995-01-01
4713036023,경상북도,경주시,현곡면,하구리,3,1995-01-01
4713036024,경상북도,경주시,현곡면,상구리,4,1995-01-01
4713036025,경상북도,경주시,현곡면,무과리,5,1995-01-01
4713036026,경상북도,경주시,현곡면,남사리,6,1995-01-01
4713036027,경상북도,경주시,현곡면,금장리,7,1995-01-01
4713036028,경상북도,경주시,현곡면,래태리,8,1995-01-01
4713036029,경상북도,경주시,현곡면,가정리,9,1995-01-01
4713036030,경상북도,경주시,현곡면,오류리,10,1995-01-01
4713037000,경상북도,경주시,강동면,,55,1995-01-01
4713037021,경상북도,경주시,강동면,모서리,1,1995-01-01
4713037022,경상북도,경주시,강동면,호명리,2,1995-01-01
4713037023,경상북도,경주시,강동면,안계리,3,1995-01-01
4713037024,경상북도,경주시,강동면,다산리,4,1995-01-01
4713037025,경상북도,경주시,강동면,단구리,5,1995-01-01
4713037026,경상북도,경주시,강동면,유금리,6,1995-01-01
4713037027,경상북도,경주시,강동면,오금리,7,1995-01-01
4713037028,경상북도,경주시,강동면,왕신리,8,1995-01-01
4713037029,경상북도,경주시,강동면,국당리,9,1995-01-01
4713037030,경상북도,경주시,강동면,인동리,10,1995-01-01
4713037031,경상북도,경주시,강동면,양동리,11,1995-01-01
4713038000,경상북도,경주시,천북면,,56,1995-01-01
4713038021,경상북도,경주시,천북면,물천리,1,1995-01-01
4713038022,경상북도,경주시,천북면,덕산리,2,1995-01-01
4713038023,경상북도,경주시,천북면,갈곡리,3,1995-01-01
4713038024,경상북도,경주시,천북면,성지리,4,1995-01-01
4713038025,경상북도,경주시,천북면,동산리,5,1995-01-01
4713038026,경상북도,경주시,천북면,화산리,6,1995-01-01
4713038027,경상북도,경주시,천북면,오야리,7,1995-01-01
4713038028,경상북도,경주시,천북면,모아리,8,1995-01-01
4713038029,경상북도,경주시,천북면,신당리,9,1995-01-01
4715000000,경상북도,김천시,,,5,1988-04-23
4715010100,경상북도,김천시,감호동,,1,1998-01-01
4715010200,경상북도,김천시,용두동,,2,1998-01-01
4715010300,경상북도,김천시,모암동,,3,1998-01-01
4715010400,경상북도,김천시,성내동,,4,1988-04-23
4715010500,경상북도,김천시,평화동,,5,1988-04-23
4715010600,경상북도,김천시,남산동,,6,2000-01-01
4715010700,경상북도,김천시,황금동,,7,1998-01-01
4715010800,경상북도,김천시,신음동,,8,1998-01-01
4715010900,경상북도,김천시,교동,,9,1998-09-01
4715011000,경상북도,김천시,삼락동,,10,1998-09-01
4715011100,경상북도,김천시,문당동,,11,1998-09-01
4715011200,경상북도,김천시,다수동,,12,1998-01-01
4715011300,경상북도,김천시,백옥동,,13,1998-01-01
4715011400,경상북도,김천시,부곡동,,14,1998-01-01
4715011500,경상북도,김천시,지좌동,,15,1988-04-23
4715011600,경상북도,김천시,덕곡동,,16,1988-04-23
4715011700,경상북도,김천시,대광동,,17,1998-01-01
4715011800,경상북도,김천시,응명동,,18,1998-01-01
4715011900,경상북도,김천시,양천동,,19,1998-01-01
4715012000,경상북도,김천시,율곡동,,,2014-01-02
4715025000,경상북도,김천시,아포읍,,20,1995-03-01
4715025021,경상북도,김천시,아포읍,인리,1,1995-03-01
4715025022,경상북도,김천시,아포읍,의리,2,1995-03-01
4715025023,경상북도,김천시,아포읍,예리,3,1995-03-01
4715025024,경상북도,김천시,아포읍,지리,4,1995-03-01
4715025025,경상북도,김천시,아포읍,대신리,5,1995-03-01
4715025026,경상북도,김천시,아포읍,봉산리,6,1995-03-01
4715025027,경상북도,김천시,아포읍,제석리,7,1995-03-01
4715025028,경상북도,김천시,아포읍,국사리,8,1995-03-01
4715025029,경상북도,김천시,아포읍,송천리,9,1995-03-01
4715025030,경상북도,김천시,아포읍,대성리,10,1995-03-01
4715031000,경상북도,김천시,농소면,,21,1995-01-01
4715031021,경상북도,김천시,농소면,입석리,1,1995-01-01
4715031022,경상북도,김천시,농소면,신촌리,2,1995-01-01
4715031023,경상북도,김천시,농소면,월곡리,3,1995-01-01
4715031024,경상북도,김천시,농소면,용암리,4,1995-01-01
4715031025,경상북도,김천시,농소면,봉곡리,5,1995-01-01
4715031026,경상북도,김천시,농소면,연명리,6,1995-01-01
4715031027,경상북도,김천시,농소면,노곡리,7,1995-01-01
4715032000,경상북도,김천시,남면,,22,1995-01-01
4715032021,경상북도,김천시,남면,옥산리,1,1995-01-01
4715032022,경상북도,김천시,남면,운곡리,2,1995-01-01
4715032023,경상북도,김천시,남면,송곡리,3,1995-01-01
4715032024,경상북도,김천시,남면,월명리,4,1995-01-01
4715032025,경상북도,김천시,남면,부상리,5,1995-01-01
4715032026,경상북도,김천시,남면,오봉리,6,1995-01-01
4715032027,경상북도,김천시,남면,봉천리,7,1995-01-01
4715032028,경상북도,김천시,남면,초곡리,8,1995-01-01
4715032030,경상북도,김천시,남면,운남리,10,1995-01-01
4715034000,경상북도,김천시,개령면,,23,1995-01-01
4715034021,경상북도,김천시,개령면,황계리,1,1995-01-01
4715034022,경상북도,김천시,개령면,신룡리,2,1995-01-01
4715034023,경상북도,김천시,개령면,덕촌리,3,1995-01-01
4715034024,경상북도,김천시,개령면,서부리,4,1995-01-01
4715034025,경상북도,김천시,개령면,동부리,5,1995-01-01
4715034026,경상북도,김천시,개령면,양천리,6,1995-01-01
4715034027,경상북도,김천시,개령면,광천리,7,1995-01-01
4715034028,경상북도,김천시,개령면,남전리,8,1995-01-01
4715035000,경상북도,김천시,감문면,,24,1995-01-01
4715035021,경상북도,김천시,감문면,보광리,1,1995-01-01
4715035022,경상북도,김천시,감문면,금라리,2,1995-01-01
4715035023,경상북도,김천시,감문면,구야리,3,1995-01-01
4715035024,경상북도,김천시,감문면,은림리,4,1995-01-01
4715035025,경상북도,김천시,감문면,도명리,5,1995-01-01
4715035026,경상북도,김천시,감문면,문무리,6,1995-01-01
4715035027,경상북도,김천시,감문면,남곡리,7,1995-01-01
4715035028,경상북도,김천시,감문면,송북리,8,1995-01-01
4715035029,경상북도,김천시,감문면,금곡리,9,1995-01-01
4715035030,경상북도,김천시,감문면,삼성리,10,1995-01-01
4715035031,경상북도,김천시,감문면,광덕리,11,1995-01-01
4715035032,경상북도,김천시,감문면,덕남리,12,1995-01-01
4715035033,경상북도,김천시,감문면,태촌리,13,1995-01-01
4715035034,경상북도,김천시,감문면,성촌리,14,1995-01-01
4715035035,경상북도,김천시,감문면,대양리,15,1995-01-01
4715036000,경상북도,김천시,어모면,,25,1995-01-01
4715036021,경상북도,김천시,어모면,중왕리,1,1995-01-01
4715036022,경상북도,김천시,어모면,옥율리,2,1995-01-01
4715036023,경상북도,김천시,어모면,남산리,3,1995-01-01
4715036024,경상북도,김천시,어모면,다남리,4,1995-01-01
4715036025,경상북도,김천시,어모면,군자리,5,1995-01-01
4715036026,경상북도,김천시,어모면,덕마리,6,1995-01-01
4715036027,경상북도,김천시,어모면,구례리,7,1995-01-01
4715036028,경상북도,김천시,어모면,옥계리,8,1995-01-01
4715036029,경상북도,김천시,어모면,능치리,9,1995-01-01
4715036030,경상북도,김천시,어모면,도암리,10,1995-01-01
4715036031,경상북도,김천시,어모면,은기리,11,1995-01-01
4715036032,경상북도,김천시,어모면,동좌리,12,1995-01-01
4715037000,경상북도,김천시,봉산면,,26,1995-01-01
4715037021,경상북도,김천시,봉산면,신리,1,1995-01-01
4715037022,경상북도,김천시,봉산면,인의리,2,1995-01-01
4715037023,경상북도,김천시,봉산면,예지리,3,1995-01-01
4715037024,경상북도,김천시,봉산면,덕천리,4,1995-01-01
4715037025,경상북도,김천시,봉산면,태화리,5,1995-01-01
4715037026,경상북도,김천시,봉산면,상금리,6,1995-01-01
4715037027,경상북도,김천시,봉산면,신암리,7,1995-01-01
4715037028,경상북도,김천시,봉산면,광천리,8,1995-01-01
4715038000,경상북도,김천시,대항면,,27,1995-01-01
4715038021,경상북도,김천시,대항면,향천리,1,1995-01-01
4715038022,경상북도,김천시,대항면,운수리,2,1995-01-01
4715038023,경상북도,김천시,대항면,주례리,3,1995-01-01
4715038024,경상북도,김천시,대항면,대성리,4,1995-01-01
4715038025,경상북도,김천시,대항면,덕전리,5,1995-01-01
4715038026,경상북도,김천시,대항면,대룡리,6,1995-01-01
4715038027,경상북도,김천시,대항면,복전리,7,1995-01-01
4715039000,경상북도,김천시,감천면,,28,1995-01-01
4715039021,경상북도,김천시,감천면,용호리,1,1995-01-01
4715039022,경상북도,김천시,감천면,무안리,2,1995-01-01
4715039023,경상북도,김천시,감천면,도평리,3,1995-01-01
4715039024,경상북도,김천시,감천면,광기리,4,1995-01-01
4715039025,경상북도,김천시,감천면,금송리,5,1995-01-01
4715040000,경상북도,김천시,조마면,,29,1995-01-01
4715040021,경상북도,김천시,조마면,신안리,1,1995-01-01
4715040022,경상북도,김천시,조마면,장암리,2,1995-01-01
4715040023,경상북도,김천시,조마면,강곡리,3,1995-01-01
4715040024,경상북도,김천시,조마면,신곡리,4,1995-01-01
4715040025,경상북도,김천시,조마면,삼산리,5,1995-01-01
4715040026,경상북도,김천시,조마면,신왕리,6,1995-01-01
4715040027,경상북도,김천시,조마면,대방리,7,1995-01-01
4715041000,경상북도,김천시,구성면,,30,1995-01-01
4715041021,경상북도,김천시,구성면,하강리,1,1995-01-01
4715041022,경상북도,김천시,구성면,양각리,2,1995-01-01
4715041023,경상북도,김천시,구성면,흥평리,3,1995-01-01
4715041024,경상북도,김천시,구성면,송죽리,4,1995-01-01
4715041025,경상북도,김천시,구성면,광명리,5,1995-01-01
4715041026,경상북도,김천시,구성면,금평리,6,1995-01-01
4715041027,경상북도,김천시,구성면,구미리,7,1995-01-01
4715041028,경상북도,김천시,구성면,임평리,8,1995-01-01
4715041029,경상북도,김천시,구성면,임천리,9,1995-01-01
4715041030,경상북도,김천시,구성면,월계리,10,1995-01-01
4715041031,경상북도,김천시,구성면,마산리,11,1995-01-01
4715041032,경상북도,김천시,구성면,작내리,12,1995-01-01
4715041033,경상북도,김천시,구성면,용호리,13,1995-01-01
4715041034,경상북도,김천시,구성면,상거리,14,1995-01-01
4715041035,경상북도,김천시,구성면,상원리,15,1995-01-01
4715041036,경상북도,김천시,구성면,미평리,16,1995-01-01
4715041037,경상북도,김천시,구성면,상좌원리,17,1995-01-01
4715042000,경상북도,김천시,지례면,,31,1995-01-01
4715042021,경상북도,김천시,지례면,교리,1,1995-01-01
4715042022,경상북도,김천시,지례면,상부리,2,1995-01-01
4715042023,경상북도,김천시,지례면,대율리,3,1995-01-01
4715042024,경상북도,김천시,지례면,거물리,4,1995-01-01
4715042025,경상북도,김천시,지례면,도곡리,5,1995-01-01
4715042026,경상북도,김천시,지례면,관덕리,6,1995-01-01
4715042027,경상북도,김천시,지례면,신평리,7,1995-01-01
4715042028,경상북도,김천시,지례면,이전리,8,1995-01-01
4715042029,경상북도,김천시,지례면,울곡리,9,1995-01-01
4715042030,경상북도,김천시,지례면,여배리,10,1995-01-01
4715043000,경상북도,김천시,부항면,,32,1995-01-01
4715043021,경상북도,김천시,부항면,신옥리,1,1995-01-01
4715043022,경상북도,김천시,부항면,유촌리,2,1995-01-01
4715043023,경상북도,김천시,부항면,지좌리,3,1995-01-01
4715043024,경상북도,김천시,부항면,사등리,4,1995-01-01
4715043025,경상북도,김천시,부항면,월곡리,5,1995-01-01
4715043026,경상북도,김천시,부항면,어전리,6,1995-01-01
4715043027,경상북도,김천시,부항면,하대리,7,1995-01-01
4715043028,경상북도,김천시,부항면,해인리,8,1995-01-01
4715043029,경상북도,김천시,부항면,대야리,9,1995-01-01
4715043030,경상북도,김천시,부항면,파천리,10,1995-01-01
4715043031,경상북도,김천시,부항면,안간리,11,1995-01-01
4715043032,경상북도,김천시,부항면,두산리,12,1995-01-01
4715043033,경상북도,김천시,부항면,희곡리,13,1995-01-01
4715044000,경상북도,김천시,대덕면,,33,1995-01-01
4715044021,경상북도,김천시,대덕면,연화리,1,1995-01-01
4715044022,경상북도,김천시,대덕면,덕산리,2,1995-01-01
4715044023,경상북도,김천시,대덕면,외감리,3,1995-01-01
4715044024,경상북도,김천시,대덕면,내감리,4,1995-01-01
4715044025,경상북도,김천시,대덕면,가례리,5,1995-01-01
4715044026,경상북도,김천시,대덕면,조룡리,6,1995-01-01
4715044027,경상북도,김천시,대덕면,추량리,7,1995-01-01
4715044028,경상북도,김천시,대덕면,관기리,8,1995-01-01
4715044029,경상북도,김천시,대덕면,화전리,9,1995-01-01
4715044030,경상북도,김천시,대덕면,문의리,10,1995-01-01
4715044031,경상북도,김천시,대덕면,대리,11,1995-01-01
4715044032,경상북도,김천시,대덕면,중산리,12,1995-01-01
4715045000,경상북도,김천시,증산면,,34,1995-01-01
4715045021,경상북도,김천시,증산면,황항리,1,1995-01-01
4715045022,경상북도,김천시,증산면,부항리,2,1995-01-01
4715045023,경상북도,김천시,증산면,동안리,3,1995-01-01
4715045024,경상북도,김천시,증산면,황정리,4,1995-01-01
4715045025,경상북도,김천시,증산면,평촌리,5,1995-01-01
4715045026,경상북도,김천시,증산면,수도리,6,1995-01-01
4715045027,경상북도,김천시,증산면,유성리,7,1995-01-01
4715045028,경상북도,김천시,증산면,금곡리,8,1995-01-01
4715045029,경상북도,김천시,증산면,장전리,9,1995-01-01
4715045030,경상북도,김천시,증산면,황점리,10,1995-01-01
4717000000,경상북도,안동시,,,6,1988-04-23
4717010100,경상북도,안동시,삼산동,,1,1988-04-23
4717010200,경상북도,안동시,서부동,,2,1988-04-23
4717010300,경상북도,안동시,북문동,,3,1988-04-23
4717010400,경상북도,안동시,명륜동,,4,1988-04-23
4717010500,경상북도,안동시,신안동,,5,1988-04-23
4717010600,경상북도,안동시,율세동,,6,1998-12-01
4717010700,경상북도,안동시,옥정동,,7,1998-12-01
4717010800,경상북도,안동시,신세동,,8,1998-12-01
4717010900,경상북도,안동시,법흥동,,9,1998-12-01
4717011000,경상북도,안동시,용상동,,10,1998-12-01
4717011100,경상북도,안동시,동문동,,11,1997-07-01
4717011200,경상북도,안동시,동부동,,12,1997-07-01
4717011300,경상북도,안동시,운흥동,,13,1997-07-01
4717011400,경상북도,안동시,천리동,,14,1997-07-01
4717011500,경상북도,안동시,남부동,,15,1997-07-01
4717011600,경상북도,안동시,남문동,,16,1997-07-01
4717011700,경상북도,안동시,안흥동,,17,1997-07-01
4717011800,경상북도,안동시,대석동,,18,1997-07-01
4717011900,경상북도,안동시,옥야동,,19,1997-07-01
4717012000,경상북도,안동시,광석동,,20,1997-07-01
4717012100,경상북도,안동시,당북동,,21,1997-07-01
4717012200,경상북도,안동시,태화동,,22,1988-04-23
4717012300,경상북도,안동시,화성동,,23,1997-07-01
4717012400,경상북도,안동시,목성동,,24,1988-04-23
4717012500,경상북도,안동시,법상동,,25,1988-04-23
4717012600,경상북도,안동시,금곡동,,26,1988-04-23
4717012700,경상북도,안동시,평화동,,27,1988-04-23
4717012800,경상북도,안동시,안기동,,28,1988-04-23
4717012900,경상북도,안동시,운안동,,29,1997-07-01
4717013000,경상북도,안동시,성곡동,,30,1998-12-01
4717013100,경상북도,안동시,상아동,,31,1998-12-01
4717013200,경상북도,안동시,안막동,,32,1993-10-05
4717013300,경상북도,안동시,옥동,,33,1988-04-23
4717013400,경상북도,안동시,이천동,,34,1988-04-23
4717013500,경상북도,안동시,노하동,,35,1988-04-23
4717013600,경상북도,안동시,송현동,,36,1988-04-23
4717013700,경상북도,안동시,송천동,,37,1998-12-01
4717013800,경상북도,안동시,석동동,,38,1998-12-01
4717013900,경상북도,안동시,정상동,,39,1998-12-01
4717014000,경상북도,안동시,정하동,,40,1998-12-01
4717014100,경상북도,안동시,수상동,,41,1998-12-01
4717014200,경상북도,안동시,수하동,,42,1998-12-01
4717025000,경상북도,안동시,풍산읍,,43,1995-01-01
4717025021,경상북도,안동시,풍산읍,안교리,1,1995-01-01
4717025022,경상북도,안동시,풍산읍,상리리,2,1995-01-01
4717025023,경상북도,안동시,풍산읍,하리리,3,1995-01-01
4717025024,경상북도,안동시,풍산읍,마애리,4,1995-01-01
4717025025,경상북도,안동시,풍산읍,수리,5,1995-01-01
4717025026,경상북도,안동시,풍산읍,회곡리,6,1995-01-01
4717025027,경상북도,안동시,풍산읍,계평리,7,1995-01-01
4717025028,경상북도,안동시,풍산읍,막곡리,8,1995-01-01
4717025029,경상북도,안동시,풍산읍,수곡리,9,1995-01-01
4717025030,경상북도,안동시,풍산읍,노리,10,1995-01-01
4717025031,경상북도,안동시,풍산읍,죽전리,11,1995-01-01
4717025032,경상북도,안동시,풍산읍,만운리,12,1995-01-01
4717025033,경상북도,안동시,풍산읍,서미리,13,1995-01-01
4717025034,경상북도,안동시,풍산읍,신양리,14,1995-01-01
4717025035,경상북도,안동시,풍산읍,현애리,15,1995-01-01
4717025036,경상북도,안동시,풍산읍,오미리,16,1995-01-01
4717025037,경상북도,안동시,풍산읍,괴정리,17,1995-01-01
4717025038,경상북도,안동시,풍산읍,매곡리,18,1995-01-01
4717025039,경상북도,안동시,풍산읍,소산리,19,1995-01-01
4717031000,경상북도,안동시,와룡면,,44,1995-01-01
4717031021,경상북도,안동시,와룡면,중가구리,1,1995-01-01
4717031022,경상북도,안동시,와룡면,가구리,2,1995-01-01
4717031023,경상북도,안동시,와룡면,산야리,3,1995-01-01
4717031024,경상북도,안동시,와룡면,주계리,4,1995-01-01
4717031025,경상북도,안동시,와룡면,가야리,5,1995-01-01
4717031026,경상북도,안동시,와룡면,지내리,6,1995-01-01
4717031027,경상북도,안동시,와룡면,태리,7,1995-01-01
4717031028,경상북도,안동시,와룡면,서지리,8,1995-01-01
4717031029,경상북도,안동시,와룡면,이하리,9,1995-01-01
4717031030,경상북도,안동시,와룡면,이상리,10,1995-01-01
4717031031,경상북도,안동시,와룡면,주하리,11,1995-01-01
4717031032,경상북도,안동시,와룡면,감애리,12,1995-01-01
4717031033,경상북도,안동시,와룡면,서현리,13,1995-01-01
4717031034,경상북도,안동시,와룡면,라소리,14,1995-01-01
4717031035,경상북도,안동시,와룡면,가류리,15,1995-01-01
4717031036,경상북도,안동시,와룡면,도곡리,16,1995-01-01
4717031037,경상북도,안동시,와룡면,절강리,17,1995-01-01
4717031038,경상북도,안동시,와룡면,오천리,18,1995-01-01
4717032000,경상북도,안동시,북후면,,45,1995-01-01
4717032021,경상북도,안동시,북후면,옹천리,1,1995-01-01
4717032022,경상북도,안동시,북후면,장기리,2,1995-01-01
4717032023,경상북도,안동시,북후면,도촌리,3,1995-01-01
4717032024,경상북도,안동시,북후면,오산리,4,1995-01-01
4717032025,경상북도,안동시,북후면,도진리,5,1995-01-01
4717032026,경상북도,안동시,북후면,물한리,6,1995-01-01
4717032027,경상북도,안동시,북후면,연곡리,7,1995-01-01
4717032028,경상북도,안동시,북후면,두산리,8,1995-01-01
4717032029,경상북도,안동시,북후면,신전리,9,1995-01-01
4717032030,경상북도,안동시,북후면,월전리,10,1995-01-01
4717032031,경상북도,안동시,북후면,석탑리,11,1995-01-01
4717032032,경상북도,안동시,북후면,대현리,12,1995-01-01
4717033000,경상북도,안동시,서후면,,46,1995-01-01
4717033021,경상북도,안동시,서후면,광평리,1,1995-01-01
4717033022,경상북도,안동시,서후면,저전리,2,1995-01-01
4717033023,경상북도,안동시,서후면,태장리,3,1995-01-01
4717033024,경상북도,안동시,서후면,이송천리,4,1995-01-01
4717033025,경상북도,안동시,서후면,금계리,5,1995-01-01
4717033026,경상북도,안동시,서후면,성곡리,6,1995-01-01
4717033027,경상북도,안동시,서후면,이개리,7,1995-01-01
4717033028,경상북도,안동시,서후면,교리,8,1995-01-01
4717033029,경상북도,안동시,서후면,명리,9,1995-01-01
4717033030,경상북도,안동시,서후면,대두서리,10,1995-01-01
4717033032,경상북도,안동시,서후면,재품리,11,2017-03-03
4717034000,경상북도,안동시,풍천면,,47,1995-01-01
4717034021,경상북도,안동시,풍천면,갈전리,1,1995-01-01
4717034022,경상북도,안동시,풍천면,도양리,2,1995-01-01
4717034023,경상북도,안동시,풍천면,구담리,3,1995-01-01
4717034024,경상북도,안동시,풍천면,광덕리,4,1995-01-01
4717034025,경상북도,안동시,풍천면,기산리,5,1995-01-01
4717034026,경상북도,안동시,풍천면,신성리,6,1995-01-01
4717034027,경상북도,안동시,풍천면,금계리,7,1995-01-01
4717034028,경상북도,안동시,풍천면,구호리,8,1995-01-01
4717034029,경상북도,안동시,풍천면,어담리,9,1995-01-01
4717034030,경상북도,안동시,풍천면,인금리,10,1995-01-01
4717034031,경상북도,안동시,풍천면,가곡리,11,1995-01-01
4717034032,경상북도,안동시,풍천면,병산리,12,1995-01-01
4717034033,경상북도,안동시,풍천면,하회리,13,1995-01-01
4717035000,경상북도,안동시,일직면,,48,1995-01-01
4717035021,경상북도,안동시,일직면,귀미리,1,1995-01-01
4717035022,경상북도,안동시,일직면,구천리,2,1995-01-01
4717035023,경상북도,안동시,일직면,망호리,3,1995-01-01
4717035024,경상북도,안동시,일직면,원리,4,1995-01-01
4717035025,경상북도,안동시,일직면,광연리,5,1995-01-01
4717035026,경상북도,안동시,일직면,명진리,6,1995-01-01
4717035027,경상북도,안동시,일직면,평팔리,7,1995-01-01
4717035028,경상북도,안동시,일직면,용각리,8,1995-01-01
4717035029,경상북도,안동시,일직면,국곡리,9,1995-01-01
4717035030,경상북도,안동시,일직면,조탑리,10,1995-01-01
4717035031,경상북도,안동시,일직면,송리리,11,1995-01-01
4717035032,경상북도,안동시,일직면,원호리,12,1995-01-01
4717035033,경상북도,안동시,일직면,운산리,13,1995-01-01
4717036000,경상북도,안동시,남후면,,49,1995-01-01
4717036021,경상북도,안동시,남후면,광음리,1,1995-01-01
4717036022,경상북도,안동시,남후면,무릉리,2,1995-01-01
4717036023,경상북도,안동시,남후면,개곡리,3,1995-01-01
4717036024,경상북도,안동시,남후면,검암리,4,1995-01-01
4717036025,경상북도,안동시,남후면,고하리,5,1995-01-01
4717036026,경상북도,안동시,남후면,고상리,6,1995-01-01
4717036027,경상북도,안동시,남후면,상아리,7,1995-01-01
4717036028,경상북도,안동시,남후면,하아리,8,1995-01-01
4717036029,경상북도,안동시,남후면,단호리,9,1995-01-01
4717037000,경상북도,안동시,남선면,,50,1995-01-01
4717037021,경상북도,안동시,남선면,이천리,1,1995-01-01
4717037022,경상북도,안동시,남선면,신석리,2,1995-01-01
4717037023,경상북도,안동시,남선면,구미리,3,1995-01-01
4717037024,경상북도,안동시,남선면,신흥리,4,1995-01-01
4717037025,경상북도,안동시,남선면,도로리,5,1995-01-01
4717037026,경상북도,안동시,남선면,현내리,6,1995-01-01
4717037027,경상북도,안동시,남선면,원림리,7,1995-01-01
4717037028,경상북도,안동시,남선면,외하리,8,1995-01-01
4717038000,경상북도,안동시,임하면,,51,1995-01-01
4717038021,경상북도,안동시,임하면,임하리,1,1995-01-01
4717038022,경상북도,안동시,임하면,천전리,2,1995-01-01
4717038023,경상북도,안동시,임하면,추목리,3,1995-01-01
4717038024,경상북도,안동시,임하면,신덕리,4,1995-01-01
4717038025,경상북도,안동시,임하면,금소리,5,1995-01-01
4717038026,경상북도,안동시,임하면,고곡리,6,1995-01-01
4717038027,경상북도,안동시,임하면,오대리,7,1995-01-01
4717038028,경상북도,안동시,임하면,노산리,8,1995-01-01
4717039000,경상북도,안동시,길안면,,52,1995-01-01
4717039021,경상북도,안동시,길안면,천지리,1,1995-01-01
4717039022,경상북도,안동시,길안면,만음리,2,1995-01-01
4717039023,경상북도,안동시,길안면,백자리,3,1995-01-01
4717039024,경상북도,안동시,길안면,금곡리,4,1995-01-01
4717039025,경상북도,안동시,길안면,송사리,5,1995-01-01
4717039026,경상북도,안동시,길안면,대사리,6,1995-01-01
4717039027,경상북도,안동시,길안면,고란리,7,1995-01-01
4717039028,경상북도,안동시,길안면,묵계리,8,1995-01-01
4717039029,경상북도,안동시,길안면,구수리,9,1995-01-01
4717039030,경상북도,안동시,길안면,배방리,10,1995-01-01
4717039031,경상북도,안동시,길안면,용계리,11,1995-01-01
4717039032,경상북도,안동시,길안면,대곡리,12,1995-01-01
4717039033,경상북도,안동시,길안면,현하리,13,1995-01-01
4717040000,경상북도,안동시,임동면,,53,1995-01-01
4717040021,경상북도,안동시,임동면,중평리,1,1995-01-01
4717040022,경상북도,안동시,임동면,수곡리,2,1995-01-01
4717040023,경상북도,안동시,임동면,고천리,3,1995-01-01
4717040024,경상북도,안동시,임동면,갈전리,4,1995-01-01
4717040025,경상북도,안동시,임동면,마령리,5,1995-01-01
4717040026,경상북도,안동시,임동면,위리,6,1995-01-01
4717040027,경상북도,안동시,임동면,대곡리,7,1995-01-01
4717040028,경상북도,안동시,임동면,박곡리,8,1995-01-01
4717040029,경상북도,안동시,임동면,마리,9,1995-01-01
4717040030,경상북도,안동시,임동면,사월리,10,1995-01-01
4717040031,경상북도,안동시,임동면,지리,11,1995-01-01
4717040032,경상북도,안동시,임동면,망천리,12,1995-01-01
4717041000,경상북도,안동시,예안면,,54,1995-01-01
4717041021,경상북도,안동시,예안면,천전리,1,1995-01-01
4717041022,경상북도,안동시,예안면,부포리,2,1995-01-01
4717041023,경상북도,안동시,예안면,귀단리,3,1995-01-01
4717041024,경상북도,안동시,예안면,태곡리,4,1995-01-01
4717041025,경상북도,안동시,예안면,인계리,5,1995-01-01
4717041026,경상북도,안동시,예안면,삼계리,6,1995-01-01
4717041027,경상북도,안동시,예안면,도촌리,7,1995-01-01
4717041028,경상북도,안동시,예안면,동천리,8,1995-01-01
4717041029,경상북도,안동시,예안면,신남리,9,1995-01-01
4717041030,경상북도,안동시,예안면,기사리,10,1995-01-01
4717041031,경상북도,안동시,예안면,도목리,11,1995-01-01
4717041032,경상북도,안동시,예안면,주진리,12,1995-01-01
4717041033,경상북도,안동시,예안면,계곡리,13,1995-01-01
4717041034,경상북도,안동시,예안면,정산리,14,1995-01-01
4717041035,경상북도,안동시,예안면,구룡리,15,1995-01-01
4717041036,경상북도,안동시,예안면,미질리,16,1995-01-01
4717042000,경상북도,안동시,도산면,,55,1995-01-01
4717042021,경상북도,안동시,도산면,토계리,1,1995-01-01
4717042022,경상북도,안동시,도산면,분천리,2,1995-01-01
4717042023,경상북도,안동시,도산면,의촌리,3,1995-01-01
4717042024,경상북도,안동시,도산면,원천리,4,1995-01-01
4717042025,경상북도,안동시,도산면,단천리,5,1995-01-01
4717042026,경상북도,안동시,도산면,가송리,6,1995-01-01
4717042027,경상북도,안동시,도산면,태자리,7,1995-01-01
4717042028,경상북도,안동시,도산면,온혜리,8,1995-01-01
4717042029,경상북도,안동시,도산면,운곡리,9,1995-01-01
4717042030,경상북도,안동시,도산면,의일리,10,1995-01-01
4717042031,경상북도,안동시,도산면,동부리,11,1995-01-01
4717042032,경상북도,안동시,도산면,서부리,12,1995-01-01
4717042033,경상북도,안동시,도산면,선양리,13,1995-01-01
4717043000,경상북도,안동시,녹전면,,56,1995-01-01
4717043021,경상북도,안동시,녹전면,신평리,1,1995-01-01
4717043022,경상북도,안동시,녹전면,갈현리,2,1995-01-01
4717043023,경상북도,안동시,녹전면,매정리,3,1995-01-01
4717043024,경상북도,안동시,녹전면,원천리,4,1995-01-01
4717043025,경상북도,안동시,녹전면,사천리,5,1995-01-01
4717043026,경상북도,안동시,녹전면,녹래리,6,1995-01-01
4717043027,경상북도,안동시,녹전면,죽송리,7,1995-01-01
4717043028,경상북도,안동시,녹전면,구송리,8,1995-01-01
4717043029,경상북도,안동시,녹전면,사신리,9,1995-01-01
4717043030,경상북도,안동시,녹전면,서삼리,10,1995-01-01
4719000000,경상북도,구미시,,,7,1988-04-23
4719010100,경상북도,구미시,원평동,,1,1988-04-23
4719010200,경상북도,구미시,지산동,,2,1995-03-01
4719010300,경상북도,구미시,도량동,,3,1995-03-01
4719010400,경상북도,구미시,봉곡동,,4,1988-04-23
4719010500,경상북도,구미시,부곡동,,5,1988-04-23
4719010600,경상북도,구미시,선기동,,6,1988-04-23
4719010700,경상북도,구미시,수점동,,7,1988-04-23
4719010800,경상북도,구미시,남통동,,8,1999-03-02
4719010900,경상북도,구미시,형곡동,,9,1995-03-01
4719011000,경상북도,구미시,송정동,,10,1988-04-23
4719011100,경상북도,구미시,신평동,,11,1988-04-23
4719011200,경상북도,구미시,비산동,,12,1988-04-23
4719011300,경상북도,구미시,공단동,,13,1988-04-23
4719011400,경상북도,구미시,광평동,,14,1988-04-23
4719011500,경상북도,구미시,사곡동,,15,1988-04-23
4719011600,경상북도,구미시,상모동,,16,1988-04-23
4719011700,경상북도,구미시,임은동,,17,1991-08-06
4719011800,경상북도,구미시,오태동,,18,1988-04-23
4719011900,경상북도,구미시,신동,,19,1988-04-23
4719012000,경상북도,구미시,구평동,,20,1988-04-23
4719012100,경상북도,구미시,황상동,,21,1988-04-23
4719012200,경상북도,구미시,인의동,,22,1988-04-23
4719012300,경상북도,구미시,진평동,,23,1988-04-23
4719012400,경상북도,구미시,시미동,,24,1988-04-23
4719012500,경상북도,구미시,임수동,,25,1988-04-23
4719012600,경상북도,구미시,양호동,,26,1995-03-01
4719012700,경상북도,구미시,거의동,,27,1988-04-23
4719012800,경상북도,구미시,옥계동,,28,1988-04-23
4719012900,경상북도,구미시,구포동,,29,1988-04-23
4719013000,경상북도,구미시,금전동,,30,1988-04-23
4719025000,경상북도,구미시,선산읍,,31,1995-01-01
4719025021,경상북도,구미시,선산읍,완전리,1,1995-01-01
4719025022,경상북도,구미시,선산읍,동부리,2,1995-01-01
4719025023,경상북도,구미시,선산읍,노상리,3,1995-01-01
4719025024,경상북도,구미시,선산읍,이문리,4,1995-01-01
4719025025,경상북도,구미시,선산읍,죽장리,5,1995-01-01
4719025026,경상북도,구미시,선산읍,내고리,6,1995-01-01
4719025027,경상북도,구미시,선산읍,북산리,7,1995-01-01
4719025028,경상북도,구미시,선산읍,습례리,8,1995-01-01
4719025029,경상북도,구미시,선산읍,교리,9,1995-01-01
4719025030,경상북도,구미시,선산읍,화조리,10,1995-01-01
4719025031,경상북도,구미시,선산읍,원리,11,1995-01-01
4719025032,경상북도,구미시,선산읍,독동리,12,1995-01-01
4719025033,경상북도,구미시,선산읍,생곡리,13,1995-01-01
4719025034,경상북도,구미시,선산읍,신기리,14,1995-01-01
4719025035,경상북도,구미시,선산읍,봉곡리,15,1995-01-01
4719025036,경상북도,구미시,선산읍,포상리,16,1995-01-01
4719025037,경상북도,구미시,선산읍,소재리,17,1995-01-01
4719025038,경상북도,구미시,선산읍,봉남리,18,1995-01-01
4719025300,경상북도,구미시,고아읍,,32,1997-11-01
4719025321,경상북도,구미시,고아읍,관심리,1,1997-11-01
4719025322,경상북도,구미시,고아읍,이례리,2,1997-11-01
4719025323,경상북도,구미시,고아읍,오로리,3,1997-11-01
4719025324,경상북도,구미시,고아읍,대망리,4,1997-11-01
4719025325,경상북도,구미시,고아읍,파산리,5,1997-11-01
4719025326,경상북도,구미시,고아읍,신촌리,6,1997-11-01
4719025327,경상북도,구미시,고아읍,황산리,7,1997-11-01
4719025328,경상북도,구미시,고아읍,횡산리,8,1997-11-01
4719025329,경상북도,구미시,고아읍,외예리,9,1997-11-01
4719025330,경상북도,구미시,고아읍,내예리,10,1997-11-01
4719025331,경상북도,구미시,고아읍,원호리,11,1997-11-01
4719025332,경상북도,구미시,고아읍,문성리,12,1997-11-01
4719025333,경상북도,구미시,고아읍,다식리,13,1997-11-01
4719025334,경상북도,구미시,고아읍,괴평리,14,1997-11-01
4719025335,경상북도,구미시,고아읍,송림리,15,1997-11-01
4719025336,경상북도,구미시,고아읍,봉한리,16,1997-11-01
4719025337,경상북도,구미시,고아읍,항곡리,17,1997-11-01
4719025338,경상북도,구미시,고아읍,예강리,18,1997-11-01
4719025600,경상북도,구미시,산동읍,,37,2021-01-12
4719025621,경상북도,구미시,산동읍,동곡리,1,2021-01-12
4719025622,경상북도,구미시,산동읍,도중리,2,2021-01-12
4719025623,경상북도,구미시,산동읍,적림리,3,2021-01-12
4719025624,경상북도,구미시,산동읍,성수리,4,2021-01-12
4719025625,경상북도,구미시,산동읍,신당리,5,2021-01-12
4719025626,경상북도,구미시,산동읍,봉산리,6,2021-01-12
4719025627,경상북도,구미시,산동읍,임천리,7,2021-01-12
4719025628,경상북도,구미시,산동읍,인덕리,8,2021-01-12
4719025629,경상북도,구미시,산동읍,백현리,9,2021-01-12
4719025630,경상북도,구미시,산동읍,송산리,10,2021-01-12
4719031000,경상북도,구미시,무을면,,33,1995-01-01
4719031021,경상북도,구미시,무을면,송삼리,1,1995-01-01
4719031022,경상북도,구미시,무을면,무수리,2,1995-01-01
4719031023,경상북도,구미시,무을면,오가리,3,1995-01-01
4719031024,경상북도,구미시,무을면,상송리,4,1995-01-01
4719031025,경상북도,구미시,무을면,안곡리,5,1995-01-01
4719031026,경상북도,구미시,무을면,무등리,6,1995-01-01
4719031027,경상북도,구미시,무을면,원리,7,1995-01-01
4719031028,경상북도,구미시,무을면,백자리,8,1995-01-01
4719031029,경상북도,구미시,무을면,웅곡리,9,1995-01-01
4719031030,경상북도,구미시,무을면,무이리,10,1995-01-01
4719032000,경상북도,구미시,옥성면,,34,1995-01-01
4719032021,경상북도,구미시,옥성면,초곡리,1,1995-01-01
4719032022,경상북도,구미시,옥성면,농소리,2,1995-01-01
4719032023,경상북도,구미시,옥성면,주아리,3,1995-01-01
4719032024,경상북도,구미시,옥성면,구봉리,4,1995-01-01
4719032025,경상북도,구미시,옥성면,옥관리,5,1995-01-01
4719032026,경상북도,구미시,옥성면,산촌리,6,1995-01-01
4719032027,경상북도,구미시,옥성면,태봉리,7,1995-01-01
4719032028,경상북도,구미시,옥성면,덕촌리,8,1995-01-01
4719032029,경상북도,구미시,옥성면,대원리,9,1995-01-01
4719033000,경상북도,구미시,도개면,,35,1995-01-01
4719033021,경상북도,구미시,도개면,가산리,1,1995-01-01
4719033022,경상북도,구미시,도개면,동산리,2,1995-01-01
4719033023,경상북도,구미시,도개면,월림리,3,1995-01-01
4719033024,경상북도,구미시,도개면,신곡리,4,1995-01-01
4719033025,경상북도,구미시,도개면,궁기리,5,1995-01-01
4719033026,경상북도,구미시,도개면,신림리,6,1995-01-01
4719033027,경상북도,구미시,도개면,도개리,7,1995-01-01
4719033028,경상북도,구미시,도개면,다곡리,8,1995-01-01
4719033029,경상북도,구미시,도개면,용산리,9,1995-01-01
4719034000,경상북도,구미시,해평면,,36,1995-01-01
4719034021,경상북도,구미시,해평면,낙성리,1,1995-01-01
4719034022,경상북도,구미시,해평면,해평리,2,1995-01-01
4719034023,경상북도,구미시,해평면,오상리,3,1995-01-01
4719034024,경상북도,구미시,해평면,문량리,4,1995-01-01
4719034025,경상북도,구미시,해평면,괴곡리,5,1995-01-01
4719034026,경상북도,구미시,해평면,금산리,6,1995-01-01
4719034027,경상북도,구미시,해평면,도문리,7,1995-01-01
4719034028,경상북도,구미시,해평면,월호리,8,1995-01-01
4719034029,경상북도,구미시,해평면,금호리,9,1995-01-01
4719034030,경상북도,구미시,해평면,창림리,10,1995-01-01
4719034031,경상북도,구미시,해평면,송곡리,11,1995-01-01
4719034032,경상북도,구미시,해평면,산양리,12,1995-01-01
4719034033,경상북도,구미시,해평면,월곡리,13,1995-01-01
4719034034,경상북도,구미시,해평면,낙산리,14,1995-01-01
4719034035,경상북도,구미시,해평면,일선리,15,1995-01-01
4719036000,경상북도,구미시,장천면,,38,1995-01-01
4719036021,경상북도,구미시,장천면,상장리,1,1995-01-01
4719036022,경상북도,구미시,장천면,하장리,2,1995-01-01
4719036023,경상북도,구미시,장천면,상림리,3,1995-01-01
4719036024,경상북도,구미시,장천면,금산리,4,1995-01-01
4719036025,경상북도,구미시,장천면,오로리,5,1995-01-01
4719036026,경상북도,구미시,장천면,묵어리,6,1995-01-01
4719036027,경상북도,구미시,장천면,여남리,7,1995-01-01
4719036028,경상북도,구미시,장천면,명곡리,8,1995-01-01
4719036029,경상북도,구미시,장천면,신장리,9,1995-01-01
4721000000,경상북도,영주시,,,8,1988-04-23
4721010100,경상북도,영주시,영주동,,1,1988-04-23
4721010200,경상북도,영주시,상망동,,2,1988-04-23
4721010300,경상북도,영주시,하망동,,3,1998-10-15
4721010400,경상북도,영주시,휴천동,,4,1988-04-23
4721010500,경상북도,영주시,가흥동,,5,1988-04-23
4721010600,경상북도,영주시,문정동,,6,1988-04-23
4721010700,경상북도,영주시,고현동,,7,1988-04-23
4721010800,경상북도,영주시,창진동,,8,1988-04-23
4721010900,경상북도,영주시,상줄동,,9,1988-04-23
4721011000,경상북도,영주시,조와동,,10,1988-04-23
4721011100,경상북도,영주시,조암동,,11,1988-04-23
4721011200,경상북도,영주시,적서동,,12,1988-04-23
4721011300,경상북도,영주시,아지동,,13,1988-04-23
4721025000,경상북도,영주시,풍기읍,,14,1995-01-01
4721025021,경상북도,영주시,풍기읍,성내리,1,1995-01-01
4721025022,경상북도,영주시,풍기읍,동부리,2,1995-01-01
4721025023,경상북도,영주시,풍기읍,산법리,3,1995-01-01
4721025024,경상북도,영주시,풍기읍,미곡리,4,1995-01-01
4721025025,경상북도,영주시,풍기읍,삼가리,5,1995-01-01
4721025026,경상북도,영주시,풍기읍,욱금리,6,1995-01-01
4721025027,경상북도,영주시,풍기읍,금계리,7,1995-01-01
4721025028,경상북도,영주시,풍기읍,교촌리,8,1995-01-01
4721025029,경상북도,영주시,풍기읍,서부리,9,1995-01-01
4721025030,경상북도,영주시,풍기읍,백리,10,1995-01-01
4721025031,경상북도,영주시,풍기읍,백신리,11,1995-01-01
4721025032,경상북도,영주시,풍기읍,창락리,12,1995-01-01
4721025033,경상북도,영주시,풍기읍,수철리,13,1995-01-01
4721025034,경상북도,영주시,풍기읍,전구리,14,1995-01-01
4721031000,경상북도,영주시,이산면,,15,1995-01-01
4721031021,경상북도,영주시,이산면,원리,1,1995-01-01
4721031022,경상북도,영주시,이산면,신암리,2,1995-01-01
4721031023,경상북도,영주시,이산면,지동리,3,1995-01-01
4721031024,경상북도,영주시,이산면,석포리,4,1995-01-01
4721031025,경상북도,영주시,이산면,용상리,5,1995-01-01
4721031026,경상북도,영주시,이산면,신천리,6,1995-01-01
4721031027,경상북도,영주시,이산면,운문리,7,1995-01-01
4721031028,경상북도,영주시,이산면,내림리,8,1995-01-01
4721031029,경상북도,영주시,이산면,두월리,9,1995-01-01
4721032000,경상북도,영주시,평은면,,16,1995-01-01
4721032021,경상북도,영주시,평은면,강동리,1,1995-01-01
4721032022,경상북도,영주시,평은면,지곡리,2,1995-01-01
4721032023,경상북도,영주시,평은면,오운리,3,1995-01-01
4721032024,경상북도,영주시,평은면,천본리,4,1995-01-01
4721032025,경상북도,영주시,평은면,금광리,5,1995-01-01
4721032026,경상북도,영주시,평은면,용혈리,6,1995-01-01
4721032027,경상북도,영주시,평은면,평은리,7,1995-01-01
4721033000,경상북도,영주시,문수면,,17,1995-01-01
4721033021,경상북도,영주시,문수면,승문리,1,1995-01-01
4721033022,경상북도,영주시,문수면,만방리,2,1995-01-01
4721033023,경상북도,영주시,문수면,적동리,3,1995-01-01
4721033024,경상북도,영주시,문수면,권선리,4,1995-01-01
4721033025,경상북도,영주시,문수면,월호리,5,1995-01-01
4721033027,경상북도,영주시,문수면,탄산리,7,1995-01-01
4721033028,경상북도,영주시,문수면,조제리,8,1995-01-01
4721033029,경상북도,영주시,문수면,수도리,9,1995-01-01
4721033030,경상북도,영주시,문수면,대양리,0,2008-10-16
4721034000,경상북도,영주시,장수면,,18,1995-01-01
4721034021,경상북도,영주시,장수면,반구리,1,1995-01-01
4721034022,경상북도,영주시,장수면,두전리,2,1995-01-01
4721034023,경상북도,영주시,장수면,갈산리,3,1995-01-01
4721034024,경상북도,영주시,장수면,성곡리,4,1995-01-01
4721034025,경상북도,영주시,장수면,화기리,5,1995-01-01
4721034026,경상북도,영주시,장수면,소룡리,6,1995-01-01
4721034027,경상북도,영주시,장수면,호문리,7,1995-01-01
4721034028,경상북도,영주시,장수면,파지리,8,1995-01-01
4721035000,경상북도,영주시,안정면,,19,1995-01-01
4721035021,경상북도,영주시,안정면,신전리,1,1995-01-01
4721035022,경상북도,영주시,안정면,생현리,2,1995-01-01
4721035023,경상북도,영주시,안정면,봉암리,3,1995-01-01
4721035024,경상북도,영주시,안정면,용산리,4,1995-01-01
4721035025,경상북도,영주시,안정면,여륵리,5,1995-01-01
4721035026,경상북도,영주시,안정면,묵리,6,1995-01-01
4721035027,경상북도,영주시,안정면,내줄리,7,1995-01-01
4721035028,경상북도,영주시,안정면,일원리,8,1995-01-01
4721035029,경상북도,영주시,안정면,안심리,9,1995-01-01
4721035030,경상북도,영주시,안정면,옹암리,10,1995-01-01
4721035031,경상북도,영주시,안정면,단촌리,11,1995-01-01
4721035032,경상북도,영주시,안정면,대평리,12,1995-01-01
4721035033,경상북도,영주시,안정면,오계리,13,1995-01-01
4721035034,경상북도,영주시,안정면,동촌리,14,1995-01-01
4721036000,경상북도,영주시,봉현면,,20,1995-01-01
4721036021,경상북도,영주시,봉현면,두산리,1,1995-01-01
4721036022,경상북도,영주시,봉현면,오현리,2,1995-01-01
4721036023,경상북도,영주시,봉현면,대촌리,3,1995-01-01
4721036024,경상북도,영주시,봉현면,한천리,4,1995-01-01
4721036025,경상북도,영주시,봉현면,유전리,5,1995-01-01
4721036026,경상북도,영주시,봉현면,노좌리,6,1995-01-01
4721036027,경상북도,영주시,봉현면,하촌리,7,1995-01-01
4721037000,경상북도,영주시,순흥면,,21,1995-01-01
4721037021,경상북도,영주시,순흥면,태장리,1,1995-01-01
4721037022,경상북도,영주시,순흥면,지동리,2,1995-01-01
4721037023,경상북도,영주시,순흥면,석교리,3,1995-01-01
4721037024,경상북도,영주시,순흥면,읍내리,4,1995-01-01
4721037025,경상북도,영주시,순흥면,내죽리,5,1995-01-01
4721037026,경상북도,영주시,순흥면,청구리,6,1995-01-01
4721037027,경상북도,영주시,순흥면,배점리,7,1995-01-01
4721037028,경상북도,영주시,순흥면,덕현리,8,1995-01-01
4721038000,경상북도,영주시,단산면,,22,1995-01-01
4721038021,경상북도,영주시,단산면,동원리,1,1995-01-01
4721038022,경상북도,영주시,단산면,사천리,2,1995-01-01
4721038023,경상북도,영주시,단산면,구구리,3,1995-01-01
4721038024,경상북도,영주시,단산면,병산리,4,1995-01-01
4721038025,경상북도,영주시,단산면,옥대리,5,1995-01-01
4721038026,경상북도,영주시,단산면,단곡리,6,1995-01-01
4721038027,경상북도,영주시,단산면,좌석리,7,1995-01-01
4721038028,경상북도,영주시,단산면,마락리,8,1995-01-01
4721039000,경상북도,영주시,부석면,,23,1995-01-01
4721039021,경상북도,영주시,부석면,남대리,1,1995-01-01
4721039022,경상북도,영주시,부석면,북지리,2,1995-01-01
4721039023,경상북도,영주시,부석면,임곡리,3,1995-01-01
4721039024,경상북도,영주시,부석면,소천리,4,1995-01-01
4721039025,경상북도,영주시,부석면,노곡리,5,1995-01-01
4721039026,경상북도,영주시,부석면,용암리,6,1995-01-01
4721039027,경상북도,영주시,부석면,우곡리,7,1995-01-01
4721039028,경상북도,영주시,부석면,상석리,8,1995-01-01
4721039029,경상북도,영주시,부석면,감곡리,9,1995-01-01
4721039030,경상북도,영주시,부석면,보계리,10,1995-01-01
4723000000,경상북도,영천시,,,9,1988-04-23
4723010100,경상북도,영천시,조교동,,1,1988-04-23
4723010200,경상북도,영천시,망정동,,2,1988-04-23
4723010300,경상북도,영천시,야사동,,3,1988-04-23
4723010400,경상북도,영천시,문내동,,4,1988-04-23
4723010500,경상북도,영천시,문외동,,5,1988-04-23
4723010600,경상북도,영천시,창구동,,6,1988-04-23
4723010700,경상북도,영천시,교촌동,,7,1998-10-20
4723010800,경상북도,영천시,과전동,,8,1988-04-23
4723010900,경상북도,영천시,성내동,,9,1998-10-20
4723011000,경상북도,영천시,화룡동,,10,1998-10-20
4723011100,경상북도,영천시,도동,,11,1998-10-20
4723011200,경상북도,영천시,금노동,,12,1998-10-20
4723011300,경상북도,영천시,완산동,,13,1988-04-23
4723011400,경상북도,영천시,범어동,,14,1998-10-20
4723011500,경상북도,영천시,작산동,,15,1998-10-20
4723011600,경상북도,영천시,봉동,,16,1998-10-20
4723011700,경상북도,영천시,본촌동,,17,1998-10-20
4723011800,경상북도,영천시,채신동,,18,1998-10-20
4723011900,경상북도,영천시,괴연동,,19,1998-10-20
4723012000,경상북도,영천시,대전동,,20,1998-10-20
4723012100,경상북도,영천시,녹전동,,21,1998-10-20
4723012200,경상북도,영천시,도림동,,22,1998-10-20
4723012300,경상북도,영천시,오미동,,23,1998-10-20
4723012400,경상북도,영천시,오수동,,24,1998-10-20
4723012500,경상북도,영천시,쌍계동,,25,1998-10-20
4723012600,경상북도,영천시,도남동,,26,1998-10-20
4723012700,경상북도,영천시,매산동,,27,1998-10-20
4723012800,경상북도,영천시,언하동,,28,1988-04-23
4723012900,경상북도,영천시,신기동,,29,1989-01-01
4723013000,경상북도,영천시,서산동,,30,1998-10-20
4723025000,경상북도,영천시,금호읍,,31,1995-01-01
4723025021,경상북도,영천시,금호읍,교대리,1,1995-01-01
4723025022,경상북도,영천시,금호읍,덕성리,2,1995-01-01
4723025023,경상북도,영천시,금호읍,성천리,3,1995-01-01
4723025024,경상북도,영천시,금호읍,대미리,4,1995-01-01
4723025025,경상북도,영천시,금호읍,석섬리,5,1995-01-01
4723025026,경상북도,영천시,금호읍,원제리,6,1995-01-01
4723025027,경상북도,영천시,금호읍,냉천리,7,1995-01-01
4723025028,경상북도,영천시,금호읍,신월리,8,1995-01-01
4723025029,경상북도,영천시,금호읍,봉죽리,9,1995-01-01
4723025030,경상북도,영천시,금호읍,관정리,10,1995-01-01
4723025031,경상북도,영천시,금호읍,구암리,11,1995-01-01
4723025032,경상북도,영천시,금호읍,약남리,12,1995-01-01
4723025033,경상북도,영천시,금호읍,대곡리,13,1995-01-01
4723025034,경상북도,영천시,금호읍,호남리,14,1995-01-01
4723025035,경상북도,영천시,금호읍,어은리,15,1995-01-01
4723025036,경상북도,영천시,금호읍,오계리,16,1995-01-01
4723025037,경상북도,영천시,금호읍,원기리,17,1995-01-01
4723025038,경상북도,영천시,금호읍,신대리,18,1995-01-01
4723025039,경상북도,영천시,금호읍,남성리,19,1995-01-01
4723025040,경상북도,영천시,금호읍,삼호리,20,1995-01-01
4723025041,경상북도,영천시,금호읍,황정리,21,1995-01-01
4723031000,경상북도,영천시,청통면,,32,1995-01-01
4723031021,경상북도,영천시,청통면,호당리,1,1995-01-01
4723031022,경상북도,영천시,청통면,우천리,2,1995-01-01
4723031023,경상북도,영천시,청통면,보성리,3,1995-01-01
4723031024,경상북도,영천시,청통면,신덕리,4,1995-01-01
4723031025,경상북도,영천시,청통면,대평리,5,1995-01-01
4723031026,경상북도,영천시,청통면,죽정리,6,1995-01-01
4723031027,경상북도,영천시,청통면,송천리,7,1995-01-01
4723031028,경상북도,영천시,청통면,원촌리,8,1995-01-01
4723031029,경상북도,영천시,청통면,신학리,9,1995-01-01
4723031030,경상북도,영천시,청통면,치일리,10,1995-01-01
4723031031,경상북도,영천시,청통면,애련리,11,1995-01-01
4723031032,경상북도,영천시,청통면,계포리,12,1995-01-01
4723031033,경상북도,영천시,청통면,계지리,13,1995-01-01
4723031034,경상북도,영천시,청통면,신원리,14,1995-01-01
4723031035,경상북도,영천시,청통면,용천리,15,1995-01-01
4723032000,경상북도,영천시,신녕면,,33,1995-01-01
4723032021,경상북도,영천시,신녕면,치산리,1,1995-01-01
4723032022,경상북도,영천시,신녕면,부산리,2,1995-01-01
4723032023,경상북도,영천시,신녕면,화서리,3,1995-01-01
4723032024,경상북도,영천시,신녕면,화남리,4,1995-01-01
4723032025,경상북도,영천시,신녕면,왕산리,5,1995-01-01
4723032026,경상북도,영천시,신녕면,매양리,6,1995-01-01
4723032027,경상북도,영천시,신녕면,화성리,7,1995-01-01
4723032028,경상북도,영천시,신녕면,완전리,8,1995-01-01
4723032029,경상북도,영천시,신녕면,신덕리,9,1995-01-01
4723032030,경상북도,영천시,신녕면,연정리,10,1995-01-01
4723032031,경상북도,영천시,신녕면,가천리,11,1995-01-01
4723033000,경상북도,영천시,화산면,,34,1995-01-01
4723033021,경상북도,영천시,화산면,연계리,1,1995-01-01
4723033022,경상북도,영천시,화산면,덕암리,2,1995-01-01
4723033023,경상북도,영천시,화산면,대안리,3,1995-01-01
4723033024,경상북도,영천시,화산면,효정리,4,1995-01-01
4723033025,경상북도,영천시,화산면,당지리,5,1995-01-01
4723033026,경상북도,영천시,화산면,화산리,6,1995-01-01
4723033027,경상북도,영천시,화산면,가상리,7,1995-01-01
4723033028,경상북도,영천시,화산면,대기리,8,1995-01-01
4723033029,경상북도,영천시,화산면,암기리,9,1995-01-01
4723033030,경상북도,영천시,화산면,삼부리,10,1995-01-01
4723033031,경상북도,영천시,화산면,석촌리,11,1995-01-01
4723033032,경상북도,영천시,화산면,당곡리,12,1995-01-01
4723033033,경상북도,영천시,화산면,유성리,13,1995-01-01
4723033034,경상북도,영천시,화산면,부계리,14,1995-01-01
4723033035,경상북도,영천시,화산면,용평리,15,1995-01-01
4723034000,경상북도,영천시,화북면,,35,1995-01-01
4723034021,경상북도,영천시,화북면,자천리,1,1995-01-01
4723034022,경상북도,영천시,화북면,옥계리,2,1995-01-01
4723034023,경상북도,영천시,화북면,입석리,3,1995-01-01
4723034024,경상북도,영천시,화북면,용소리,4,1995-01-01
4723034025,경상북도,영천시,화북면,법화리,5,1995-01-01
4723034026,경상북도,영천시,화북면,하송리,6,1995-01-01
4723034027,경상북도,영천시,화북면,상송리,7,1995-01-01
4723034028,경상북도,영천시,화북면,죽전리,8,1995-01-01
4723034029,경상북도,영천시,화북면,정각리,9,1995-01-01
4723034030,경상북도,영천시,화북면,횡계리,10,1995-01-01
4723034031,경상북도,영천시,화북면,공덕리,11,1995-01-01
4723034032,경상북도,영천시,화북면,오산리,12,1995-01-01
4723034034,경상북도,영천시,화북면,오동리,13,1995-08-21
4723035000,경상북도,영천시,화남면,,36,1995-01-01
4723035021,경상북도,영천시,화남면,금호리,1,1995-01-01
4723035022,경상북도,영천시,화남면,죽곡리,2,1995-01-01
4723035023,경상북도,영천시,화남면,신호리,3,1995-01-01
4723035024,경상북도,영천시,화남면,사천리,4,1995-01-01
4723035025,경상북도,영천시,화남면,대천리,5,1995-01-01
4723035026,경상북도,영천시,화남면,선천리,6,1995-01-01
4723035027,경상북도,영천시,화남면,삼창리,7,1995-01-01
4723035028,경상북도,영천시,화남면,귀호리,8,1995-01-01
4723035029,경상북도,영천시,화남면,안천리,9,1995-01-01
4723035030,경상북도,영천시,화남면,온천리,10,1995-01-01
4723035031,경상북도,영천시,화남면,구전리,11,1995-01-01
4723035032,경상북도,영천시,화남면,용계리,12,1995-01-01
4723035033,경상북도,영천시,화남면,월곡리,13,1995-01-01
4723036000,경상북도,영천시,자양면,,37,1995-01-01
4723036021,경상북도,영천시,자양면,보현리,1,1995-01-01
4723036022,경상북도,영천시,자양면,도일리,2,1995-01-01
4723036023,경상북도,영천시,자양면,충효리,3,1995-01-01
4723036024,경상북도,영천시,자양면,삼귀리,4,1995-01-01
4723036025,경상북도,영천시,자양면,용산리,5,1995-01-01
4723036026,경상북도,영천시,자양면,신방리,6,1995-01-01
4723036027,경상북도,영천시,자양면,노항리,7,1995-01-01
4723036028,경상북도,영천시,자양면,성곡리,8,1995-01-01
4723036029,경상북도,영천시,자양면,용화리,9,1995-01-01
4723037000,경상북도,영천시,임고면,,38,1995-01-01
4723037021,경상북도,영천시,임고면,양항리,1,1995-01-01
4723037022,경상북도,영천시,임고면,선원리,2,1995-01-01
4723037023,경상북도,영천시,임고면,덕연리,3,1995-01-01
4723037024,경상북도,영천시,임고면,삼매리,4,1995-01-01
4723037025,경상북도,영천시,임고면,평천리,5,1995-01-01
4723037026,경상북도,영천시,임고면,황강리,6,1995-01-01
4723037027,경상북도,영천시,임고면,효리,7,1995-01-01
4723037028,경상북도,영천시,임고면,금대리,8,1995-01-01
4723037029,경상북도,영천시,임고면,사리,9,1995-01-01
4723037030,경상북도,영천시,임고면,수성리,10,1995-01-01
4723037031,경상북도,영천시,임고면,우항리,11,1995-01-01
4723037032,경상북도,영천시,임고면,고천리,12,1995-01-01
4723037033,경상북도,영천시,임고면,매호리,13,1995-01-01
4723037034,경상북도,영천시,임고면,양평리,14,1995-01-01
4723038000,경상북도,영천시,고경면,,39,1995-01-01
4723038021,경상북도,영천시,고경면,단포리,1,1995-01-01
4723038022,경상북도,영천시,고경면,창하리,2,1995-01-01
4723038023,경상북도,영천시,고경면,창상리,3,1995-01-01
4723038024,경상북도,영천시,고경면,대의리,4,1995-01-01
4723038025,경상북도,영천시,고경면,대성리,5,1995-01-01
4723038026,경상북도,영천시,고경면,오류리,6,1995-01-01
4723038027,경상북도,영천시,고경면,고도리,7,1995-01-01
4723038028,경상북도,영천시,고경면,부리,8,1995-01-01
4723038029,경상북도,영천시,고경면,용전리,9,1995-01-01
4723038030,경상북도,영천시,고경면,도암리,10,1995-01-01
4723038031,경상북도,영천시,고경면,상리리,11,1995-01-01
4723038032,경상북도,영천시,고경면,학리,12,1995-01-01
4723038033,경상북도,영천시,고경면,해선리,13,1995-01-01
4723038034,경상북도,영천시,고경면,전사리,14,1995-01-01
4723038035,경상북도,영천시,고경면,동도리,15,1995-01-01
4723038036,경상북도,영천시,고경면,차당리,16,1995-01-01
4723038037,경상북도,영천시,고경면,삼귀리,17,1995-01-01
4723038038,경상북도,영천시,고경면,초일리,18,1995-01-01
4723038039,경상북도,영천시,고경면,상덕리,19,1995-01-01
4723038040,경상북도,영천시,고경면,가수리,20,1995-01-01
4723038041,경상북도,영천시,고경면,석계리,21,1995-01-01
4723038042,경상북도,영천시,고경면,삼산리,22,1995-01-01
4723038043,경상북도,영천시,고경면,삼포리,23,1995-01-01
4723038044,경상북도,영천시,고경면,오룡리,24,1995-01-01
4723038045,경상북도,영천시,고경면,덕암리,25,1995-01-01
4723038046,경상북도,영천시,고경면,청정리,26,1995-01-01
4723038047,경상북도,영천시,고경면,파계리,27,1995-01-01
4723038048,경상북도,영천시,고경면,칠전리,28,1995-01-01
4723038049,경상북도,영천시,고경면,덕정리,29,1995-01-01
4723038051,경상북도,영천시,고경면,논실리,30,1995-08-21
4723039000,경상북도,영천시,북안면,,40,1995-01-01
4723039021,경상북도,영천시,북안면,상리,1,1995-01-01
4723039022,경상북도,영천시,북안면,당리,2,1995-01-01
4723039023,경상북도,영천시,북안면,북리,3,1995-01-01
4723039024,경상북도,영천시,북안면,도유리,4,1995-01-01
4723039025,경상북도,영천시,북안면,명주리,5,1995-01-01
4723039026,경상북도,영천시,북안면,용계리,6,1995-01-01
4723039027,경상북도,영천시,북안면,신대리,7,1995-01-01
4723039028,경상북도,영천시,북안면,신리리,8,1995-01-01
4723039029,경상북도,영천시,북안면,효리,9,1995-01-01
4723039030,경상북도,영천시,북안면,도천리,10,1995-01-01
4723039031,경상북도,영천시,북안면,옥천리,11,1995-01-01
4723039032,경상북도,영천시,북안면,서당리,12,1995-01-01
4723039033,경상북도,영천시,북안면,고지리,13,1995-01-01
4723039034,경상북도,영천시,북안면,임포리,14,1995-01-01
4723039035,경상북도,영천시,북안면,반계리,15,1995-01-01
4723039036,경상북도,영천시,북안면,자포리,16,1995-01-01
4723039037,경상북도,영천시,북안면,신촌리,17,1995-01-01
4723039038,경상북도,영천시,북안면,관리,18,1995-01-01
4723039039,경상북도,영천시,북안면,원당리,19,1995-01-01
4723039040,경상북도,영천시,북안면,내포리,20,1995-01-01
4723039041,경상북도,영천시,북안면,반정리,21,1995-01-01
4723039042,경상북도,영천시,북안면,송포리,22,1995-01-01
4723039043,경상북도,영천시,북안면,유하리,23,1995-01-01
4723039044,경상북도,영천시,북안면,유상리,24,1995-01-01
4723040000,경상북도,영천시,대창면,,41,1995-01-01
4723040021,경상북도,영천시,대창면,직천리,1,1995-01-01
4723040022,경상북도,영천시,대창면,운천리,2,1995-01-01
4723040023,경상북도,영천시,대창면,용전리,3,1995-01-01
4723040024,경상북도,영천시,대창면,어방리,4,1995-01-01
4723040025,경상북도,영천시,대창면,오길리,5,1995-01-01
4723040026,경상북도,영천시,대창면,용호리,6,1995-01-01
4723040027,경상북도,영천시,대창면,신광리,7,1995-01-01
4723040028,경상북도,영천시,대창면,조곡리,8,1995-01-01
4723040029,경상북도,영천시,대창면,대재리,9,1995-01-01
4723040030,경상북도,영천시,대창면,구지리,10,1995-01-01
4723040031,경상북도,영천시,대창면,사리리,11,1995-01-01
4723040032,경상북도,영천시,대창면,대창리,12,1995-01-01
4723040033,경상북도,영천시,대창면,강회리,13,1995-01-01
4723040034,경상북도,영천시,대창면,병암리,14,1995-01-01
4725000000,경상북도,상주시,,,10,1988-04-23
4725010100,경상북도,상주시,성하동,,1,1988-04-23
4725010200,경상북도,상주시,성동동,,2,1988-04-23
4725010300,경상북도,상주시,인봉동,,3,1998-10-12
4725010400,경상북도,상주시,복룡동,,4,1988-04-23
4725010500,경상북도,상주시,냉림동,,5,1988-04-23
4725010600,경상북도,상주시,서성동,,6,1998-10-12
4725010700,경상북도,상주시,남성동,,7,1988-04-23
4725010800,경상북도,상주시,서문동,,8,1998-10-12
4725010900,경상북도,상주시,무양동,,9,1988-04-23
4725011000,경상북도,상주시,낙양동,,10,1988-04-23
4725011100,경상북도,상주시,개운동,,11,1988-04-23
4725011200,경상북도,상주시,신봉동,,12,1988-04-23
4725011300,경상북도,상주시,가장동,,13,1988-04-23
4725011400,경상북도,상주시,양촌동,,14,1988-04-23
4725011500,경상북도,상주시,지천동,,15,1988-04-23
4725011600,경상북도,상주시,오대동,,16,1988-04-23
4725011700,경상북도,상주시,흥각동,,17,1988-04-23
4725011800,경상북도,상주시,거동동,,18,1988-04-23
4725011900,경상북도,상주시,인평동,,19,1988-04-23
4725012000,경상북도,상주시,서곡동,,20,1988-04-23
4725012100,경상북도,상주시,화개동,,21,1988-04-23
4725012200,경상북도,상주시,외답동,,22,1988-04-23
4725012300,경상북도,상주시,헌신동,,23,1988-04-23
4725012400,경상북도,상주시,병성동,,24,1988-04-23
4725012500,경상북도,상주시,도남동,,25,1988-04-23
4725012600,경상북도,상주시,낙상동,,26,1988-04-23
4725012700,경상북도,상주시,중덕동,,27,1988-04-23
4725012800,경상북도,상주시,초산동,,28,1988-04-23
4725012900,경상북도,상주시,화산동,,29,1988-04-23
4725013000,경상북도,상주시,계산동,,30,1988-04-23
4725013100,경상북도,상주시,부원동,,31,1988-04-23
4725013200,경상북도,상주시,죽전동,,32,1988-04-23
4725013300,경상북도,상주시,만산동,,33,1988-04-23
4725013400,경상북도,상주시,연원동,,34,1988-04-23
4725013500,경상북도,상주시,남장동,,35,1988-04-23
4725013600,경상북도,상주시,남적동,,36,1988-04-23
4725025000,경상북도,상주시,함창읍,,37,1995-01-01
4725025021,경상북도,상주시,함창읍,구향리,1,1995-01-01
4725025022,경상북도,상주시,함창읍,오동리,2,1995-01-01
4725025023,경상북도,상주시,함창읍,오사리,3,1995-01-01
4725025024,경상북도,상주시,함창읍,증촌리,4,1995-01-01
4725025025,경상북도,상주시,함창읍,교촌리,5,1995-01-01
4725025026,경상북도,상주시,함창읍,나한리,6,1995-01-01
4725025027,경상북도,상주시,함창읍,대조리,7,1995-01-01
4725025028,경상북도,상주시,함창읍,윤직리,8,1995-01-01
4725025029,경상북도,상주시,함창읍,덕통리,9,1995-01-01
4725025030,경상북도,상주시,함창읍,척동리,10,1995-01-01
4725025031,경상북도,상주시,함창읍,태봉리,11,1995-01-01
4725025032,경상북도,상주시,함창읍,신흥리,12,1995-01-01
4725025033,경상북도,상주시,함창읍,신덕리,13,1995-01-01
4725025034,경상북도,상주시,함창읍,금곡리,14,1995-01-01
4725025035,경상북도,상주시,함창읍,하갈리,15,1995-01-01
4725031000,경상북도,상주시,중동면,,38,1995-01-01
4725031021,경상북도,상주시,중동면,회상리,1,1995-01-01
4725031022,경상북도,상주시,중동면,오상리,2,1995-01-01
4725031023,경상북도,상주시,중동면,죽암리,3,1995-01-01
4725031024,경상북도,상주시,중동면,간상리,4,1995-01-01
4725031025,경상북도,상주시,중동면,신암리,5,1995-01-01
4725031026,경상북도,상주시,중동면,금당리,6,1995-01-01
4725031027,경상북도,상주시,중동면,우물리,7,1995-01-01
4725032500,경상북도,상주시,사벌국면,,39,2019-12-30
4725032521,경상북도,상주시,사벌국면,덕담리,1,2019-12-30
4725032522,경상북도,상주시,사벌국면,원흥리,2,2019-12-30
4725032523,경상북도,상주시,사벌국면,두릉리,3,2019-12-30
4725032524,경상북도,상주시,사벌국면,목가리,4,2019-12-30
4725032525,경상북도,상주시,사벌국면,덕가리,5,2019-12-30
4725032526,경상북도,상주시,사벌국면,용담리,6,2019-12-30
4725032527,경상북도,상주시,사벌국면,묵상리,7,2019-12-30
4725032528,경상북도,상주시,사벌국면,묵하리,8,2019-12-30
4725032529,경상북도,상주시,사벌국면,매협리,9,2019-12-30
4725032530,경상북도,상주시,사벌국면,매호리,10,2019-12-30
4725032531,경상북도,상주시,사벌국면,퇴강리,11,2019-12-30
4725032532,경상북도,상주시,사벌국면,엄암리,12,2019-12-30
4725032533,경상북도,상주시,사벌국면,금흔리,13,2019-12-30
4725032534,경상북도,상주시,사벌국면,화달리,14,2019-12-30
4725032535,경상북도,상주시,사벌국면,삼덕리,15,2019-12-30
4725033000,경상북도,상주시,낙동면,,40,1995-01-01
4725033021,경상북도,상주시,낙동면,상촌리,1,1995-01-01
4725033022,경상북도,상주시,낙동면,낙동리,2,1995-01-01
4725033023,경상북도,상주시,낙동면,장곡리,3,1995-01-01
4725033024,경상북도,상주시,낙동면,구잠리,4,1995-01-01
4725033025,경상북도,상주시,낙동면,물량리,5,1995-01-01
4725033026,경상북도,상주시,낙동면,분황리,6,1995-01-01
4725033027,경상북도,상주시,낙동면,성동리,7,1995-01-01
4725033028,경상북도,상주시,낙동면,신상리,8,1995-01-01
4725033029,경상북도,상주시,낙동면,화산리,9,1995-01-01
4725033030,경상북도,상주시,낙동면,내곡리,10,1995-01-01
4725033031,경상북도,상주시,낙동면,운평리,11,1995-01-01
4725033032,경상북도,상주시,낙동면,승곡리,12,1995-01-01
4725033033,경상북도,상주시,낙동면,비룡리,13,1995-01-01
4725033034,경상북도,상주시,낙동면,용포리,14,1995-01-01
4725033035,경상북도,상주시,낙동면,수정리,15,1995-01-01
4725033036,경상북도,상주시,낙동면,신오리,16,1995-01-01
4725033037,경상북도,상주시,낙동면,유곡리,17,1995-01-01
4725034000,경상북도,상주시,청리면,,41,1995-01-01
4725034021,경상북도,상주시,청리면,원장리,1,1995-01-01
4725034022,경상북도,상주시,청리면,월로리,2,1995-01-01
4725034023,경상북도,상주시,청리면,청하리,3,1995-01-01
4725034024,경상북도,상주시,청리면,청상리,4,1995-01-01
4725034025,경상북도,상주시,청리면,마공리,5,1995-01-01
4725034026,경상북도,상주시,청리면,가천리,6,1995-01-01
4725034027,경상북도,상주시,청리면,하초리,7,1995-01-01
4725034028,경상북도,상주시,청리면,수상리,8,1995-01-01
4725034029,경상북도,상주시,청리면,덕산리,9,1995-01-01
4725034030,경상북도,상주시,청리면,율리,10,1995-01-01
4725034031,경상북도,상주시,청리면,삼괴리,11,1995-01-01
4725034032,경상북도,상주시,청리면,학하리,12,1995-01-01
4725035000,경상북도,상주시,공성면,,42,1995-01-01
4725035021,경상북도,상주시,공성면,옥산리,1,1995-01-01
4725035022,경상북도,상주시,공성면,금계리,2,1995-01-01
4725035023,경상북도,상주시,공성면,장동리,3,1995-01-01
4725035024,경상북도,상주시,공성면,거창리,4,1995-01-01
4725035025,경상북도,상주시,공성면,영오리,5,1995-01-01
4725035026,경상북도,상주시,공성면,이화리,6,1995-01-01
4725035027,경상북도,상주시,공성면,산현리,7,1995-01-01
4725035028,경상북도,상주시,공성면,평천리,8,1995-01-01
4725035029,경상북도,상주시,공성면,무곡리,9,1995-01-01
4725035030,경상북도,상주시,공성면,용안리,10,1995-01-01
4725035031,경상북도,상주시,공성면,초오리,11,1995-01-01
4725035032,경상북도,상주시,공성면,인창리,12,1995-01-01
4725035033,경상북도,상주시,공성면,용신리,13,1995-01-01
4725035034,경상북도,상주시,공성면,효곡리,14,1995-01-01
4725035035,경상북도,상주시,공성면,봉산리,15,1995-01-01
4725035036,경상북도,상주시,공성면,오광리,16,1995-01-01
4725035037,경상북도,상주시,공성면,우하리,17,1995-01-01
4725035038,경상북도,상주시,공성면,신곡리,18,1995-01-01
4725035039,경상북도,상주시,공성면,도곡리,19,1995-01-01
4725036000,경상북도,상주시,외남면,,43,1995-01-01
4725036021,경상북도,상주시,외남면,구서리,1,1995-01-01
4725036022,경상북도,상주시,외남면,소상리,2,1995-01-01
4725036023,경상북도,상주시,외남면,신촌리,3,1995-01-01
4725036024,경상북도,상주시,외남면,송지리,4,1995-01-01
4725036025,경상북도,상주시,외남면,신상리,5,1995-01-01
4725036026,경상북도,상주시,외남면,흔평리,6,1995-01-01
4725036027,경상북도,상주시,외남면,소은리,7,1995-01-01
4725036028,경상북도,상주시,외남면,지사리,8,1995-01-01
4725037000,경상북도,상주시,내서면,,44,1995-01-01
4725037021,경상북도,상주시,내서면,능암리,1,1995-01-01
4725037022,경상북도,상주시,내서면,신촌리,2,1995-01-01
4725037023,경상북도,상주시,내서면,북장리,3,1995-01-01
4725037024,경상북도,상주시,내서면,고곡리,4,1995-01-01
4725037025,경상북도,상주시,내서면,서만리,5,1995-01-01
4725037026,경상북도,상주시,내서면,서원리,6,1995-01-01
4725037027,경상북도,상주시,내서면,낙서리,7,1995-01-01
4725037028,경상북도,상주시,내서면,평지리,8,1995-01-01
4725037029,경상북도,상주시,내서면,노류리,9,1995-01-01
4725038000,경상북도,상주시,모동면,,45,1995-01-01
4725038021,경상북도,상주시,모동면,덕곡리,1,1995-01-01
4725038022,경상북도,상주시,모동면,이동리,2,1995-01-01
4725038023,경상북도,상주시,모동면,용호리,3,1995-01-01
4725038024,경상북도,상주시,모동면,금천리,4,1995-01-01
4725038025,경상북도,상주시,모동면,신천리,5,1995-01-01
4725038026,경상북도,상주시,모동면,상판리,6,1995-01-01
4725038027,경상북도,상주시,모동면,반계리,7,1995-01-01
4725038028,경상북도,상주시,모동면,정양리,8,1995-01-01
4725038029,경상북도,상주시,모동면,신흥리,9,1995-01-01
4725038030,경상북도,상주시,모동면,수봉리,10,1995-01-01
4725039000,경상북도,상주시,모서면,,46,1995-01-01
4725039021,경상북도,상주시,모서면,삼포리,1,1995-01-01
4725039022,경상북도,상주시,모서면,도안리,2,1995-01-01
4725039023,경상북도,상주시,모서면,소정리,3,1995-01-01
4725039024,경상북도,상주시,모서면,대포리,4,1995-01-01
4725039025,경상북도,상주시,모서면,석산리,5,1995-01-01
4725039026,경상북도,상주시,모서면,가막리,6,1995-01-01
4725039027,경상북도,상주시,모서면,지산리,7,1995-01-01
4725039028,경상북도,상주시,모서면,화현리,8,1995-01-01
4725039029,경상북도,상주시,모서면,득수리,9,1995-01-01
4725039030,경상북도,상주시,모서면,백학리,10,1995-01-01
4725039031,경상북도,상주시,모서면,정산리,11,1995-01-01
4725039032,경상북도,상주시,모서면,호음리,12,1995-01-01
4725040000,경상북도,상주시,화동면,,47,1995-01-01
4725040021,경상북도,상주시,화동면,이소리,1,1995-01-01
4725040022,경상북도,상주시,화동면,선교리,2,1995-01-01
4725040023,경상북도,상주시,화동면,판곡리,3,1995-01-01
4725040024,경상북도,상주시,화동면,어산리,4,1995-01-01
4725040025,경상북도,상주시,화동면,신촌리,5,1995-01-01
4725040026,경상북도,상주시,화동면,반곡리,6,1995-01-01
4725040027,경상북도,상주시,화동면,보미리,7,1995-01-01
4725040028,경상북도,상주시,화동면,양지리,8,1995-01-01
4725040029,경상북도,상주시,화동면,평산리,9,1995-01-01
4725041000,경상북도,상주시,화서면,,48,1995-01-01
4725041021,경상북도,상주시,화서면,신봉리,1,1995-01-01
4725041022,경상북도,상주시,화서면,상현리,2,1995-01-01
4725041023,경상북도,상주시,화서면,달천리,3,1995-01-01
4725041024,경상북도,상주시,화서면,상용리,4,1995-01-01
4725041025,경상북도,상주시,화서면,금산리,5,1995-01-01
4725041026,경상북도,상주시,화서면,사산리,6,1995-01-01
4725041027,경상북도,상주시,화서면,율림리,7,1995-01-01
4725041028,경상북도,상주시,화서면,봉촌리,8,1995-01-01
4725041029,경상북도,상주시,화서면,지산리,9,1995-01-01
4725041030,경상북도,상주시,화서면,상곡리,10,1995-01-01
4725041031,경상북도,상주시,화서면,하송리,11,1995-01-01
4725042000,경상북도,상주시,화북면,,49,1995-01-01
4725042021,경상북도,상주시,화북면,용유리,1,1995-01-01
4725042022,경상북도,상주시,화북면,장암리,2,1995-01-01
4725042023,경상북도,상주시,화북면,상오리,3,1995-01-01
4725042024,경상북도,상주시,화북면,입석리,4,1995-01-01
4725042025,경상북도,상주시,화북면,중벌리,5,1995-01-01
4725042026,경상북도,상주시,화북면,운흥리,6,1995-01-01
4725043000,경상북도,상주시,외서면,,50,1995-01-01
4725043021,경상북도,상주시,외서면,연봉리,1,1995-01-01
4725043022,경상북도,상주시,외서면,관동리,2,1995-01-01
4725043023,경상북도,상주시,외서면,개곡리,3,1995-01-01
4725043024,경상북도,상주시,외서면,이천리,4,1995-01-01
4725043025,경상북도,상주시,외서면,봉강리,5,1995-01-01
4725043026,경상북도,상주시,외서면,백전리,6,1995-01-01
4725043027,경상북도,상주시,외서면,가곡리,7,1995-01-01
4725043028,경상북도,상주시,외서면,관현리,8,1995-01-01
4725043029,경상북도,상주시,외서면,우산리,9,1995-01-01
4725043030,경상북도,상주시,외서면,이촌리,10,1995-01-01
4725043031,경상북도,상주시,외서면,대전리,11,1995-01-01
4725043032,경상북도,상주시,외서면,예의리,12,1995-01-01
4725044000,경상북도,상주시,은척면,,51,1995-01-01
4725044021,경상북도,상주시,은척면,봉중리,1,1995-01-01
4725044022,경상북도,상주시,은척면,봉상리,2,1995-01-01
4725044023,경상북도,상주시,은척면,우기리,3,1995-01-01
4725044024,경상북도,상주시,은척면,남곡리,4,1995-01-01
4725044025,경상북도,상주시,은척면,문암리,5,1995-01-01
4725044026,경상북도,상주시,은척면,두곡리,6,1995-01-01
4725044027,경상북도,상주시,은척면,장암리,7,1995-01-01
4725044028,경상북도,상주시,은척면,무릉리,8,1995-01-01
4725044029,경상북도,상주시,은척면,황령리,9,1995-01-01
4725044030,경상북도,상주시,은척면,하흘리,10,1995-01-01
4725045000,경상북도,상주시,공검면,,52,1995-01-01
4725045021,경상북도,상주시,공검면,부곡리,1,1995-01-01
4725045022,경상북도,상주시,공검면,동막리,2,1995-01-01
4725045023,경상북도,상주시,공검면,병암리,3,1995-01-01
4725045024,경상북도,상주시,공검면,오태리,4,1995-01-01
4725045025,경상북도,상주시,공검면,양정리,5,1995-01-01
4725045026,경상북도,상주시,공검면,화동리,6,1995-01-01
4725045027,경상북도,상주시,공검면,역곡리,7,1995-01-01
4725045028,경상북도,상주시,공검면,율곡리,8,1995-01-01
4725045029,경상북도,상주시,공검면,예주리,9,1995-01-01
4725045030,경상북도,상주시,공검면,지평리,10,1995-01-01
4725045031,경상북도,상주시,공검면,중소리,11,1995-01-01
4725046000,경상북도,상주시,이안면,,53,1995-01-01
4725046021,경상북도,상주시,이안면,양범리,1,1995-01-01
4725046022,경상북도,상주시,이안면,문창리,2,1995-01-01
4725046023,경상북도,상주시,이안면,안용리,3,1995-01-01
4725046024,경상북도,상주시,이안면,구미리,4,1995-01-01
4725046025,경상북도,상주시,이안면,대현리,5,1995-01-01
4725046026,경상북도,상주시,이안면,아천리,6,1995-01-01
4725046027,경상북도,상주시,이안면,지산리,7,1995-01-01
4725046028,경상북도,상주시,이안면,흑암리,8,1995-01-01
4725046029,경상북도,상주시,이안면,소암리,9,1995-01-01
4725046030,경상북도,상주시,이안면,여물리,10,1995-01-01
4725046031,경상북도,상주시,이안면,가장리,11,1995-01-01
4725046033,경상북도,상주시,이안면,이안리,12,1995-01-01
4725047000,경상북도,상주시,화남면,,54,1995-01-01
4725047021,경상북도,상주시,화남면,동관리,1,1995-01-01
4725047022,경상북도,상주시,화남면,평온리,2,1995-01-01
4725047023,경상북도,상주시,화남면,임곡리,3,1995-01-01
4725047024,경상북도,상주시,화남면,중눌리,4,1995-01-01
4725047025,경상북도,상주시,화남면,소곡리,5,1995-01-01
4728000000,경상북도,문경시,,,11,1995-01-01
4728010100,경상북도,문경시,점촌동,,1,1995-01-01
4728010200,경상북도,문경시,영신동,,2,1995-01-01
4728010300,경상북도,문경시,흥덕동,,3,1995-01-01
4728010400,경상북도,문경시,우지동,,4,1995-01-01
4728010500,경상북도,문경시,창동,,5,1995-01-01
4728010600,경상북도,문경시,신기동,,6,1999-01-01
4728010700,경상북도,문경시,불정동,,7,1999-01-01
4728010800,경상북도,문경시,유곡동,,8,1999-01-01
4728010900,경상북도,문경시,공평동,,9,1999-01-01
4728011000,경상북도,문경시,모전동,,10,1995-01-01
4728011100,경상북도,문경시,윤직동,,11,1995-01-01
4728025000,경상북도,문경시,문경읍,,12,1995-01-01
4728025021,경상북도,문경시,문경읍,상리,1,1995-01-01
4728025022,경상북도,문경시,문경읍,하리,2,1995-01-01
4728025023,경상북도,문경시,문경읍,교촌리,3,1995-01-01
4728025024,경상북도,문경시,문경읍,요성리,4,1995-01-01
4728025025,경상북도,문경시,문경읍,지곡리,5,1995-01-01
4728025026,경상북도,문경시,문경읍,마원리,6,1995-01-01
4728025027,경상북도,문경시,문경읍,진안리,7,1995-01-01
4728025028,경상북도,문경시,문경읍,각서리,8,1995-01-01
4728025029,경상북도,문경시,문경읍,하초리,9,1995-01-01
4728025030,경상북도,문경시,문경읍,상초리,10,1995-01-01
4728025031,경상북도,문경시,문경읍,고요리,11,1995-01-01
4728025032,경상북도,문경시,문경읍,팔영리,12,1995-01-01
4728025033,경상북도,문경시,문경읍,당포리,13,1995-01-01
4728025034,경상북도,문경시,문경읍,용연리,14,1995-01-01
4728025035,경상북도,문경시,문경읍,평천리,15,1995-01-01
4728025036,경상북도,문경시,문경읍,갈평리,16,1995-01-01
4728025037,경상북도,문경시,문경읍,중평리,17,1995-01-01
4728025038,경상북도,문경시,문경읍,관음리,18,1995-01-01
4728025300,경상북도,문경시,가은읍,,13,1995-01-01
4728025321,경상북도,문경시,가은읍,왕능리,1,1995-01-01
4728025322,경상북도,문경시,가은읍,갈전리,2,1995-01-01
4728025323,경상북도,문경시,가은읍,저음리,3,1995-01-01
4728025324,경상북도,문경시,가은읍,작천리,4,1995-01-01
4728025325,경상북도,문경시,가은읍,성저리,5,1995-01-01
4728025326,경상북도,문경시,가은읍,수예리,6,1995-01-01
4728025327,경상북도,문경시,가은읍,민지리,7,1995-01-01
4728025328,경상북도,문경시,가은읍,전곡리,8,1995-01-01
4728025329,경상북도,문경시,가은읍,성유리,9,1995-01-01
4728025330,경상북도,문경시,가은읍,죽문리,10,1995-01-01
4728025331,경상북도,문경시,가은읍,완장리,11,1995-01-01
4728025332,경상북도,문경시,가은읍,원북리,12,1995-01-01
4728025333,경상북도,문경시,가은읍,상괴리,13,1995-01-01
4728025334,경상북도,문경시,가은읍,하괴리,14,1995-01-01
4728031000,경상북도,문경시,영순면,,14,1995-01-01
4728031021,경상북도,문경시,영순면,의곡리,1,1995-01-01
4728031022,경상북도,문경시,영순면,김용리,2,1995-01-01
4728031023,경상북도,문경시,영순면,포내리,3,1995-01-01
4728031024,경상북도,문경시,영순면,사근리,4,1995-01-01
4728031025,경상북도,문경시,영순면,왕태리,5,1995-01-01
4728031026,경상북도,문경시,영순면,오룡리,6,1995-01-01
4728031027,경상북도,문경시,영순면,금림리,7,1995-01-01
4728031028,경상북도,문경시,영순면,달지리,8,1995-01-01
4728031029,경상북도,문경시,영순면,이목리,9,1995-01-01
4728031030,경상북도,문경시,영순면,말응리,10,1995-01-01
4728031031,경상북도,문경시,영순면,율곡리,11,1995-01-01
4728032000,경상북도,문경시,산양면,,15,1995-01-01
4728032021,경상북도,문경시,산양면,녹문리,1,1995-01-01
4728032022,경상북도,문경시,산양면,현리,2,1995-01-01
4728032023,경상북도,문경시,산양면,부암리,3,1995-01-01
4728032024,경상북도,문경시,산양면,과곡리,4,1995-01-01
4728032025,경상북도,문경시,산양면,형천리,5,1995-01-01
4728032026,경상북도,문경시,산양면,위만리,6,1995-01-01
4728032027,경상북도,문경시,산양면,우본리,7,1995-01-01
4728032028,경상북도,문경시,산양면,연소리,8,1995-01-01
4728032029,경상북도,문경시,산양면,불암리,9,1995-01-01
4728032030,경상북도,문경시,산양면,존도리,10,1995-01-01
4728032031,경상북도,문경시,산양면,봉정리,11,1995-01-01
4728032032,경상북도,문경시,산양면,진정리,12,1995-01-01
4728032033,경상북도,문경시,산양면,반곡리,13,1995-01-01
4728032034,경상북도,문경시,산양면,평지리,14,1995-01-01
4728032035,경상북도,문경시,산양면,송죽리,15,1995-01-01
4728032036,경상북도,문경시,산양면,신전리,16,1995-01-01
4728033000,경상북도,문경시,호계면,,16,1995-01-01
4728033021,경상북도,문경시,호계면,견탄리,1,1995-01-01
4728033022,경상북도,문경시,호계면,별암리,2,1995-01-01
4728033023,경상북도,문경시,호계면,호계리,3,1995-01-01
4728033024,경상북도,문경시,호계면,부곡리,4,1995-01-01
4728033025,경상북도,문경시,호계면,선암리,5,1995-01-01
4728033026,경상북도,문경시,호계면,지천리,6,1995-01-01
4728033027,경상북도,문경시,호계면,가도리,7,1995-01-01
4728033028,경상북도,문경시,호계면,구산리,8,1995-01-01
4728033029,경상북도,문경시,호계면,우로리,9,1995-01-01
4728033030,경상북도,문경시,호계면,막곡리,10,1995-01-01
4728033031,경상북도,문경시,호계면,봉서리,11,1995-01-01
4728034000,경상북도,문경시,산북면,,17,1995-01-01
4728034021,경상북도,문경시,산북면,서중리,1,1995-01-01
4728034022,경상북도,문경시,산북면,대상리,2,1995-01-01
4728034023,경상북도,문경시,산북면,대하리,3,1995-01-01
4728034024,경상북도,문경시,산북면,이곡리,4,1995-01-01
4728034025,경상북도,문경시,산북면,우곡리,5,1995-01-01
4728034026,경상북도,문경시,산북면,석봉리,6,1995-01-01
4728034027,경상북도,문경시,산북면,김용리,7,1995-01-01
4728034028,경상북도,문경시,산북면,거산리,8,1995-01-01
4728034029,경상북도,문경시,산북면,전두리,9,1995-01-01
4728034030,경상북도,문경시,산북면,호암리,10,1995-01-01
4728034031,경상북도,문경시,산북면,가좌리,11,1995-01-01
4728034032,경상북도,문경시,산북면,창구리,12,1995-01-01
4728034033,경상북도,문경시,산북면,소야리,13,1995-01-01
4728034034,경상북도,문경시,산북면,종곡리,14,1995-01-01
4728034035,경상북도,문경시,산북면,내화리,15,1995-01-01
4728034036,경상북도,문경시,산북면,약석리,16,1995-01-01
4728034037,경상북도,문경시,산북면,회룡리,17,1995-01-01
4728034038,경상북도,문경시,산북면,가곡리,18,1995-01-01
4728034039,경상북도,문경시,산북면,월천리,19,1995-01-01
4728034040,경상북도,문경시,산북면,지내리,20,1995-01-01
4728034041,경상북도,문경시,산북면,흑송리,21,1995-01-01
4728035000,경상북도,문경시,동로면,,18,1995-01-01
4728035021,경상북도,문경시,동로면,마광리,1,1995-01-01
4728035022,경상북도,문경시,동로면,인곡리,2,1995-01-01
4728035023,경상북도,문경시,동로면,수평리,3,1995-01-01
4728035024,경상북도,문경시,동로면,간송리,4,1995-01-01
4728035025,경상북도,문경시,동로면,석항리,5,1995-01-01
4728035026,경상북도,문경시,동로면,노은리,6,1995-01-01
4728035027,경상북도,문경시,동로면,적성리,7,1995-01-01
4728035028,경상북도,문경시,동로면,생달리,8,1995-01-01
4728035029,경상북도,문경시,동로면,명전리,9,1995-01-01
4728036000,경상북도,문경시,마성면,,19,1995-01-01
4728036021,경상북도,문경시,마성면,모곡리,1,1995-01-01
4728036022,경상북도,문경시,마성면,정리,2,1995-01-01
4728036023,경상북도,문경시,마성면,상내리,3,1995-01-01
4728036024,경상북도,문경시,마성면,하내리,4,1995-01-01
4728036025,경상북도,문경시,마성면,신현리,5,1995-01-01
4728036026,경상북도,문경시,마성면,오천리,6,1995-01-01
4728036027,경상북도,문경시,마성면,외어리,7,1995-01-01
4728036028,경상북도,문경시,마성면,남호리,8,1995-01-01
4728037000,경상북도,문경시,농암면,,20,1995-01-01
4728037021,경상북도,문경시,농암면,농암리,1,1995-01-01
4728037022,경상북도,문경시,농암면,종곡리,2,1995-01-01
4728037023,경상북도,문경시,농암면,연천리,3,1995-01-01
4728037024,경상북도,문경시,농암면,궁기리,4,1995-01-01
4728037025,경상북도,문경시,농암면,내서리,5,1995-01-01
4728037026,경상북도,문경시,농암면,화산리,6,1995-01-01
4728037027,경상북도,문경시,농암면,율수리,7,1995-01-01
4728037028,경상북도,문경시,농암면,갈동리,8,1995-01-01
4728037029,경상북도,문경시,농암면,사현리,9,1995-01-01
4728037030,경상북도,문경시,농암면,지동리,10,1995-01-01
4728037031,경상북도,문경시,농암면,선곡리,11,1995-01-01
4729000000,경상북도,경산시,,,12,1989-01-01
4729010100,경상북도,경산시,삼남동,,1,1989-01-01
4729010200,경상북도,경산시,삼북동,,2,1989-01-01
4729010300,경상북도,경산시,서상동,,3,1989-01-01
4729010400,경상북도,경산시,신교동,,4,1989-01-01
4729010500,경상북도,경산시,상방동,,5,1989-01-01
4729010600,경상북도,경산시,백천동,,6,1989-01-01
4729010700,경상북도,경산시,옥곡동,,7,1989-01-01
4729010800,경상북도,경산시,사정동,,8,1989-01-01
4729010900,경상북도,경산시,옥산동,,9,1989-01-01
4729011000,경상북도,경산시,중산동,,10,1989-01-01
4729011100,경상북도,경산시,정평동,,11,1989-01-01
4729011200,경상북도,경산시,대평동,,12,1989-01-01
4729011300,경상북도,경산시,대정동,,13,1989-01-01
4729011400,경상북도,경산시,임당동,,14,1989-01-01
4729011500,경상북도,경산시,대동,,15,1989-01-01
4729011600,경상북도,경산시,계양동,,16,1990-01-10
4729011700,경상북도,경산시,중방동,,17,1989-01-01
4729011800,경상북도,경산시,조영동,,18,1989-01-01
4729011900,경상북도,경산시,남방동,,19,1989-01-01
4729012000,경상북도,경산시,내동,,20,1989-01-01
4729012100,경상북도,경산시,여천동,,21,1989-01-01
4729012200,경상북도,경산시,유곡동,,22,1989-01-01
4729012300,경상북도,경산시,신천동,,23,1989-01-01
4729012400,경상북도,경산시,점촌동,,24,1989-01-01
4729012500,경상북도,경산시,평산동,,25,1989-01-01
4729012600,경상북도,경산시,사동,,26,1989-01-01
4729012700,경상북도,경산시,삼풍동,,27,1989-01-01
4729012800,경상북도,경산시,갑제동,,28,1989-01-01
4729025000,경상북도,경산시,하양읍,,29,1995-01-01
4729025021,경상북도,경산시,하양읍,금락리,1,1995-01-01
4729025022,경상북도,경산시,하양읍,동서리,2,1995-01-01
4729025023,경상북도,경산시,하양읍,도리리,3,1995-01-01
4729025024,경상북도,경산시,하양읍,서사리,4,1995-01-01
4729025025,경상북도,경산시,하양읍,양지리,5,1995-01-01
4729025026,경상북도,경산시,하양읍,사기리,6,1995-01-01
4729025027,경상북도,경산시,하양읍,대곡리,7,1995-01-01
4729025028,경상북도,경산시,하양읍,교리,8,1995-01-01
4729025029,경상북도,경산시,하양읍,한사리,9,1995-01-01
4729025030,경상북도,경산시,하양읍,대학리,10,1995-01-01
4729025031,경상북도,경산시,하양읍,부호리,11,1995-01-01
4729025032,경상북도,경산시,하양읍,은호리,12,1995-01-01
4729025033,경상북도,경산시,하양읍,남하리,13,1995-01-01
4729025034,경상북도,경산시,하양읍,청천리,14,1995-01-01
4729025035,경상북도,경산시,하양읍,환상리,15,1995-01-01
4729025036,경상북도,경산시,하양읍,대조리,16,1995-01-01
4729025300,경상북도,경산시,진량읍,,30,1997-11-01
4729025321,경상북도,경산시,진량읍,신상리,1,1997-11-01
4729025322,경상북도,경산시,진량읍,선화리,2,1997-11-01
4729025323,경상북도,경산시,진량읍,보인리,3,1997-11-01
4729025324,경상북도,경산시,진량읍,봉회리,4,1997-11-01
4729025325,경상북도,경산시,진량읍,북리,5,1997-11-01
4729025326,경상북도,경산시,진량읍,부기리,6,1997-11-01
4729025327,경상북도,경산시,진량읍,양기리,7,1997-11-01
4729025328,경상북도,경산시,진량읍,상림리,8,1997-11-01
4729025329,경상북도,경산시,진량읍,내리리,9,1997-11-01
4729025330,경상북도,경산시,진량읍,문천리,10,1997-11-01
4729025331,경상북도,경산시,진량읍,평(坪)사리,11,1997-11-01
4729025332,경상북도,경산시,진량읍,평(平)사리,12,1997-11-01
4729025333,경상북도,경산시,진량읍,다문리,13,1997-11-01
4729025334,경상북도,경산시,진량읍,아사리,14,1997-11-01
4729025335,경상북도,경산시,진량읍,시문리,15,1997-11-01
4729025336,경상북도,경산시,진량읍,현내리,16,1997-11-01
4729025337,경상북도,경산시,진량읍,마곡리,17,1997-11-01
4729025338,경상북도,경산시,진량읍,광석리,18,1997-11-01
4729025339,경상북도,경산시,진량읍,신제리,19,1997-11-01
4729025340,경상북도,경산시,진량읍,대원리,20,1997-11-01
4729025341,경상북도,경산시,진량읍,속초리,21,1997-11-01
4729025342,경상북도,경산시,진량읍,안촌리,22,1997-11-01
4729025343,경상북도,경산시,진량읍,황제리,23,1997-11-01
4729025344,경상북도,경산시,진량읍,당곡리,24,1997-11-01
4729025345,경상북도,경산시,진량읍,가야리,25,1997-11-01
4729025600,경상북도,경산시,압량읍,,35,2019-12-30
4729025621,경상북도,경산시,압량읍,부적리,1,2019-12-30
4729025622,경상북도,경산시,압량읍,신대리,2,2019-12-30
4729025623,경상북도,경산시,압량읍,압량리,3,2019-12-30
4729025624,경상북도,경산시,압량읍,용암리,4,2019-12-30
4729025625,경상북도,경산시,압량읍,금구리,5,2019-12-30
4729025626,경상북도,경산시,압량읍,현흥리,6,2019-12-30
4729025627,경상북도,경산시,압량읍,인안리,7,2019-12-30
4729025628,경상북도,경산시,압량읍,의송리,8,2019-12-30
4729025629,경상북도,경산시,압량읍,신촌리,9,2019-12-30
4729025630,경상북도,경산시,압량읍,내리,10,2019-12-30
4729025631,경상북도,경산시,압량읍,가일리,11,2019-12-30
4729025632,경상북도,경산시,압량읍,당음리,12,2019-12-30
4729025633,경상북도,경산시,압량읍,신월리,13,2019-12-30
4729025634,경상북도,경산시,압량읍,백안리,14,2019-12-30
4729025635,경상북도,경산시,압량읍,강서리,15,2019-12-30
4729025636,경상북도,경산시,압량읍,당리리,16,2019-12-30
4729031000,경상북도,경산시,와촌면,,31,1995-01-01
4729031021,경상북도,경산시,와촌면,소월리,1,1995-01-01
4729031022,경상북도,경산시,와촌면,덕촌리,2,1995-01-01
4729031023,경상북도,경산시,와촌면,시천리,3,1995-01-01
4729031024,경상북도,경산시,와촌면,용천리,4,1995-01-01
4729031025,경상북도,경산시,와촌면,계당리,5,1995-01-01
4729031026,경상북도,경산시,와촌면,상암리,6,1995-01-01
4729031027,경상북도,경산시,와촌면,계전리,7,1995-01-01
4729031028,경상북도,경산시,와촌면,동강리,8,1995-01-01
4729031029,경상북도,경산시,와촌면,박사리,9,1995-01-01
4729031030,경상북도,경산시,와촌면,대동리,10,1995-01-01
4729031031,경상북도,경산시,와촌면,대한리,11,1995-01-01
4729031032,경상북도,경산시,와촌면,신한리,12,1995-01-01
4729031033,경상북도,경산시,와촌면,강학리,13,1995-01-01
4729031034,경상북도,경산시,와촌면,음양리,14,1995-01-01
4729033000,경상북도,경산시,자인면,,32,1995-01-01
4729033021,경상북도,경산시,자인면,동부리,1,1995-01-01
4729033022,경상북도,경산시,자인면,서부리,2,1995-01-01
4729033023,경상북도,경산시,자인면,북사리,3,1995-01-01
4729033024,경상북도,경산시,자인면,교촌리,4,1995-01-01
4729033025,경상북도,경산시,자인면,읍천리,5,1995-01-01
4729033026,경상북도,경산시,자인면,신도리,6,1995-01-01
4729033027,경상북도,경산시,자인면,신관리,7,1995-01-01
4729033028,경상북도,경산시,자인면,울옥리,8,1995-01-01
4729033029,경상북도,경산시,자인면,옥천리,9,1995-01-01
4729033030,경상북도,경산시,자인면,원당리,10,1995-01-01
4729033031,경상북도,경산시,자인면,계남리,11,1995-01-01
4729033032,경상북도,경산시,자인면,남촌리,12,1995-01-01
4729033033,경상북도,경산시,자인면,단북리,13,1995-01-01
4729033034,경상북도,경산시,자인면,계림리,14,1995-01-01
4729033035,경상북도,경산시,자인면,일언리,15,1995-01-01
4729033036,경상북도,경산시,자인면,남신리,16,1995-01-01
4729034000,경상북도,경산시,용성면,,33,1995-01-01
4729034021,경상북도,경산시,용성면,당리리,1,1995-01-01
4729034022,경상북도,경산시,용성면,덕천리,2,1995-01-01
4729034023,경상북도,경산시,용성면,송림리,3,1995-01-01
4729034024,경상북도,경산시,용성면,부제리,4,1995-01-01
4729034025,경상북도,경산시,용성면,곡신리,5,1995-01-01
4729034026,경상북도,경산시,용성면,곡란리,6,1995-01-01
4729034027,경상북도,경산시,용성면,용산리,7,1995-01-01
4729034028,경상북도,경산시,용성면,매남리,8,1995-01-01
4729034029,경상북도,경산시,용성면,내촌리,9,1995-01-01
4729034030,경상북도,경산시,용성면,외촌리,10,1995-01-01
4729034031,경상북도,경산시,용성면,도덕리,11,1995-01-01
4729034032,경상북도,경산시,용성면,고죽리,12,1995-01-01
4729034033,경상북도,경산시,용성면,미산리,13,1995-01-01
4729034034,경상북도,경산시,용성면,고은리,14,1995-01-01
4729034036,경상북도,경산시,용성면,대종리,16,1995-01-01
4729034037,경상북도,경산시,용성면,가척리,17,1995-01-01
4729034038,경상북도,경산시,용성면,용천리,18,1995-01-01
4729034039,경상북도,경산시,용성면,용전리,19,1995-01-01
4729034040,경상북도,경산시,용성면,부일리,20,1995-01-01
4729034041,경상북도,경산시,용성면,일광리,0,2007-01-08
4729035000,경상북도,경산시,남산면,,34,1995-01-01
4729035021,경상북도,경산시,남산면,산양리,1,1995-01-01
4729035022,경상북도,경산시,남산면,경리,2,1995-01-01
4729035023,경상북도,경산시,남산면,남곡리,3,1995-01-01
4729035024,경상북도,경산시,남산면,갈지리,4,1995-01-01
4729035025,경상북도,경산시,남산면,평기리,5,1995-01-01
4729035026,경상북도,경산시,남산면,안심리,6,1995-01-01
4729035027,경상북도,경산시,남산면,흥정리,7,1995-01-01
4729035028,경상북도,경산시,남산면,사림리,8,1995-01-01
4729035029,경상북도,경산시,남산면,연하리,9,1995-01-01
4729035030,경상북도,경산시,남산면,우검리,10,1995-01-01
4729035031,경상북도,경산시,남산면,사월리,11,1995-01-01
4729035032,경상북도,경산시,남산면,송내리,12,1995-01-01
4729035033,경상북도,경산시,남산면,조곡리,13,1995-01-01
4729035034,경상북도,경산시,남산면,전지리,14,1995-01-01
4729035035,경상북도,경산시,남산면,반곡리,15,1995-01-01
4729035036,경상북도,경산시,남산면,상대리,16,1995-01-01
4729035037,경상북도,경산시,남산면,하대리,17,1995-01-01
4729035038,경상북도,경산시,남산면,인흥리,18,1995-01-01
4729037000,경상북도,경산시,남천면,,36,1995-01-01
4729037021,경상북도,경산시,남천면,구일리,1,1995-01-01
4729037022,경상북도,경산시,남천면,협석리,2,1995-01-01
4729037023,경상북도,경산시,남천면,산전리,3,1995-01-01
4729037024,경상북도,경산시,남천면,대명리,4,1995-01-01
4729037025,경상북도,경산시,남천면,신석리,5,1995-01-01
4729037026,경상북도,경산시,남천면,삼성리,6,1995-01-01
4729037027,경상북도,경산시,남천면,금곡리,7,1995-01-01
4729037028,경상북도,경산시,남천면,송백리,8,1995-01-01
4729037029,경상북도,경산시,남천면,신방리,9,1995-01-01
4729037030,경상북도,경산시,남천면,흥산리,10,1995-01-01
4729037031,경상북도,경산시,남천면,원리,11,1995-01-01
4729037032,경상북도,경산시,남천면,하도리,12,1995-01-01
4773000000,경상북도,의성군,,,14,1988-04-23
4773025000,경상북도,의성군,의성읍,,1,1988-04-23
4773025021,경상북도,의성군,의성읍,후죽리,1,1988-10-01
4773025022,경상북도,의성군,의성읍,중리리,2,1988-10-01
4773025023,경상북도,의성군,의성읍,상리리,3,1988-10-01
4773025024,경상북도,의성군,의성읍,도동리,4,1988-10-01
4773025025,경상북도,의성군,의성읍,도서리,5,1988-10-01
4773025026,경상북도,의성군,의성읍,치선리,6,1988-10-01
4773025027,경상북도,의성군,의성읍,오로리,7,1988-10-01
4773025028,경상북도,의성군,의성읍,비봉리,8,1988-10-01
4773025029,경상북도,의성군,의성읍,팔성리,9,1988-10-01
4773025030,경상북도,의성군,의성읍,용연리,10,1988-10-01
4773025031,경상북도,의성군,의성읍,원당리,11,1988-10-01
4773025032,경상북도,의성군,의성읍,철파리,12,1988-10-01
4773025033,경상북도,의성군,의성읍,업리,13,1988-10-01
4773031000,경상북도,의성군,단촌면,,2,1988-04-23
4773031030,경상북도,의성군,단촌면,세촌리,1,1988-10-01
4773031031,경상북도,의성군,단촌면,하화리,2,1988-10-01
4773031032,경상북도,의성군,단촌면,상화리,3,1988-10-01
4773031033,경상북도,의성군,단촌면,관덕리,4,1988-10-01
4773031034,경상북도,의성군,단촌면,병방리,5,1988-10-01
4773031035,경상북도,의성군,단촌면,구계리,6,1988-10-01
4773031036,경상북도,의성군,단촌면,방하리,7,1988-10-01
4773031037,경상북도,의성군,단촌면,장림리,8,1988-10-01
4773031038,경상북도,의성군,단촌면,후평리,9,1988-10-01
4773032000,경상북도,의성군,점곡면,,3,1988-04-23
4773032029,경상북도,의성군,점곡면,서변리,1,1988-10-01
4773032030,경상북도,의성군,점곡면,황룡리,2,1988-10-01
4773032031,경상북도,의성군,점곡면,구암리,3,1988-10-01
4773032032,경상북도,의성군,점곡면,명고리,4,1988-10-01
4773032033,경상북도,의성군,점곡면,동변리,5,1988-10-01
4773032034,경상북도,의성군,점곡면,사촌리,6,1988-10-01
4773032035,경상북도,의성군,점곡면,송내리,7,1988-10-01
4773032036,경상북도,의성군,점곡면,윤암리,8,1988-10-01
4773033000,경상북도,의성군,옥산면,,4,1988-04-23
4773033031,경상북도,의성군,옥산면,구성리,1,1988-10-01
4773033032,경상북도,의성군,옥산면,정자리,2,1988-10-01
4773033033,경상북도,의성군,옥산면,감계리,3,1988-10-01
4773033034,경상북도,의성군,옥산면,실업리,4,1988-10-01
4773033035,경상북도,의성군,옥산면,오류리,5,1988-10-01
4773033036,경상북도,의성군,옥산면,금봉리,6,1988-10-01
4773033037,경상북도,의성군,옥산면,전흥리,7,1988-10-01
4773033038,경상북도,의성군,옥산면,입암리,8,1988-10-01
4773033039,경상북도,의성군,옥산면,신계리,9,1988-10-01
4773033040,경상북도,의성군,옥산면,금학리,10,1988-10-01
4773034000,경상북도,의성군,사곡면,,5,1988-04-23
4773034031,경상북도,의성군,사곡면,양지리,1,1988-10-01
4773034032,경상북도,의성군,사곡면,음지리,2,1988-10-01
4773034033,경상북도,의성군,사곡면,오상리,3,1988-10-01
4773034034,경상북도,의성군,사곡면,신감리,4,1988-10-01
4773034035,경상북도,의성군,사곡면,매곡리,5,1988-10-01
4773034036,경상북도,의성군,사곡면,공정리,6,1988-10-01
4773034037,경상북도,의성군,사곡면,화전리,7,1988-10-01
4773034038,경상북도,의성군,사곡면,신리리,8,1988-10-01
4773034039,경상북도,의성군,사곡면,작승리,9,1988-10-01
4773034040,경상북도,의성군,사곡면,토현리,10,1988-10-01
4773035000,경상북도,의성군,춘산면,,6,1988-04-23
4773035029,경상북도,의성군,춘산면,옥정리,1,1988-10-01
4773035030,경상북도,의성군,춘산면,금오리,2,1988-10-01
4773035031,경상북도,의성군,춘산면,신흥리,3,1988-10-01
4773035032,경상북도,의성군,춘산면,대사리,4,1988-10-01
4773035033,경상북도,의성군,춘산면,금천리,5,1988-10-01
4773035034,경상북도,의성군,춘산면,빙계리,6,1988-10-01
4773035035,경상북도,의성군,춘산면,사미리,7,1988-10-01
4773035036,경상북도,의성군,춘산면,효선리,8,1988-10-01
4773036000,경상북도,의성군,가음면,,7,1988-04-23
4773036028,경상북도,의성군,가음면,장리,1,1988-10-01
4773036029,경상북도,의성군,가음면,이리,2,1988-10-01
4773036030,경상북도,의성군,가음면,양지리,3,1988-10-01
4773036031,경상북도,의성군,가음면,가산리,4,1988-10-01
4773036032,경상북도,의성군,가음면,귀천리,5,1988-04-23
4773036033,경상북도,의성군,가음면,순호리,6,1988-10-01
4773036034,경상북도,의성군,가음면,현리리,7,1988-10-01
4773037000,경상북도,의성군,금성면,,8,1988-04-23
4773037036,경상북도,의성군,금성면,탑리리,1,1988-10-01
4773037037,경상북도,의성군,금성면,대리리,2,1988-10-01
4773037038,경상북도,의성군,금성면,학미리,3,1988-10-01
4773037039,경상북도,의성군,금성면,제오리,4,1988-10-01
4773037040,경상북도,의성군,금성면,운곡리,5,1988-10-01
4773037041,경상북도,의성군,금성면,만천리,6,1988-10-01
4773037042,경상북도,의성군,금성면,하리,7,1988-10-01
4773037043,경상북도,의성군,금성면,초전리,8,1988-10-01
4773037044,경상북도,의성군,금성면,구련리,9,1988-10-01
4773037045,경상북도,의성군,금성면,명덕리,10,1988-10-01
4773037046,경상북도,의성군,금성면,도경리,11,1988-10-01
4773037047,경상북도,의성군,금성면,개일리,12,1988-10-01
4773037048,경상북도,의성군,금성면,청로리,13,1988-10-01
4773037049,경상북도,의성군,금성면,산운리,14,1988-10-01
4773037050,경상북도,의성군,금성면,수정리,15,1988-10-01
4773038000,경상북도,의성군,봉양면,,9,1988-04-23
4773038034,경상북도,의성군,봉양면,삼산리,1,1988-10-01
4773038035,경상북도,의성군,봉양면,장대리,2,1988-10-01
4773038036,경상북도,의성군,봉양면,풍리리,3,1988-10-01
4773038037,경상북도,의성군,봉양면,구산리,4,1988-10-01
4773038038,경상북도,의성군,봉양면,신평리,5,1988-10-01
4773038039,경상북도,의성군,봉양면,도원리,6,1988-10-01
4773038040,경상북도,의성군,봉양면,화전리,7,1988-10-01
4773038041,경상북도,의성군,봉양면,사부리,8,1988-10-01
4773038042,경상북도,의성군,봉양면,구미리,9,1988-10-01
4773038043,경상북도,의성군,봉양면,길천리,10,1988-10-01
4773038044,경상북도,의성군,봉양면,문흥리,11,1988-10-01
4773038045,경상북도,의성군,봉양면,분토리,12,1988-10-01
4773038046,경상북도,의성군,봉양면,안평리,13,1988-10-01
4773039000,경상북도,의성군,비안면,,10,1988-04-23
4773039035,경상북도,의성군,비안면,동부리,1,1988-10-01
4773039036,경상북도,의성군,비안면,서부리,2,1988-10-01
4773039037,경상북도,의성군,비안면,옥연리,3,1988-10-01
4773039038,경상북도,의성군,비안면,용천리,4,1988-10-01
4773039039,경상북도,의성군,비안면,용남리,5,1988-10-01
4773039040,경상북도,의성군,비안면,이두리,6,1988-10-01
4773039041,경상북도,의성군,비안면,외곡리,7,1988-10-01
4773039042,경상북도,의성군,비안면,자락리,8,1988-10-01
4773039043,경상북도,의성군,비안면,현산리,9,1988-10-01
4773039044,경상북도,의성군,비안면,산제리,10,1988-10-01
4773039045,경상북도,의성군,비안면,화신리,11,1988-10-01
4773039046,경상북도,의성군,비안면,쌍계리,12,1988-10-01
4773039047,경상북도,의성군,비안면,도암리,13,1988-10-01
4773039048,경상북도,의성군,비안면,장춘리,14,1988-10-01
4773040000,경상북도,의성군,구천면,,11,1988-04-23
4773040031,경상북도,의성군,구천면,위성리,1,1988-10-01
4773040032,경상북도,의성군,구천면,모흥리,2,1988-10-01
4773040033,경상북도,의성군,구천면,조성리,3,1988-10-01
4773040034,경상북도,의성군,구천면,장국리,4,1988-10-01
4773040035,경상북도,의성군,구천면,소호리,5,1988-10-01
4773040036,경상북도,의성군,구천면,용사리,6,1988-10-01
4773040037,경상북도,의성군,구천면,내산리,7,1988-10-01
4773040038,경상북도,의성군,구천면,유산리,8,1988-10-01
4773040039,경상북도,의성군,구천면,미천리,9,1988-10-01
4773040040,경상북도,의성군,구천면,청산리,10,1988-10-01
4773041000,경상북도,의성군,단밀면,,12,1988-04-23
4773041029,경상북도,의성군,단밀면,속암리,1,1988-10-01
4773041030,경상북도,의성군,단밀면,용곡리,2,1988-10-01
4773041031,경상북도,의성군,단밀면,위중리,3,1988-10-01
4773041032,경상북도,의성군,단밀면,주선리,4,1988-10-01
4773041033,경상북도,의성군,단밀면,서제리,5,1988-10-01
4773041034,경상북도,의성군,단밀면,팔등리,6,1988-10-01
4773041035,경상북도,의성군,단밀면,생송리,7,1988-10-01
4773041036,경상북도,의성군,단밀면,낙정리,8,1988-10-01
4773042000,경상북도,의성군,단북면,,13,1988-04-23
4773042028,경상북도,의성군,단북면,이연리,1,1988-10-01
4773042029,경상북도,의성군,단북면,노연리,2,1988-10-01
4773042030,경상북도,의성군,단북면,정안리,3,1988-10-01
4773042031,경상북도,의성군,단북면,연제리,4,1988-10-01
4773042032,경상북도,의성군,단북면,효제리,5,1988-10-01
4773042033,경상북도,의성군,단북면,성암리,6,1988-10-01
4773042034,경상북도,의성군,단북면,신하리,7,1988-10-01
4773043000,경상북도,의성군,안계면,,14,1988-04-23
4773043030,경상북도,의성군,안계면,용기리,1,1988-10-01
4773043031,경상북도,의성군,안계면,토매리,2,1988-10-01
4773043032,경상북도,의성군,안계면,위양리,3,1988-10-01
4773043033,경상북도,의성군,안계면,교촌리,4,1988-10-01
4773043034,경상북도,의성군,안계면,안정리,5,1988-10-01
4773043035,경상북도,의성군,안계면,봉양리,6,1988-10-01
4773043036,경상북도,의성군,안계면,도덕리,7,1988-10-01
4773043037,경상북도,의성군,안계면,양곡리,8,1988-10-01
4773043038,경상북도,의성군,안계면,시안리,9,1988-10-01
4773044000,경상북도,의성군,다인면,,15,1988-04-23
4773044036,경상북도,의성군,다인면,서릉리,1,1988-10-01
4773044037,경상북도,의성군,다인면,산내리,2,1988-10-01
4773044038,경상북도,의성군,다인면,가원리,3,1988-10-01
4773044039,경상북도,의성군,다인면,송호리,4,1988-10-01
4773044040,경상북도,의성군,다인면,도암리,5,1988-10-01
4773044041,경상북도,의성군,다인면,평림리,6,1988-10-01
4773044042,경상북도,의성군,다인면,덕지리,7,1988-10-01
4773044043,경상북도,의성군,다인면,덕미리,8,1988-10-01
4773044044,경상북도,의성군,다인면,양서리,9,1988-10-01
4773044045,경상북도,의성군,다인면,용곡리,10,1988-10-01
4773044046,경상북도,의성군,다인면,봉정리,11,1988-10-01
4773044047,경상북도,의성군,다인면,달제리,12,1988-10-01
4773044048,경상북도,의성군,다인면,삼분리,13,1988-10-01
4773044049,경상북도,의성군,다인면,외정리,14,1988-10-01
4773044050,경상북도,의성군,다인면,신락리,15,1988-10-01
4773044051,경상북도,의성군,다인면,용무리,16,1995-04-27
4773045000,경상북도,의성군,신평면,,16,1988-04-23
4773045033,경상북도,의성군,신평면,용봉리,1,1988-10-01
4773045034,경상북도,의성군,신평면,덕봉리,2,1988-10-01
4773045035,경상북도,의성군,신평면,중율리,3,1988-10-01
4773045036,경상북도,의성군,신평면,청운리,4,1988-10-01
4773045037,경상북도,의성군,신평면,교안리,5,1988-10-01
4773045038,경상북도,의성군,신평면,검곡리,6,1988-10-01
4773046000,경상북도,의성군,안평면,,17,1988-04-23
4773046034,경상북도,의성군,안평면,창길리,1,1988-10-01
4773046035,경상북도,의성군,안평면,괴산리,2,1988-10-01
4773046036,경상북도,의성군,안평면,박곡리,3,1988-10-01
4773046037,경상북도,의성군,안평면,석탑리,4,1988-10-01
4773046038,경상북도,의성군,안평면,신월리,5,1988-10-01
4773046039,경상북도,의성군,안평면,신안리,6,1988-10-01
4773046040,경상북도,의성군,안평면,대사리,7,1988-10-01
4773046041,경상북도,의성군,안평면,도옥리,8,1988-10-01
4773046042,경상북도,의성군,안평면,마전리,9,1988-10-01
4773046043,경상북도,의성군,안평면,기도리,10,1988-10-01
4773046044,경상북도,의성군,안평면,금곡리,11,1988-10-01
4773046045,경상북도,의성군,안평면,하령리,12,1988-10-01
4773046046,경상북도,의성군,안평면,삼춘리,13,1988-10-01
4773047000,경상북도,의성군,안사면,,18,1991-08-06
4773047021,경상북도,의성군,안사면,중하리,1,1991-08-06
4773047022,경상북도,의성군,안사면,안사리,2,1991-08-06
4773047023,경상북도,의성군,안사면,만리리,3,1991-08-06
4773047024,경상북도,의성군,안사면,신수리,4,1991-08-06
4773047025,경상북도,의성군,안사면,월소리,5,1991-08-06
4773047026,경상북도,의성군,안사면,쌍호리,6,1991-08-06
4775000000,경상북도,청송군,,,15,1988-04-23
4775025000,경상북도,청송군,청송읍,,1,1988-04-23
4775025021,경상북도,청송군,청송읍,월막리,1,1988-10-01
4775025022,경상북도,청송군,청송읍,덕리,2,1988-10-01
4775025023,경상북도,청송군,청송읍,금곡리,3,1988-10-01
4775025024,경상북도,청송군,청송읍,청운리,4,1988-10-01
4775025025,경상북도,청송군,청송읍,송생리,5,1988-10-01
4775025026,경상북도,청송군,청송읍,교리,6,1988-10-01
4775025027,경상북도,청송군,청송읍,거대리,7,1988-10-01
4775025028,경상북도,청송군,청송읍,월외리,8,1988-10-01
4775025029,경상북도,청송군,청송읍,부곡리,9,1988-10-01
4775031500,경상북도,청송군,주왕산면,,2,2019-03-05
4775031521,경상북도,청송군,주왕산면,상평리,1,2019-03-05
4775031522,경상북도,청송군,주왕산면,지리,2,2019-03-05
4775031523,경상북도,청송군,주왕산면,하의리,3,2019-03-05
4775031524,경상북도,청송군,주왕산면,상의리,4,2019-03-05
4775031525,경상북도,청송군,주왕산면,부일리,5,2019-03-05
4775031526,경상북도,청송군,주왕산면,신점리,6,2019-03-05
4775031527,경상북도,청송군,주왕산면,주산지리,7,2019-03-05
4775031528,경상북도,청송군,주왕산면,내룡리,8,2019-03-05
4775031529,경상북도,청송군,주왕산면,라리,9,2019-03-05
4775031530,경상북도,청송군,주왕산면,항리,10,2019-03-05
4775032000,경상북도,청송군,부남면,,3,1988-04-23
4775032030,경상북도,청송군,부남면,감연리,1,1988-10-01
4775032031,경상북도,청송군,부남면,대전리,2,1988-10-01
4775032032,경상북도,청송군,부남면,홍원리,3,1988-10-01
4775032033,경상북도,청송군,부남면,하속리,4,1988-10-01
4775032034,경상북도,청송군,부남면,구천리,5,1988-10-01
4775032035,경상북도,청송군,부남면,화장리,6,1988-10-01
4775032036,경상북도,청송군,부남면,이현리,7,1988-10-01
4775032037,경상북도,청송군,부남면,중기리,8,1988-10-01
4775032038,경상북도,청송군,부남면,양숙리,9,1988-10-01
4775033000,경상북도,청송군,현동면,,4,1988-04-23
4775033028,경상북도,청송군,현동면,도평리,1,1988-10-01
4775033029,경상북도,청송군,현동면,거성리,2,1988-10-01
4775033030,경상북도,청송군,현동면,눌인리,3,1988-10-01
4775033031,경상북도,청송군,현동면,월매리,4,1988-10-01
4775033032,경상북도,청송군,현동면,개일리,5,1988-10-01
4775033033,경상북도,청송군,현동면,창양리,6,1988-10-01
4775033034,경상북도,청송군,현동면,인지리,7,1988-10-01
4775034000,경상북도,청송군,현서면,,5,1988-04-23
4775034034,경상북도,청송군,현서면,백자리,1,1988-10-01
4775034035,경상북도,청송군,현서면,수락리,2,1988-10-01
4775034036,경상북도,청송군,현서면,무계리,3,1988-10-01
4775034037,경상북도,청송군,현서면,갈천리,4,1988-10-01
4775034038,경상북도,청송군,현서면,사촌리,5,1988-10-01
4775034039,경상북도,청송군,현서면,월정리,6,1988-10-01
4775034040,경상북도,청송군,현서면,도리,7,1988-10-01
4775034041,경상북도,청송군,현서면,모계리,8,1988-10-01
4775034042,경상북도,청송군,현서면,천천리,9,1988-10-01
4775034043,경상북도,청송군,현서면,구산리,10,1988-10-01
4775034044,경상북도,청송군,현서면,화목리,11,1988-10-01
4775034045,경상북도,청송군,현서면,덕계리,12,1988-10-01
4775034046,경상북도,청송군,현서면,두현리,13,1988-10-01
4775035000,경상북도,청송군,안덕면,,6,1988-04-23
4775035033,경상북도,청송군,안덕면,명당리,1,1988-10-01
4775035034,경상북도,청송군,안덕면,감은리,2,1988-10-01
4775035035,경상북도,청송군,안덕면,장전리,3,1988-10-01
4775035036,경상북도,청송군,안덕면,문거리,4,1988-10-01
4775035037,경상북도,청송군,안덕면,신성리,5,1988-10-01
4775035038,경상북도,청송군,안덕면,근곡리,6,1988-10-01
4775035039,경상북도,청송군,안덕면,노래리,7,1988-10-01
4775035040,경상북도,청송군,안덕면,지소리,8,1988-10-01
4775035041,경상북도,청송군,안덕면,고와리,9,1988-10-01
4775035042,경상북도,청송군,안덕면,복리,10,1988-10-01
4775035043,경상북도,청송군,안덕면,덕성리,11,1988-10-01
4775035044,경상북도,청송군,안덕면,성재리,12,1988-10-01
4775036000,경상북도,청송군,파천면,,7,1988-04-23
4775036032,경상북도,청송군,파천면,관리,1,1988-10-01
4775036033,경상북도,청송군,파천면,중평리,2,1988-10-01
4775036034,경상북도,청송군,파천면,덕천리,3,1988-10-01
4775036035,경상북도,청송군,파천면,신흥리,4,1988-10-01
4775036036,경상북도,청송군,파천면,지경리,5,1988-10-01
4775036037,경상북도,청송군,파천면,병부리,6,1988-10-01
4775036038,경상북도,청송군,파천면,황목리,7,1988-10-01
4775036039,경상북도,청송군,파천면,어천리,8,1988-10-01
4775036040,경상북도,청송군,파천면,송강리,9,1988-10-01
4775036041,경상북도,청송군,파천면,신기리,10,1988-10-01
4775036042,경상북도,청송군,파천면,옹점리,11,1988-10-01
4775037000,경상북도,청송군,진보면,,8,1988-04-23
4775037036,경상북도,청송군,진보면,진안리,1,1988-10-01
4775037037,경상북도,청송군,진보면,이촌리,2,1988-10-01
4775037038,경상북도,청송군,진보면,후평리,3,1988-10-01
4775037039,경상북도,청송군,진보면,합강리,4,1988-10-01
4775037040,경상북도,청송군,진보면,기곡리,5,1988-10-01
4775037041,경상북도,청송군,진보면,추현리,6,1988-10-01
4775037042,경상북도,청송군,진보면,부곡리,7,1988-10-01
4775037043,경상북도,청송군,진보면,세장리,8,1988-10-01
4775037044,경상북도,청송군,진보면,광덕리,9,1988-10-01
4775037045,경상북도,청송군,진보면,각산리,10,1988-10-01
4775037046,경상북도,청송군,진보면,월전리,11,1988-10-01
4775037047,경상북도,청송군,진보면,시량리,12,1988-10-01
4775037048,경상북도,청송군,진보면,고현리,13,1988-10-01
4775037049,경상북도,청송군,진보면,신촌리,14,1988-10-01
4775037050,경상북도,청송군,진보면,괴정리,15,1988-10-01
4776000000,경상북도,영양군,,,16,1988-04-23
4776025000,경상북도,영양군,영양읍,,1,1988-04-23
4776025021,경상북도,영양군,영양읍,동부리,1,1988-10-01
4776025022,경상북도,영양군,영양읍,서부리,2,1988-10-01
4776025023,경상북도,영양군,영양읍,감천리,3,1988-10-01
4776025024,경상북도,영양군,영양읍,전곡리,4,1988-10-01
4776025025,경상북도,영양군,영양읍,황용리,5,1988-10-01
4776025026,경상북도,영양군,영양읍,삼지리,6,1988-10-01
4776025027,경상북도,영양군,영양읍,현리,7,1988-10-01
4776025028,경상북도,영양군,영양읍,하원리,8,1988-10-01
4776025029,경상북도,영양군,영양읍,상원리,9,1988-10-01
4776025030,경상북도,영양군,영양읍,무학리,10,1988-10-01
4776025031,경상북도,영양군,영양읍,무창리,11,1988-10-01
4776025032,경상북도,영양군,영양읍,대천리,12,1988-10-01
4776025033,경상북도,영양군,영양읍,화천리,13,1988-10-01
4776025034,경상북도,영양군,영양읍,양구리,14,1988-10-01
4776025035,경상북도,영양군,영양읍,기산리,15,1988-10-01
4776031000,경상북도,영양군,입암면,,2,1988-04-23
4776031034,경상북도,영양군,입암면,신구리,1,1988-10-01
4776031035,경상북도,영양군,입암면,양항리,2,1988-10-01
4776031036,경상북도,영양군,입암면,연당리,3,1988-10-01
4776031037,경상북도,영양군,입암면,교리,4,1988-10-01
4776031038,경상북도,영양군,입암면,삼산리,5,1988-10-01
4776031039,경상북도,영양군,입암면,신사리,6,1988-10-01
4776031040,경상북도,영양군,입암면,대천리,7,1988-10-01
4776031041,경상북도,영양군,입암면,금학리,8,1988-10-01
4776031042,경상북도,영양군,입암면,산해리,9,1988-10-01
4776031043,경상북도,영양군,입암면,노달리,10,1988-10-01
4776031044,경상북도,영양군,입암면,방전리,11,1988-10-01
4776031045,경상북도,영양군,입암면,병옥리,12,1988-10-01
4776031046,경상북도,영양군,입암면,흥구리,13,1988-10-01
4776032000,경상북도,영양군,청기면,,3,1988-04-23
4776032034,경상북도,영양군,청기면,정족리,1,1988-10-01
4776032035,경상북도,영양군,청기면,토곡리,2,1988-10-01
4776032036,경상북도,영양군,청기면,사리,3,1988-10-01
4776032037,경상북도,영양군,청기면,청기리,4,1988-10-01
4776032038,경상북도,영양군,청기면,구매리,5,1988-10-01
4776032039,경상북도,영양군,청기면,저리,6,1988-10-01
4776032040,경상북도,영양군,청기면,산운리,7,1988-10-01
4776032041,경상북도,영양군,청기면,토구리,8,1988-10-01
4776032042,경상북도,영양군,청기면,무진리,9,1988-10-01
4776032043,경상북도,영양군,청기면,행화리,10,1988-10-01
4776032044,경상북도,영양군,청기면,당리,11,1988-10-01
4776032045,경상북도,영양군,청기면,상청리,12,1988-10-01
4776032046,경상북도,영양군,청기면,기포리,13,1988-10-01
4776033000,경상북도,영양군,일월면,,4,1988-04-23
4776033032,경상북도,영양군,일월면,주곡리,1,1988-10-01
4776033033,경상북도,영양군,일월면,곡강리,2,1988-10-01
4776033034,경상북도,영양군,일월면,문암리,3,1988-10-01
4776033035,경상북도,영양군,일월면,오리리,4,1988-10-01
4776033036,경상북도,영양군,일월면,용화리,5,1988-10-01
4776033037,경상북도,영양군,일월면,도계리,6,1988-10-01
4776033038,경상북도,영양군,일월면,섬촌리,7,1988-10-01
4776033039,경상북도,영양군,일월면,가천리,8,1988-10-01
4776033040,경상북도,영양군,일월면,도곡리,9,1988-10-01
4776033041,경상북도,영양군,일월면,칠성리,10,1988-10-01
4776033042,경상북도,영양군,일월면,가곡리,11,1988-10-01
4776034000,경상북도,영양군,수비면,,5,1988-04-23
4776034030,경상북도,영양군,수비면,수하리,1,1988-10-01
4776034031,경상북도,영양군,수비면,발리리,2,1988-10-01
4776034032,경상북도,영양군,수비면,신원리,3,1988-10-01
4776034033,경상북도,영양군,수비면,죽파리,4,1988-10-01
4776034034,경상북도,영양군,수비면,오기리,5,1988-10-01
4776034035,경상북도,영양군,수비면,계리,6,1988-10-01
4776034036,경상북도,영양군,수비면,본신리,7,1988-10-01
4776034037,경상북도,영양군,수비면,신암리,8,1988-10-01
4776034038,경상북도,영양군,수비면,송하리,9,1988-10-01
4776035000,경상북도,영양군,석보면,,6,1988-04-23
4776035034,경상북도,영양군,석보면,원리리,1,1988-10-01
4776035035,경상북도,영양군,석보면,옥계리,2,1988-10-01
4776035036,경상북도,영양군,석보면,주남리,3,1988-10-01
4776035037,경상북도,영양군,석보면,요원리,4,1988-10-01
4776035038,경상북도,영양군,석보면,택전리,5,1988-10-01
4776035039,경상북도,영양군,석보면,신평리,6,1988-10-01
4776035040,경상북도,영양군,석보면,포산리,7,1988-10-01
4776035041,경상북도,영양군,석보면,소계리,8,1988-10-01
4776035042,경상북도,영양군,석보면,화매리,9,1988-10-01
4776035043,경상북도,영양군,석보면,답곡리,10,1988-10-01
4776035044,경상북도,영양군,석보면,홍계리,11,1988-10-01
4776035045,경상북도,영양군,석보면,지경리,12,1988-10-01
4776035046,경상북도,영양군,석보면,삼의리,13,1988-10-01
4777000000,경상북도,영덕군,,,17,1988-04-23
4777025000,경상북도,영덕군,영덕읍,,1,1988-04-23
4777025021,경상북도,영덕군,영덕읍,구미리,1,1988-10-01
4777025022,경상북도,영덕군,영덕읍,화개리,2,1988-10-01
4777025023,경상북도,영덕군,영덕읍,남석리,3,1988-10-01
4777025024,경상북도,영덕군,영덕읍,덕곡리,4,1988-10-01
4777025025,경상북도,영덕군,영덕읍,천전리,5,1988-10-01
4777025026,경상북도,영덕군,영덕읍,남산리,6,1988-10-01
4777025027,경상북도,영덕군,영덕읍,우곡리,7,1988-10-01
4777025028,경상북도,영덕군,영덕읍,화수리,8,1988-10-01
4777025029,경상북도,영덕군,영덕읍,삼계리,9,1988-10-01
4777025030,경상북도,영덕군,영덕읍,매정리,10,1988-10-01
4777025031,경상북도,영덕군,영덕읍,석리,11,1988-10-01
4777025032,경상북도,영덕군,영덕읍,노물리,12,1988-10-01
4777025033,경상북도,영덕군,영덕읍,오보리,13,1988-10-01
4777025034,경상북도,영덕군,영덕읍,대탄리,14,1988-10-01
4777025035,경상북도,영덕군,영덕읍,대부리,15,1988-10-01
4777025036,경상북도,영덕군,영덕읍,창포리,16,1988-10-01
4777025037,경상북도,영덕군,영덕읍,화천리,17,1993-07-15
4777031000,경상북도,영덕군,강구면,,2,1988-04-23
4777031031,경상북도,영덕군,강구면,강구리,1,1988-10-01
4777031032,경상북도,영덕군,강구면,오포리,2,1988-10-01
4777031033,경상북도,영덕군,강구면,삼사리,3,1988-10-01
4777031034,경상북도,영덕군,강구면,화전리,4,1988-10-01
4777031035,경상북도,영덕군,강구면,상직리,5,1988-10-01
4777031037,경상북도,영덕군,강구면,소월리,6,1988-10-01
4777031038,경상북도,영덕군,강구면,금호리,7,1988-10-01
4777031039,경상북도,영덕군,강구면,하저리,8,1988-10-01
4777031040,경상북도,영덕군,강구면,금진리,9,1988-10-01
4777031041,경상북도,영덕군,강구면,원직리,10,1990-01-01
4777032000,경상북도,영덕군,남정면,,3,1988-04-23
4777032036,경상북도,영덕군,남정면,장사리,1,1988-10-01
4777032037,경상북도,영덕군,남정면,부경리,2,1988-10-01
4777032038,경상북도,영덕군,남정면,회리,3,1988-10-01
4777032039,경상북도,영덕군,남정면,양성리,4,1988-10-01
4777032040,경상북도,영덕군,남정면,봉전리,5,1988-10-01
4777032041,경상북도,영덕군,남정면,쟁암리,6,1988-10-01
4777032042,경상북도,영덕군,남정면,사암리,7,1988-10-01
4777032043,경상북도,영덕군,남정면,도천리,8,1988-10-01
4777032044,경상북도,영덕군,남정면,우곡리,9,1988-10-01
4777032045,경상북도,영덕군,남정면,중화리,10,1988-10-01
4777032046,경상북도,영덕군,남정면,남정리,11,1988-10-01
4777032047,경상북도,영덕군,남정면,남호리,12,1988-10-01
4777032048,경상북도,영덕군,남정면,구계리,13,1988-10-01
4777032049,경상북도,영덕군,남정면,원척리,14,1988-10-01
4777032050,경상북도,영덕군,남정면,부흥리,15,1988-10-01
4777033000,경상북도,영덕군,달산면,,4,1988-04-23
4777033032,경상북도,영덕군,달산면,대지리,1,1988-10-01
4777033033,경상북도,영덕군,달산면,용평리,2,1988-10-01
4777033034,경상북도,영덕군,달산면,매일리,3,1988-10-01
4777033035,경상북도,영덕군,달산면,흥기리,4,1988-10-01
4777033036,경상북도,영덕군,달산면,주응리,5,1988-10-01
4777033037,경상북도,영덕군,달산면,옥산리,6,1988-10-01
4777033038,경상북도,영덕군,달산면,인곡리,7,1988-10-01
4777033039,경상북도,영덕군,달산면,용전리,8,1988-10-01
4777033040,경상북도,영덕군,달산면,덕산리,9,1988-10-01
4777033041,경상북도,영덕군,달산면,봉산리,10,1988-10-01
4777033042,경상북도,영덕군,달산면,옥계리,11,1988-10-01
4777034000,경상북도,영덕군,지품면,,5,1988-04-23
4777034039,경상북도,영덕군,지품면,삼화리,1,1988-10-01
4777034040,경상북도,영덕군,지품면,오천리,2,1988-10-01
4777034041,경상북도,영덕군,지품면,신양리,3,1988-10-01
4777034042,경상북도,영덕군,지품면,눌곡리,4,1988-10-01
4777034043,경상북도,영덕군,지품면,용덕리,5,1988-10-01
4777034044,경상북도,영덕군,지품면,송천리,6,1988-10-01
4777034045,경상북도,영덕군,지품면,낙평리,7,1988-10-01
4777034046,경상북도,영덕군,지품면,수암리,8,1988-10-01
4777034047,경상북도,영덕군,지품면,복곡리,9,1988-10-01
4777034048,경상북도,영덕군,지품면,원전리,10,1988-10-01
4777034049,경상북도,영덕군,지품면,지품리,11,1988-10-01
4777034050,경상북도,영덕군,지품면,기사리,12,1988-10-01
4777034051,경상북도,영덕군,지품면,황장리,13,1988-10-01
4777034052,경상북도,영덕군,지품면,신안리,14,1988-10-01
4777034053,경상북도,영덕군,지품면,속곡리,15,1988-10-01
4777034054,경상북도,영덕군,지품면,율전리,16,1988-10-01
4777034055,경상북도,영덕군,지품면,도계리,17,1988-10-01
4777034056,경상북도,영덕군,지품면,옥류리,18,1988-10-01
4777034057,경상북도,영덕군,지품면,신애리,19,1988-12-31
4777035000,경상북도,영덕군,축산면,,6,1988-04-23
4777035032,경상북도,영덕군,축산면,축산리,1,1988-10-01
4777035033,경상북도,영덕군,축산면,경정리,2,1988-10-01
4777035034,경상북도,영덕군,축산면,고곡리,3,1988-10-01
4777035035,경상북도,영덕군,축산면,도곡리,4,1988-10-01
4777035036,경상북도,영덕군,축산면,상원리,5,1988-10-01
4777035037,경상북도,영덕군,축산면,부곡리,6,1988-10-01
4777035038,경상북도,영덕군,축산면,칠성리,7,1988-10-01
4777035039,경상북도,영덕군,축산면,조항리,8,1988-10-01
4777035040,경상북도,영덕군,축산면,대곡리,9,1988-10-01
4777035041,경상북도,영덕군,축산면,기암리,10,1988-10-01
4777036000,경상북도,영덕군,영해면,,7,1988-04-23
4777036030,경상북도,영덕군,영해면,성내리,1,1988-10-01
4777036031,경상북도,영덕군,영해면,괴시리,2,1988-10-01
4777036032,경상북도,영덕군,영해면,대진리,3,1988-10-01
4777036033,경상북도,영덕군,영해면,사진리,4,1988-10-01
4777036034,경상북도,영덕군,영해면,연평리,5,1988-10-01
4777036035,경상북도,영덕군,영해면,벌영리,6,1988-10-01
4777036036,경상북도,영덕군,영해면,원구리,7,1988-10-01
4777036037,경상북도,영덕군,영해면,묘곡리,8,1988-10-01
4777036039,경상북도,영덕군,영해면,대동리,10,2025-06-30
4777037000,경상북도,영덕군,병곡면,,8,1988-04-23
4777037035,경상북도,영덕군,병곡면,삼읍리,1,1988-10-01
4777037036,경상북도,영덕군,병곡면,금곡리,2,1988-10-01
4777037037,경상북도,영덕군,병곡면,백석리,3,1988-10-01
4777037038,경상북도,영덕군,병곡면,병곡리,4,1988-10-01
4777037039,경상북도,영덕군,병곡면,영리,5,1988-10-01
4777037040,경상북도,영덕군,병곡면,거무역리,6,1988-10-01
4777037041,경상북도,영덕군,병곡면,아곡리,7,1988-10-01
4777037042,경상북도,영덕군,병곡면,원황리,8,1988-10-01
4777037043,경상북도,영덕군,병곡면,이천리,9,1988-10-01
4777037044,경상북도,영덕군,병곡면,각리리,10,1988-10-01
4777037045,경상북도,영덕군,병곡면,사천리,11,1988-10-01
4777037046,경상북도,영덕군,병곡면,신평리,12,1988-10-01
4777037047,경상북도,영덕군,병곡면,송천리,13,1988-10-01
4777037049,경상북도,영덕군,병곡면,덕천리,14,1990-01-01
4777038000,경상북도,영덕군,창수면,,9,1988-04-23
4777038034,경상북도,영덕군,창수면,인량리,1,1988-10-01
4777038035,경상북도,영덕군,창수면,가산리,2,1988-10-01
4777038036,경상북도,영덕군,창수면,신기리,3,1988-10-01
4777038037,경상북도,영덕군,창수면,신리리,4,1988-10-01
4777038038,경상북도,영덕군,창수면,갈천리,5,1988-10-01
4777038039,경상북도,영덕군,창수면,창수리,6,1988-10-01
4777038040,경상북도,영덕군,창수면,미곡리,7,1988-10-01
4777038041,경상북도,영덕군,창수면,오촌리,8,1988-10-01
4777038042,경상북도,영덕군,창수면,삼계리,9,1988-10-01
4777038043,경상북도,영덕군,창수면,수리,10,1988-10-01
4777038044,경상북도,영덕군,창수면,인천리,11,1988-10-01
4777038045,경상북도,영덕군,창수면,보림리,12,1988-10-01
4777038046,경상북도,영덕군,창수면,백청리,13,1988-10-01
4782000000,경상북도,청도군,,,18,1988-04-23
4782025000,경상북도,청도군,화양읍,,1,1988-04-23
4782025021,경상북도,청도군,화양읍,동상리,1,1988-10-01
4782025022,경상북도,청도군,화양읍,서상리,2,1988-10-01
4782025023,경상북도,청도군,화양읍,신봉리,3,1988-10-01
4782025024,경상북도,청도군,화양읍,교촌리,4,1988-10-01
4782025025,경상북도,청도군,화양읍,동천리,5,1988-10-01
4782025026,경상북도,청도군,화양읍,합천리,6,1988-10-01
4782025027,경상북도,청도군,화양읍,범곡리,7,1988-10-01
4782025028,경상북도,청도군,화양읍,송북리,8,1988-10-01
4782025029,경상북도,청도군,화양읍,눌미리,9,1988-10-01
4782025030,경상북도,청도군,화양읍,고평리,10,1988-10-01
4782025031,경상북도,청도군,화양읍,소라리,11,1988-10-01
4782025032,경상북도,청도군,화양읍,진라리,12,1988-10-01
4782025033,경상북도,청도군,화양읍,삼신리,13,1988-10-01
4782025034,경상북도,청도군,화양읍,다로리,14,1988-10-01
4782025035,경상북도,청도군,화양읍,송금리,15,1988-10-01
4782025036,경상북도,청도군,화양읍,유등리,16,1988-10-01
4782025037,경상북도,청도군,화양읍,토평리,17,1988-10-01
4782025300,경상북도,청도군,청도읍,,2,1988-04-23
4782025321,경상북도,청도군,청도읍,고수리,1,1988-10-01
4782025322,경상북도,청도군,청도읍,송읍리,2,1988-10-01
4782025323,경상북도,청도군,청도읍,무등리,3,1988-10-01
4782025324,경상북도,청도군,청도읍,덕암리,4,1988-10-01
4782025325,경상북도,청도군,청도읍,내리,5,1988-10-01
4782025326,경상북도,청도군,청도읍,안인리,6,1988-10-01
4782025327,경상북도,청도군,청도읍,운산리,7,1988-10-01
4782025328,경상북도,청도군,청도읍,부야리,8,1988-10-01
4782025329,경상북도,청도군,청도읍,원정리,9,1988-10-01
4782025330,경상북도,청도군,청도읍,구미리,10,1988-10-01
4782025331,경상북도,청도군,청도읍,월곡리,11,1988-10-01
4782025332,경상북도,청도군,청도읍,원리,12,1988-10-01
4782025333,경상북도,청도군,청도읍,거연리,13,1988-10-01
4782025334,경상북도,청도군,청도읍,신도리,14,1988-10-01
4782025335,경상북도,청도군,청도읍,상리,15,1988-10-01
4782025336,경상북도,청도군,청도읍,평양리,16,1988-10-01
4782025337,경상북도,청도군,청도읍,음지리,17,1988-10-01
4782025338,경상북도,청도군,청도읍,초현리,18,1988-10-01
4782025339,경상북도,청도군,청도읍,유호리,19,1988-10-01
4782025340,경상북도,청도군,청도읍,내호리,20,1988-10-01
4782025341,경상북도,청도군,청도읍,사촌리,21,1988-10-01
4782031000,경상북도,청도군,각남면,,3,1988-04-23
4782031031,경상북도,청도군,각남면,칠성리,1,1988-10-01
4782031032,경상북도,청도군,각남면,화리,2,1988-10-01
4782031033,경상북도,청도군,각남면,일곡리,3,1988-10-01
4782031034,경상북도,청도군,각남면,구곡리,4,1988-10-01
4782031035,경상북도,청도군,각남면,예리리,5,1988-10-01
4782031036,경상북도,청도군,각남면,신당리,6,1988-10-01
4782031037,경상북도,청도군,각남면,녹명리,7,1988-10-01
4782031038,경상북도,청도군,각남면,사리,8,1988-10-01
4782031039,경상북도,청도군,각남면,함박리,9,1988-10-01
4782031040,경상북도,청도군,각남면,옥산리,10,1988-10-01
4782032000,경상북도,청도군,풍각면,,4,1988-04-23
4782032033,경상북도,청도군,풍각면,송서리,1,1988-10-01
4782032034,경상북도,청도군,풍각면,봉기리,2,1988-10-01
4782032035,경상북도,청도군,풍각면,현리리,3,1988-10-01
4782032036,경상북도,청도군,풍각면,성곡리,4,1988-10-01
4782032037,경상북도,청도군,풍각면,수월리,5,1988-10-01
4782032038,경상북도,청도군,풍각면,화산리,6,1988-10-01
4782032039,경상북도,청도군,풍각면,금곡리,7,1988-10-01
4782032040,경상북도,청도군,풍각면,안산리,8,1988-10-01
4782032041,경상북도,청도군,풍각면,흑석리,9,1988-10-01
4782032042,경상북도,청도군,풍각면,월봉리,10,1988-10-01
4782032043,경상북도,청도군,풍각면,차산리,11,1988-10-01
4782032044,경상북도,청도군,풍각면,덕양리,12,1988-10-01
4782033000,경상북도,청도군,각북면,,5,1988-04-23
4782033029,경상북도,청도군,각북면,명대리,1,1988-10-01
4782033030,경상북도,청도군,각북면,우산리,2,1988-10-01
4782033031,경상북도,청도군,각북면,삼평리,3,1988-10-01
4782033032,경상북도,청도군,각북면,남산리,4,1988-10-01
4782033033,경상북도,청도군,각북면,덕촌리,5,1988-10-01
4782033034,경상북도,청도군,각북면,지슬리,6,1988-10-01
4782033035,경상북도,청도군,각북면,금천리,7,1988-10-01
4782033036,경상북도,청도군,각북면,오산리,8,1988-10-01
4782034000,경상북도,청도군,이서면,,6,1988-04-23
4782034038,경상북도,청도군,이서면,칠엽리,1,1988-10-01
4782034039,경상북도,청도군,이서면,대전리,2,1988-10-01
4782034040,경상북도,청도군,이서면,가금리,3,1988-10-01
4782034041,경상북도,청도군,이서면,구라리,4,1988-10-01
4782034042,경상북도,청도군,이서면,서원리,5,1988-10-01
4782034043,경상북도,청도군,이서면,각계리,6,1988-10-01
4782034044,경상북도,청도군,이서면,학산리,7,1988-10-01
4782034045,경상북도,청도군,이서면,수야리,8,1988-10-01
4782034046,경상북도,청도군,이서면,금촌리,9,1988-10-01
4782034048,경상북도,청도군,이서면,문수리,10,1988-10-01
4782034049,경상북도,청도군,이서면,고철리,11,1988-10-01
4782034050,경상북도,청도군,이서면,양원리,12,1988-10-01
4782034051,경상북도,청도군,이서면,신촌리,13,1988-10-01
4782034052,경상북도,청도군,이서면,칠곡리,14,1988-10-01
4782034053,경상북도,청도군,이서면,대곡리,15,1988-10-01
4782034054,경상북도,청도군,이서면,팔조리,16,1988-10-01
4782034055,경상북도,청도군,이서면,흥선리,17,1989-04-19
4782035000,경상북도,청도군,운문면,,7,1988-04-23
4782035032,경상북도,청도군,운문면,대천리,1,1988-10-01
4782035033,경상북도,청도군,운문면,순지리,2,1988-10-01
4782035034,경상북도,청도군,운문면,방음리,3,1988-10-01
4782035035,경상북도,청도군,운문면,오진리,4,1988-10-01
4782035036,경상북도,청도군,운문면,신원리,5,1988-10-01
4782035037,경상북도,청도군,운문면,서지리,6,1988-10-01
4782035038,경상북도,청도군,운문면,공암리,7,1988-10-01
4782035039,경상북도,청도군,운문면,지촌리,8,1988-10-01
4782035040,경상북도,청도군,운문면,봉하리,9,1988-10-01
4782035041,경상북도,청도군,운문면,정상리,10,1988-10-01
4782035042,경상북도,청도군,운문면,마일리,11,1988-10-01
4782035043,경상북도,청도군,운문면,방지리,12,1992-04-16
4782036000,경상북도,청도군,금천면,,8,1988-04-23
4782036031,경상북도,청도군,금천면,동곡리,1,1988-10-01
4782036032,경상북도,청도군,금천면,사전리,2,1988-10-01
4782036033,경상북도,청도군,금천면,김전리,3,1988-10-01
4782036034,경상북도,청도군,금천면,갈지리,4,1988-10-01
4782036035,경상북도,청도군,금천면,소천리,5,1988-10-01
4782036036,경상북도,청도군,금천면,방지리,6,1988-10-01
4782036037,경상북도,청도군,금천면,임당리,7,1988-10-01
4782036038,경상북도,청도군,금천면,신지리,8,1988-10-01
4782036039,경상북도,청도군,금천면,박곡리,9,1988-10-01
4782036040,경상북도,청도군,금천면,오봉리,10,1988-10-01
4782037000,경상북도,청도군,매전면,,9,1988-04-23
4782037041,경상북도,청도군,매전면,남양리,1,1988-10-01
4782037042,경상북도,청도군,매전면,당호리,2,1988-10-01
4782037043,경상북도,청도군,매전면,금곡리,3,1988-10-01
4782037044,경상북도,청도군,매전면,동산리,4,1988-10-01
4782037045,경상북도,청도군,매전면,북지리,5,1988-10-01
4782037046,경상북도,청도군,매전면,용산리,6,1988-10-01
4782037047,경상북도,청도군,매전면,온막리,7,1988-10-01
4782037048,경상북도,청도군,매전면,호화리,8,1988-10-01
4782037049,경상북도,청도군,매전면,장연리,9,1988-10-01
4782037050,경상북도,청도군,매전면,예전리,10,1988-10-01
4782037051,경상북도,청도군,매전면,내리,11,1988-10-01
4782037052,경상북도,청도군,매전면,지전리,12,1988-10-01
4782037053,경상북도,청도군,매전면,송원리,13,1988-10-01
4782037054,경상북도,청도군,매전면,구촌리,14,1988-10-01
4782037055,경상북도,청도군,매전면,하평리,15,1988-10-01
4782037056,경상북도,청도군,매전면,상평리,16,1988-10-01
4782037057,경상북도,청도군,매전면,관하리,17,1988-10-01
4782037058,경상북도,청도군,매전면,금천리,18,1988-10-01
4782037059,경상북도,청도군,매전면,덕산리,19,1988-10-01
4782037060,경상북도,청도군,매전면,두곡리,20,1988-10-01
4783000000,경상북도,고령군,,,19,1988-04-23
4783025300,경상북도,고령군,대가야읍,,1,2015-04-02
4783025321,경상북도,고령군,대가야읍,쾌빈리,1,2015-04-02
4783025322,경상북도,고령군,대가야읍,고아리,2,2015-04-02
4783025323,경상북도,고령군,대가야읍,헌문리,3,2015-04-02
4783025324,경상북도,고령군,대가야읍,장기리,4,2015-04-02
4783025325,경상북도,고령군,대가야읍,연조리,5,2015-04-02
4783025326,경상북도,고령군,대가야읍,지산리,6,2015-04-02
4783025327,경상북도,고령군,대가야읍,본관리,7,2015-04-02
4783025328,경상북도,고령군,대가야읍,중화리,8,2015-04-02
4783025329,경상북도,고령군,대가야읍,저전리,9,2015-04-02
4783025330,경상북도,고령군,대가야읍,내상리,10,2015-04-02
4783025331,경상북도,고령군,대가야읍,신리,11,2015-04-02
4783025332,경상북도,고령군,대가야읍,외리,12,2015-04-02
4783025333,경상북도,고령군,대가야읍,내곡리,13,2015-04-02
4783031000,경상북도,고령군,덕곡면,,2,1988-04-23
4783031031,경상북도,고령군,덕곡면,가륜리,1,1988-10-01
4783031032,경상북도,고령군,덕곡면,원송리,2,1988-10-01
4783031033,경상북도,고령군,덕곡면,노리,3,1988-10-01
4783031034,경상북도,고령군,덕곡면,백리,4,1988-10-01
4783031035,경상북도,고령군,덕곡면,옥계리,5,1988-10-01
4783031036,경상북도,고령군,덕곡면,용흥리,6,1988-10-01
4783031037,경상북도,고령군,덕곡면,본리리,7,1988-10-01
4783031038,경상북도,고령군,덕곡면,예리,8,1988-10-01
4783031039,경상북도,고령군,덕곡면,반성리,9,1988-10-01
4783031040,경상북도,고령군,덕곡면,후암리,10,1988-10-01
4783032000,경상북도,고령군,운수면,,3,1988-04-23
4783032030,경상북도,고령군,운수면,봉평리,1,1988-10-01
4783032031,경상북도,고령군,운수면,대평리,2,1988-10-01
4783032032,경상북도,고령군,운수면,신간리,3,1988-10-01
4783032033,경상북도,고령군,운수면,법리,4,1988-10-01
4783032034,경상북도,고령군,운수면,유리,5,1988-10-01
4783032035,경상북도,고령군,운수면,팔산리,6,1988-10-01
4783032036,경상북도,고령군,운수면,운산리,7,1988-10-01
4783032037,경상북도,고령군,운수면,월산리,8,1988-10-01
4783032038,경상북도,고령군,운수면,화암리,9,1988-10-01
4783033000,경상북도,고령군,성산면,,4,1988-04-23
4783033035,경상북도,고령군,성산면,어곡리,1,1988-10-01
4783033036,경상북도,고령군,성산면,득성리,2,1988-10-01
4783033037,경상북도,고령군,성산면,삼대리,3,1988-10-01
4783033038,경상북도,고령군,성산면,오곡리,4,1988-10-01
4783033039,경상북도,고령군,성산면,강정리,5,1988-10-01
4783033040,경상북도,고령군,성산면,무계리,6,1988-10-01
4783033041,경상북도,고령군,성산면,박곡리,7,1988-10-01
4783033042,경상북도,고령군,성산면,대흥리,8,1988-10-01
4783033043,경상북도,고령군,성산면,용소리,9,1988-10-01
4783033044,경상북도,고령군,성산면,상용리,10,1988-10-01
4783033045,경상북도,고령군,성산면,고탄리,11,1988-10-01
4783033046,경상북도,고령군,성산면,기족리,12,1988-10-01
4783033047,경상북도,고령군,성산면,기산리,13,1988-10-01
4783033048,경상북도,고령군,성산면,사부리,14,1988-10-01
4783034000,경상북도,고령군,다산면,,5,1988-04-23
4783034031,경상북도,고령군,다산면,평리리,1,1988-10-01
4783034032,경상북도,고령군,다산면,호촌리,2,1988-10-01
4783034033,경상북도,고령군,다산면,곽촌리,3,1988-10-01
4783034034,경상북도,고령군,다산면,상곡리,4,1988-10-01
4783034035,경상북도,고령군,다산면,좌학리,5,1988-10-01
4783034036,경상북도,고령군,다산면,월성리,6,1988-10-01
4783034037,경상북도,고령군,다산면,노곡리,7,1988-10-01
4783034038,경상북도,고령군,다산면,나정리,8,1988-10-01
4783034039,경상북도,고령군,다산면,벌지리,9,1988-10-01
4783034040,경상북도,고령군,다산면,송곡리,10,1988-10-01
4783035000,경상북도,고령군,개진면,,6,1988-04-23
4783035032,경상북도,고령군,개진면,양전리,1,1988-10-01
4783035033,경상북도,고령군,개진면,반운리,2,1988-10-01
4783035034,경상북도,고령군,개진면,신안리,3,1988-10-01
4783035035,경상북도,고령군,개진면,직리,4,1988-10-01
4783035036,경상북도,고령군,개진면,개포리,5,1988-10-01
4783035037,경상북도,고령군,개진면,오사리,6,1988-10-01
4783035038,경상북도,고령군,개진면,구곡리,7,1988-10-01
4783035039,경상북도,고령군,개진면,옥산리,8,1988-10-01
4783035040,경상북도,고령군,개진면,부리,9,1988-10-01
4783035041,경상북도,고령군,개진면,생리,10,1988-10-01
4783035042,경상북도,고령군,개진면,인안리,11,1988-10-01
4783036000,경상북도,고령군,우곡면,,7,1988-04-23
4783036034,경상북도,고령군,우곡면,도진리,1,1988-10-01
4783036035,경상북도,고령군,우곡면,예곡리,2,1988-10-01
4783036036,경상북도,고령군,우곡면,답곡리,3,1988-10-01
4783036037,경상북도,고령군,우곡면,봉산리,4,1988-10-01
4783036038,경상북도,고령군,우곡면,포리,5,1988-10-01
4783036039,경상북도,고령군,우곡면,객기리,6,1988-10-01
4783036040,경상북도,고령군,우곡면,월오리,7,1988-10-01
4783036041,경상북도,고령군,우곡면,연리,8,1988-10-01
4783036042,경상북도,고령군,우곡면,대곡리,9,1988-10-01
4783036043,경상북도,고령군,우곡면,사전리,10,1988-10-01
4783036044,경상북도,고령군,우곡면,야정리,11,1988-10-01
4783036045,경상북도,고령군,우곡면,속리,12,1988-10-01
4783036046,경상북도,고령군,우곡면,사촌리,13,1988-10-01
4783037000,경상북도,고령군,쌍림면,,8,1988-04-23
4783037037,경상북도,고령군,쌍림면,귀원리,1,1988-10-01
4783037038,경상북도,고령군,쌍림면,송림리,2,1988-10-01
4783037039,경상북도,고령군,쌍림면,산당리,3,1988-10-01
4783037040,경상북도,고령군,쌍림면,백산리,4,1988-10-01
4783037041,경상북도,고령군,쌍림면,하거리,5,1988-10-01
4783037042,경상북도,고령군,쌍림면,신촌리,6,1988-10-01
4783037043,경상북도,고령군,쌍림면,산주리,7,1988-10-01
4783037044,경상북도,고령군,쌍림면,매촌리,8,1988-10-01
4783037045,경상북도,고령군,쌍림면,합가리,9,1988-10-01
4783037046,경상북도,고령군,쌍림면,신곡리,10,1988-10-01
4783037047,경상북도,고령군,쌍림면,평지리,11,1988-10-01
4783037048,경상북도,고령군,쌍림면,안화리,12,1988-10-01
4783037049,경상북도,고령군,쌍림면,안림리,13,1988-10-01
4783037050,경상북도,고령군,쌍림면,고곡리,14,1988-10-01
4783037051,경상북도,고령군,쌍림면,월막리,15,1988-10-01
4783037052,경상북도,고령군,쌍림면,용리,16,1988-10-01
4784000000,경상북도,성주군,,,20,1988-04-23
4784025000,경상북도,성주군,성주읍,,1,1988-04-23
4784025021,경상북도,성주군,성주읍,경산리,1,1988-10-01
4784025022,경상북도,성주군,성주읍,대흥리,2,1988-10-01
4784025023,경상북도,성주군,성주읍,대황리,3,1988-10-01
4784025024,경상북도,성주군,성주읍,성산리,4,1988-10-01
4784025025,경상북도,성주군,성주읍,삼산리,5,1988-10-01
4784025026,경상북도,성주군,성주읍,학산리,6,1988-10-01
4784025027,경상북도,성주군,성주읍,금산리,7,1988-10-01
4784025028,경상북도,성주군,성주읍,예산리,8,1988-10-01
4784025029,경상북도,성주군,성주읍,백전리,9,1988-10-01
4784025030,경상북도,성주군,성주읍,용산리,10,1988-10-01
4784031000,경상북도,성주군,선남면,,2,1988-04-23
4784031034,경상북도,성주군,선남면,용신리,1,1988-10-01
4784031035,경상북도,성주군,선남면,도흥리,2,1988-10-01
4784031036,경상북도,성주군,선남면,선원리,3,1988-10-01
4784031037,경상북도,성주군,선남면,소학리,4,1988-10-01
4784031038,경상북도,성주군,선남면,도성리,5,1988-10-01
4784031039,경상북도,성주군,선남면,동암리,6,1988-10-01
4784031040,경상북도,성주군,선남면,취곡리,7,1988-10-01
4784031041,경상북도,성주군,선남면,신부리,8,1988-10-01
4784031042,경상북도,성주군,선남면,성원리,9,1988-10-01
4784031043,경상북도,성주군,선남면,문방리,10,1988-10-01
4784031044,경상북도,성주군,선남면,오도리,11,1988-10-01
4784031045,경상북도,성주군,선남면,관화리,12,1988-10-01
4784031046,경상북도,성주군,선남면,유서리,13,1988-10-01
4784031047,경상북도,성주군,선남면,명포리,14,1989-01-01
4784031048,경상북도,성주군,선남면,장학리,15,1989-01-01
4784032000,경상북도,성주군,용암면,,3,1988-04-23
4784032040,경상북도,성주군,용암면,덕평리,1,1988-10-01
4784032041,경상북도,성주군,용암면,본리리,2,1988-10-01
4784032042,경상북도,성주군,용암면,상언리,3,1988-10-01
4784032043,경상북도,성주군,용암면,용정리,4,1988-10-01
4784032044,경상북도,성주군,용암면,선송리,5,1988-10-01
4784032045,경상북도,성주군,용암면,용계리,6,1988-10-01
4784032046,경상북도,성주군,용암면,사곡리,7,1988-10-01
4784032047,경상북도,성주군,용암면,동락리,8,1988-10-01
4784032048,경상북도,성주군,용암면,기산리,9,1988-10-01
4784032049,경상북도,성주군,용암면,운산리,10,1988-10-01
4784032050,경상북도,성주군,용암면,문명리,11,1988-10-01
4784032053,경상북도,성주군,용암면,중거리,12,1988-10-01
4784032054,경상북도,성주군,용암면,마월리,13,1988-10-01
4784032055,경상북도,성주군,용암면,계상리,14,1988-10-01
4784032056,경상북도,성주군,용암면,대봉리,15,1988-10-01
4784032057,경상북도,성주군,용암면,상신리,16,1988-10-01
4784032058,경상북도,성주군,용암면,죽전리,17,1988-10-01
4784033000,경상북도,성주군,수륜면,,4,1988-04-23
4784033035,경상북도,성주군,수륜면,백운리,1,1988-10-01
4784033036,경상북도,성주군,수륜면,신파리,2,1988-10-01
4784033037,경상북도,성주군,수륜면,적송리,3,1988-10-01
4784033038,경상북도,성주군,수륜면,봉양리,4,1988-10-01
4784033039,경상북도,성주군,수륜면,신정리,5,1988-10-01
4784033040,경상북도,성주군,수륜면,수성리,6,1988-10-01
4784033041,경상북도,성주군,수륜면,송계리,7,1988-10-01
4784033042,경상북도,성주군,수륜면,수륜리,8,1988-10-01
4784033043,경상북도,성주군,수륜면,오천리,9,1988-10-01
4784033044,경상북도,성주군,수륜면,계정리,10,1988-10-01
4784033045,경상북도,성주군,수륜면,남은리,11,1988-10-01
4784033046,경상북도,성주군,수륜면,보월리,12,1988-10-01
4784033047,경상북도,성주군,수륜면,작은리,13,1988-10-01
4784033048,경상북도,성주군,수륜면,성리,14,1988-10-01
4784034000,경상북도,성주군,가천면,,5,1988-04-23
4784034030,경상북도,성주군,가천면,창천리,1,1988-10-01
4784034031,경상북도,성주군,가천면,화죽리,2,1988-10-13
4784034032,경상북도,성주군,가천면,동원리,3,1988-10-01
4784034033,경상북도,성주군,가천면,마수리,4,1988-10-01
4784034034,경상북도,성주군,가천면,법전리,5,1988-10-01
4784034035,경상북도,성주군,가천면,신계리,6,1988-10-01
4784034036,경상북도,성주군,가천면,용사리,7,1988-10-01
4784034037,경상북도,성주군,가천면,금봉리,8,1988-10-01
4784034038,경상북도,성주군,가천면,중산리,9,1988-10-01
4784035500,경상북도,성주군,금수강산면,,1,2024-08-01
4784035521,경상북도,성주군,금수강산면,광산리,2,2024-08-01
4784035522,경상북도,성주군,금수강산면,명천리,3,2024-08-01
4784035523,경상북도,성주군,금수강산면,어은리,4,2024-08-01
4784035524,경상북도,성주군,금수강산면,후평리,5,2024-08-01
4784035525,경상북도,성주군,금수강산면,봉두리,6,2024-08-01
4784035526,경상북도,성주군,금수강산면,무학리,7,2024-08-01
4784035527,경상북도,성주군,금수강산면,영천리,8,2024-08-01
4784036000,경상북도,성주군,대가면,,7,1988-04-23
4784036030,경상북도,성주군,대가면,칠봉리,1,1988-10-01
4784036031,경상북도,성주군,대가면,옥성리,2,1988-10-01
4784036032,경상북도,성주군,대가면,용흥리,3,1988-10-01
4784036033,경상북도,성주군,대가면,흥산리,4,1988-10-01
4784036034,경상북도,성주군,대가면,옥련리,5,1988-10-01
4784036035,경상북도,성주군,대가면,금산리,6,1988-10-01
4784036036,경상북도,성주군,대가면,옥화리,7,1988-10-01
4784036037,경상북도,성주군,대가면,대천리,8,1988-10-01
4784036038,경상북도,성주군,대가면,도남리,9,1988-10-01
4784037000,경상북도,성주군,벽진면,,8,1988-04-23
4784037031,경상북도,성주군,벽진면,봉계리,1,1988-10-01
4784037032,경상북도,성주군,벽진면,매수리,2,1988-10-01
4784037033,경상북도,성주군,벽진면,외기리,3,1988-10-01
4784037034,경상북도,성주군,벽진면,봉학리,4,1988-10-01
4784037035,경상북도,성주군,벽진면,용암리,5,1988-10-01
4784037036,경상북도,성주군,벽진면,자산리,6,1988-10-01
4784037037,경상북도,성주군,벽진면,운정리,7,1988-10-01
4784037038,경상북도,성주군,벽진면,가암리,8,1988-10-01
4784037039,경상북도,성주군,벽진면,수촌리,9,1991-08-06
4784038000,경상북도,성주군,초전면,,9,1988-04-23
4784038032,경상북도,성주군,초전면,대장리,1,1988-10-01
4784038033,경상북도,성주군,초전면,칠선리,2,1988-10-01
4784038034,경상북도,성주군,초전면,용성리,3,1988-10-01
4784038035,경상북도,성주군,초전면,문덕리,4,1988-10-01
4784038036,경상북도,성주군,초전면,자양리,5,1988-10-01
4784038037,경상북도,성주군,초전면,고산리,6,1988-10-01
4784038038,경상북도,성주군,초전면,월곡리,7,1988-10-01
4784038039,경상북도,성주군,초전면,소성리,8,1988-10-01
4784038040,경상북도,성주군,초전면,용봉리,9,1988-10-01
4784038041,경상북도,성주군,초전면,봉정리,10,1988-10-01
4784038042,경상북도,성주군,초전면,동포리,11,1988-10-01
4784038043,경상북도,성주군,초전면,어산리,12,1989-01-01
4784039000,경상북도,성주군,월항면,,10,1988-04-23
4784039031,경상북도,성주군,월항면,대산리,1,1988-10-01
4784039032,경상북도,성주군,월항면,유월리,2,1988-10-01
4784039033,경상북도,성주군,월항면,안포리,3,1988-10-01
4784039034,경상북도,성주군,월항면,용각리,4,1988-10-01
4784039035,경상북도,성주군,월항면,보암리,5,1988-10-01
4784039036,경상북도,성주군,월항면,장산리,6,1988-10-01
4784039037,경상북도,성주군,월항면,수죽리,7,1988-10-01
4784039038,경상북도,성주군,월항면,지방리,8,1988-10-01
4784039039,경상북도,성주군,월항면,인촌리,9,1988-10-01
4785000000,경상북도,칠곡군,,,21,1988-04-23
4785025000,경상북도,칠곡군,왜관읍,,1,1988-04-23
4785025021,경상북도,칠곡군,왜관읍,왜관리,1,1988-10-01
4785025022,경상북도,칠곡군,왜관읍,석전리,2,1988-10-01
4785025023,경상북도,칠곡군,왜관읍,매원리,3,1988-10-01
4785025024,경상북도,칠곡군,왜관읍,봉계리,4,1988-10-01
4785025025,경상북도,칠곡군,왜관읍,삼청리,5,1988-10-01
4785025026,경상북도,칠곡군,왜관읍,금산리,6,1988-10-01
4785025027,경상북도,칠곡군,왜관읍,낙산리,7,1988-10-01
4785025028,경상북도,칠곡군,왜관읍,금남리,8,1988-10-01
4785025029,경상북도,칠곡군,왜관읍,아곡리,9,1988-10-01
4785025300,경상북도,칠곡군,북삼읍,,0,2003-07-01
4785025321,경상북도,칠곡군,북삼읍,율리,0,2003-07-01
4785025322,경상북도,칠곡군,북삼읍,어로리,0,2003-07-01
4785025323,경상북도,칠곡군,북삼읍,보손리,0,2003-07-01
4785025324,경상북도,칠곡군,북삼읍,숭오리,0,2003-07-01
4785025325,경상북도,칠곡군,북삼읍,인평리,0,2003-07-01
4785025326,경상북도,칠곡군,북삼읍,오평리,0,2003-07-01
4785025600,경상북도,칠곡군,석적읍,,0,2006-10-01
4785025621,경상북도,칠곡군,석적읍,성곡리,0,2006-10-01
4785025622,경상북도,칠곡군,석적읍,중리,0,2006-10-01
4785025623,경상북도,칠곡군,석적읍,남율리,0,2006-10-01
4785025624,경상북도,칠곡군,석적읍,포남리,0,2006-10-01
4785025625,경상북도,칠곡군,석적읍,중지리,0,2006-10-01
4785025626,경상북도,칠곡군,석적읍,반계리,0,2006-10-01
4785025627,경상북도,칠곡군,석적읍,망정리,0,2006-10-01
4785025628,경상북도,칠곡군,석적읍,도개리,0,2006-10-01
4785031000,경상북도,칠곡군,지천면,,2,1988-04-23
4785031036,경상북도,칠곡군,지천면,신리,1,1988-10-01
4785031037,경상북도,칠곡군,지천면,송정리,2,1988-10-01
4785031038,경상북도,칠곡군,지천면,금호리,3,1988-10-01
4785031039,경상북도,칠곡군,지천면,연화리,4,1988-10-01
4785031040,경상북도,칠곡군,지천면,달서리,5,1988-10-01
4785031041,경상북도,칠곡군,지천면,백운리,6,1988-10-01
4785031042,경상북도,칠곡군,지천면,창평리,7,1988-10-01
4785031043,경상북도,칠곡군,지천면,심천리,8,1988-10-01
4785031044,경상북도,칠곡군,지천면,덕산리,9,1988-10-01
4785031045,경상북도,칠곡군,지천면,영오리,10,1988-10-01
4785031046,경상북도,칠곡군,지천면,오산리,11,1988-10-01
4785031047,경상북도,칠곡군,지천면,용산리,12,1988-10-01
4785031048,경상북도,칠곡군,지천면,연호리,13,1988-10-01
4785031049,경상북도,칠곡군,지천면,낙산리,14,1988-10-01
4785031050,경상북도,칠곡군,지천면,황학리,15,1988-10-01
4785032000,경상북도,칠곡군,동명면,,3,1988-04-23
4785032030,경상북도,칠곡군,동명면,금암리,1,1988-10-01
4785032031,경상북도,칠곡군,동명면,송산리,2,1988-10-01
4785032032,경상북도,칠곡군,동명면,가천리,3,1988-10-01
4785032033,경상북도,칠곡군,동명면,학명리,4,1988-10-01
4785032034,경상북도,칠곡군,동명면,남원리,5,1988-10-01
4785032035,경상북도,칠곡군,동명면,득명리,6,1988-10-01
4785032036,경상북도,칠곡군,동명면,기성리,7,1988-10-01
4785032037,경상북도,칠곡군,동명면,구덕리,8,1988-10-01
4785032038,경상북도,칠곡군,동명면,봉암리,9,1988-10-01
4785033000,경상북도,칠곡군,가산면,,4,1988-04-23
4785033034,경상북도,칠곡군,가산면,다부리,1,1988-10-01
4785033035,경상북도,칠곡군,가산면,금화리,2,1988-10-01
4785033036,경상북도,칠곡군,가산면,가산리,3,1988-10-01
4785033037,경상북도,칠곡군,가산면,응추리,4,1988-10-01
4785033038,경상북도,칠곡군,가산면,용수리,5,1988-10-01
4785033039,경상북도,칠곡군,가산면,천평리,6,1988-10-01
4785033041,경상북도,칠곡군,가산면,심곡리,7,1988-10-01
4785033043,경상북도,칠곡군,가산면,학하리,8,1988-10-01
4785033044,경상북도,칠곡군,가산면,학상리,9,1988-10-01
4785033045,경상북도,칠곡군,가산면,학산리,10,1988-10-01
4785033046,경상북도,칠곡군,가산면,석우리,11,1988-10-01
4785033047,경상북도,칠곡군,가산면,송학리,12,1998-05-01
4785036000,경상북도,칠곡군,약목면,,7,1988-04-23
4785036028,경상북도,칠곡군,약목면,복성리,1,1988-10-01
4785036029,경상북도,칠곡군,약목면,동안리,2,1988-10-01
4785036030,경상북도,칠곡군,약목면,남계리,3,1988-10-01
4785036031,경상북도,칠곡군,약목면,교리,4,1988-10-01
4785036032,경상북도,칠곡군,약목면,덕산리,5,1988-10-01
4785036033,경상북도,칠곡군,약목면,무림리,6,1988-10-01
4785036034,경상북도,칠곡군,약목면,관호리,7,1988-10-01
4785037000,경상북도,칠곡군,기산면,,8,1988-04-23
4785037028,경상북도,칠곡군,기산면,죽전리,1,1988-10-01
4785037029,경상북도,칠곡군,기산면,평복리,2,1988-10-01
4785037030,경상북도,칠곡군,기산면,영리,3,1988-10-01
4785037031,경상북도,칠곡군,기산면,행정리,4,1988-10-01
4785037032,경상북도,칠곡군,기산면,봉산리,5,1988-10-01
4785037033,경상북도,칠곡군,기산면,각산리,6,1988-10-01
4785037034,경상북도,칠곡군,기산면,노석리,7,1988-10-01
4790000000,경상북도,예천군,,,22,1988-04-23
4790025000,경상북도,예천군,예천읍,,1,1988-04-23
4790025021,경상북도,예천군,예천읍,노하리,1,1988-10-01
4790025022,경상북도,예천군,예천읍,노상리,2,1988-10-01
4790025023,경상북도,예천군,예천읍,백전리,3,1988-10-01
4790025024,경상북도,예천군,예천읍,동본리,4,1988-10-01
4790025025,경상북도,예천군,예천읍,남본리,5,1988-10-01
4790025026,경상북도,예천군,예천읍,서본리,6,1988-10-01
4790025027,경상북도,예천군,예천읍,대심리,7,1988-10-01
4790025028,경상북도,예천군,예천읍,석정리,8,1988-10-01
4790025029,경상북도,예천군,예천읍,지내리,9,1988-10-01
4790025031,경상북도,예천군,예천읍,왕신리,11,1988-10-01
4790025032,경상북도,예천군,예천읍,청복리,12,1988-10-01
4790025033,경상북도,예천군,예천읍,통명리,13,1988-10-01
4790025034,경상북도,예천군,예천읍,우계리,14,1988-10-01
4790025035,경상북도,예천군,예천읍,갈구리,15,1988-10-01
4790025036,경상북도,예천군,예천읍,생천리,16,1988-10-01
4790025037,경상북도,예천군,예천읍,용산리,17,1988-10-01
4790025038,경상북도,예천군,예천읍,고평리,18,1988-10-01
4790025039,경상북도,예천군,예천읍,상동리,0,2007-03-02
4790025300,경상북도,예천군,호명읍,,1,2024-02-01
4790025321,경상북도,예천군,호명읍,본포리,2,2024-02-01
4790025322,경상북도,예천군,호명읍,원곡리,3,2024-02-01
4790025323,경상북도,예천군,호명읍,송곡리,4,2024-02-01
4790025324,경상북도,예천군,호명읍,금능리,5,2024-02-01
4790025325,경상북도,예천군,호명읍,한어리,6,2024-02-01
4790025326,경상북도,예천군,호명읍,본리,7,2024-02-01
4790025327,경상북도,예천군,호명읍,형오리,8,2024-02-01
4790025328,경상북도,예천군,호명읍,오천리,9,2024-02-01
4790025329,경상북도,예천군,호명읍,백송리,10,2024-02-01
4790025330,경상북도,예천군,호명읍,산합리,11,2024-02-01
4790025331,경상북도,예천군,호명읍,직산리,12,2024-02-01
4790025332,경상북도,예천군,호명읍,황지리,13,2024-02-01
4790025333,경상북도,예천군,호명읍,월포리,14,2024-02-01
4790025334,경상북도,예천군,호명읍,종산리,15,2024-02-01
4790025335,경상북도,예천군,호명읍,내신리,16,2024-02-01
4790025336,경상북도,예천군,호명읍,담암리,17,2024-02-01
4790031000,경상북도,예천군,용문면,,2,1988-04-23
4790031039,경상북도,예천군,용문면,상금곡리,1,1988-10-01
4790031040,경상북도,예천군,용문면,하금곡리,2,1988-10-01
4790031041,경상북도,예천군,용문면,성현리,3,1988-10-01
4790031042,경상북도,예천군,용문면,덕신리,4,1988-10-01
4790031043,경상북도,예천군,용문면,방송리,5,1988-10-01
4790031044,경상북도,예천군,용문면,노사리,6,1988-10-01
4790031045,경상북도,예천군,용문면,구계리,7,1988-10-01
4790031046,경상북도,예천군,용문면,죽림리,8,1988-10-01
4790031047,경상북도,예천군,용문면,직리,9,1988-10-01
4790031048,경상북도,예천군,용문면,두천리,10,1988-10-01
4790031049,경상북도,예천군,용문면,사부리,11,1988-10-13
4790031050,경상북도,예천군,용문면,내지리,12,1988-10-01
4790031051,경상북도,예천군,용문면,원류리,13,1988-10-01
4790031052,경상북도,예천군,용문면,선리,14,1988-10-01
4790031053,경상북도,예천군,용문면,능천리,15,1988-10-01
4790031054,경상북도,예천군,용문면,제곡리,16,1988-10-01
4790031055,경상북도,예천군,용문면,대제리,17,1988-10-01
4790031056,경상북도,예천군,용문면,하학리,18,1988-10-01
4790034000,경상북도,예천군,감천면,,5,1988-04-23
4790034036,경상북도,예천군,감천면,포리,1,1988-10-01
4790034037,경상북도,예천군,감천면,덕율리,2,1988-10-01
4790034038,경상북도,예천군,감천면,관현리,3,1988-10-01
4790034039,경상북도,예천군,감천면,천향리,4,1988-10-01
4790034040,경상북도,예천군,감천면,진평리,5,1988-10-01
4790034041,경상북도,예천군,감천면,벌방리,6,1988-10-01
4790034042,경상북도,예천군,감천면,수한리,7,1988-10-01
4790034043,경상북도,예천군,감천면,현내리,8,1988-10-01
4790034044,경상북도,예천군,감천면,증거리,9,1988-10-01
4790034045,경상북도,예천군,감천면,돈산리,10,1988-10-01
4790034046,경상북도,예천군,감천면,유리,11,1988-10-01
4790034047,경상북도,예천군,감천면,미석리,12,1988-10-01
4790034048,경상북도,예천군,감천면,대맥리,13,1988-10-01
4790034049,경상북도,예천군,감천면,장산리,14,1988-10-01
4790034050,경상북도,예천군,감천면,마촌리,15,1988-10-01
4790035000,경상북도,예천군,보문면,,6,1988-04-23
4790035034,경상북도,예천군,보문면,미호리,1,1988-10-01
4790035035,경상북도,예천군,보문면,신월리,2,1988-10-01
4790035036,경상북도,예천군,보문면,승본리,3,1988-10-01
4790035037,경상북도,예천군,보문면,간방리,4,1988-10-01
4790035038,경상북도,예천군,보문면,독양리,5,1988-10-01
4790035039,경상북도,예천군,보문면,옥천리,6,1988-10-01
4790035040,경상북도,예천군,보문면,기곡리,7,1988-10-01
4790035041,경상북도,예천군,보문면,우래리,8,1988-10-01
4790035042,경상북도,예천군,보문면,산성리,9,1988-10-01
4790035043,경상북도,예천군,보문면,오신리,10,1988-10-01
4790035044,경상북도,예천군,보문면,수계리,11,1988-10-01
4790035045,경상북도,예천군,보문면,작곡리,12,1988-10-01
4790035046,경상북도,예천군,보문면,오암리,13,1988-10-01
4790037000,경상북도,예천군,유천면,,8,1988-04-23
4790037041,경상북도,예천군,유천면,화지리,1,1988-10-01
4790037042,경상북도,예천군,유천면,고산리,2,1988-10-01
4790037043,경상북도,예천군,유천면,성평리,3,1988-10-01
4790037044,경상북도,예천군,유천면,광전리,4,1988-10-01
4790037045,경상북도,예천군,유천면,손기리,5,1988-10-01
4790037046,경상북도,예천군,유천면,수심리,6,1988-10-01
4790037047,경상북도,예천군,유천면,송전리,7,1988-10-01
4790037048,경상북도,예천군,유천면,중평리,8,1988-10-01
4790037049,경상북도,예천군,유천면,죽안리,9,1988-10-01
4790037050,경상북도,예천군,유천면,마천리,10,1988-10-01
4790037051,경상북도,예천군,유천면,화전리,11,1988-10-01
4790037052,경상북도,예천군,유천면,사곡리,12,1988-10-01
4790037053,경상북도,예천군,유천면,고림리,13,1988-10-01
4790037054,경상북도,예천군,유천면,송지리,14,1988-10-01
4790037055,경상북도,예천군,유천면,율현리,15,1988-10-01
4790037056,경상북도,예천군,유천면,연천리,16,1988-10-01
4790037057,경상북도,예천군,유천면,용암리,17,1988-10-01
4790037058,경상북도,예천군,유천면,초적리,18,1988-10-01
4790037059,경상북도,예천군,유천면,매산리,19,1988-10-01
4790037060,경상북도,예천군,유천면,가리,20,1988-10-01
4790038000,경상북도,예천군,용궁면,,9,1988-04-23
4790038021,경상북도,예천군,용궁면,읍부리,1,1988-04-23
4790038022,경상북도,예천군,용궁면,금남리,2,1988-04-23
4790038023,경상북도,예천군,용궁면,가야리,3,1988-04-23
4790038024,경상북도,예천군,용궁면,무이리,4,1988-04-23
4790038025,경상북도,예천군,용궁면,향석리,5,1988-04-23
4790038026,경상북도,예천군,용궁면,대은리,6,1988-04-23
4790038027,경상북도,예천군,용궁면,무지리,7,1988-04-23
4790038028,경상북도,예천군,용궁면,산택리,8,1988-04-23
4790038029,경상북도,예천군,용궁면,월오리,9,1988-04-23
4790038030,경상북도,예천군,용궁면,송암리,10,1988-04-23
4790038031,경상북도,예천군,용궁면,덕계리,11,1988-04-23
4790039000,경상북도,예천군,개포면,,10,1988-04-23
4790039021,경상북도,예천군,개포면,금리,1,1988-10-01
4790039022,경상북도,예천군,개포면,경진리,2,1988-10-01
4790039023,경상북도,예천군,개포면,동송리,3,1988-10-01
4790039024,경상북도,예천군,개포면,이사리,4,1988-10-01
4790039025,경상북도,예천군,개포면,우감리,0,1988-04-23
4790039026,경상북도,예천군,개포면,신음리,5,1988-04-23
4790039027,경상북도,예천군,개포면,가곡리,6,1988-04-23
4790039028,경상북도,예천군,개포면,황산리,7,1988-04-23
4790039029,경상북도,예천군,개포면,장송리,8,1988-04-23
4790039030,경상북도,예천군,개포면,입암리,9,1988-04-23
4790039031,경상북도,예천군,개포면,갈마리,10,1988-04-23
4790039032,경상북도,예천군,개포면,풍정리,11,1988-04-23
4790040000,경상북도,예천군,지보면,,11,1988-04-23
4790040021,경상북도,예천군,지보면,소화리,1,1988-04-23
4790040022,경상북도,예천군,지보면,마전리,2,1988-04-23
4790040023,경상북도,예천군,지보면,지보리,3,1988-04-23
4790040024,경상북도,예천군,지보면,도화리,4,1988-04-23
4790040025,경상북도,예천군,지보면,신풍리,5,1988-04-23
4790040026,경상북도,예천군,지보면,대죽리,6,1988-04-23
4790040027,경상북도,예천군,지보면,암천리,7,1988-04-23
4790040028,경상북도,예천군,지보면,어신리,8,1988-04-23
4790040029,경상북도,예천군,지보면,송평리,9,1988-04-23
4790040030,경상북도,예천군,지보면,수월리,10,1988-04-23
4790040031,경상북도,예천군,지보면,상월리,11,1988-04-23
4790040032,경상북도,예천군,지보면,만화리,12,1988-04-23
4790040033,경상북도,예천군,지보면,매창리,13,1988-04-23
4790040034,경상북도,예천군,지보면,도장리,14,1988-04-23
4790040035,경상북도,예천군,지보면,마산리,15,1988-04-23
4790041000,경상북도,예천군,풍양면,,12,1988-04-23
4790041021,경상북도,예천군,풍양면,우망리,1,1988-04-23
4790041022,경상북도,예천군,풍양면,청곡리,2,1988-04-23
4790041023,경상북도,예천군,풍양면,흔효리,3,1988-04-23
4790041024,경상북도,예천군,풍양면,흥천리,4,1988-04-23
4790041025,경상북도,예천군,풍양면,청운리,5,1988-04-23
4790041026,경상북도,예천군,풍양면,하풍리,6,1988-04-23
4790041027,경상북도,예천군,풍양면,삼강리,7,1988-04-23
4790041028,경상북도,예천군,풍양면,오지리,8,1988-04-23
4790041036,경상북도,예천군,풍양면,풍신리,9,1988-04-23
4790041037,경상북도,예천군,풍양면,괴당리,10,1988-10-01
4790041038,경상북도,예천군,풍양면,고산리,11,1988-10-01
4790041039,경상북도,예천군,풍양면,공덕리,12,1988-10-01
4790041040,경상북도,예천군,풍양면,낙상리,13,1988-10-01
4790041041,경상북도,예천군,풍양면,와룡리,14,1988-10-01
4790041042,경상북도,예천군,풍양면,효갈리,15,1988-10-01
4790042000,경상북도,예천군,효자면,,3,2016-02-01
4790042021,경상북도,예천군,효자면,도촌리,1,2016-02-01
4790042022,경상북도,예천군,효자면,사곡리,2,2016-02-01
4790042023,경상북도,예천군,효자면,명봉리,3,2016-02-01
4790042024,경상북도,예천군,효자면,용두리,4,2016-02-01
4790042025,경상북도,예천군,효자면,두성리,5,2016-02-01
4790042026,경상북도,예천군,효자면,백석리,6,2016-02-01
4790042027,경상북도,예천군,효자면,초항리,7,2016-02-01
4790042028,경상북도,예천군,효자면,고항리,8,2016-02-01
4790042029,경상북도,예천군,효자면,석묘리,9,2016-02-01
4790042030,경상북도,예천군,효자면,보곡리,10,2016-02-01
4790043000,경상북도,예천군,은풍면,,4,2016-02-01
4790043021,경상북도,예천군,은풍면,우곡리,1,2016-02-01
4790043022,경상북도,예천군,은풍면,탑리,2,2016-02-01
4790043023,경상북도,예천군,은풍면,동사리,3,2016-02-01
4790043024,경상북도,예천군,은풍면,은산리,4,2016-02-01
4790043025,경상북도,예천군,은풍면,송월리,5,2016-02-01
4790043026,경상북도,예천군,은풍면,금곡리,6,2016-02-01
4790043027,경상북도,예천군,은풍면,오류리,7,2016-02-01
4790043028,경상북도,예천군,은풍면,율곡리,8,2016-02-01
4790043029,경상북도,예천군,은풍면,부초리,9,2016-02-01
4790043030,경상북도,예천군,은풍면,시항리,10,2016-02-01
4792000000,경상북도,봉화군,,,23,1988-04-23
4792025000,경상북도,봉화군,봉화읍,,1,1988-04-23
4792025022,경상북도,봉화군,봉화읍,삼계리,2,1988-04-23
4792025023,경상북도,봉화군,봉화읍,유곡리,3,1988-04-23
4792025024,경상북도,봉화군,봉화읍,거촌리,4,1988-04-23
4792025025,경상북도,봉화군,봉화읍,석평리,5,1988-04-23
4792025026,경상북도,봉화군,봉화읍,해저리,6,1988-04-23
4792025027,경상북도,봉화군,봉화읍,적덕리,7,1988-04-23
4792025028,경상북도,봉화군,봉화읍,화천리,8,1988-04-23
4792025029,경상북도,봉화군,봉화읍,도촌리,9,1988-04-23
4792025030,경상북도,봉화군,봉화읍,문단리,10,1988-04-23
4792025031,경상북도,봉화군,봉화읍,내성리,,2002-11-06
4792031000,경상북도,봉화군,물야면,,2,1988-04-23
4792031021,경상북도,봉화군,물야면,오록리,1,1988-04-23
4792031022,경상북도,봉화군,물야면,가평리,2,1988-04-23
4792031023,경상북도,봉화군,물야면,개단리,3,1988-04-23
4792031024,경상북도,봉화군,물야면,오전리,4,1988-04-23
4792031025,경상북도,봉화군,물야면,압동리,5,1988-04-23
4792031026,경상북도,봉화군,물야면,두문리,6,1988-04-23
4792031027,경상북도,봉화군,물야면,수식리,7,1988-04-23
4792031028,경상북도,봉화군,물야면,북지리,8,1988-04-23
4792032000,경상북도,봉화군,봉성면,,3,1988-04-23
4792032021,경상북도,봉화군,봉성면,봉성리,1,1988-04-23
4792032023,경상북도,봉화군,봉성면,외삼리,2,1988-04-23
4792032024,경상북도,봉화군,봉성면,창평리,3,1988-04-23
4792032025,경상북도,봉화군,봉성면,동양리,4,1988-04-23
4792032026,경상북도,봉화군,봉성면,금봉리,5,1988-04-23
4792032027,경상북도,봉화군,봉성면,우곡리,6,1988-04-23
4792032028,경상북도,봉화군,봉성면,봉양리,7,1991-08-06
4792033000,경상북도,봉화군,법전면,,4,1988-04-23
4792033021,경상북도,봉화군,법전면,법전리,1,1988-04-23
4792033022,경상북도,봉화군,법전면,풍정리,2,1988-04-23
4792033023,경상북도,봉화군,법전면,척곡리,3,1988-04-23
4792033024,경상북도,봉화군,법전면,소천리,4,1988-04-23
4792033025,경상북도,봉화군,법전면,눌산리,5,1988-04-23
4792033026,경상북도,봉화군,법전면,어지리,6,1988-04-23
4792033027,경상북도,봉화군,법전면,소지리,7,1988-04-23
4792034000,경상북도,봉화군,춘양면,,5,1988-04-23
4792034021,경상북도,봉화군,춘양면,의양리,1,1988-04-23
4792034022,경상북도,봉화군,춘양면,학산리,2,1988-04-23
4792034023,경상북도,봉화군,춘양면,서동리,3,1988-04-23
4792034024,경상북도,봉화군,춘양면,석현리,4,1988-04-23
4792034025,경상북도,봉화군,춘양면,애당리,5,1988-04-23
4792034026,경상북도,봉화군,춘양면,도심리,6,1988-04-23
4792034027,경상북도,봉화군,춘양면,서벽리,7,1988-04-23
4792034028,경상북도,봉화군,춘양면,우구치리,8,1988-04-23
4792034029,경상북도,봉화군,춘양면,소로리,9,1988-04-23
4792035000,경상북도,봉화군,소천면,,6,1988-04-23
4792035021,경상북도,봉화군,소천면,현동리,1,1988-04-23
4792035022,경상북도,봉화군,소천면,고선리,2,1988-04-23
4792035023,경상북도,봉화군,소천면,임기리,3,1988-04-23
4792035024,경상북도,봉화군,소천면,두음리,4,1988-04-23
4792035025,경상북도,봉화군,소천면,서천리,5,1988-04-23
4792035026,경상북도,봉화군,소천면,남회룡리,6,1988-04-23
4792035027,경상북도,봉화군,소천면,분천리,7,1988-04-23
4792036000,경상북도,봉화군,재산면,,7,1988-04-23
4792036021,경상북도,봉화군,재산면,현동리,1,1988-04-23
4792036022,경상북도,봉화군,재산면,남면리,2,1988-04-23
4792036023,경상북도,봉화군,재산면,동면리,3,1988-04-23
4792036024,경상북도,봉화군,재산면,갈산리,4,1988-04-23
4792036025,경상북도,봉화군,재산면,상리,5,1988-04-23
4792037000,경상북도,봉화군,명호면,,8,1988-04-23
4792037021,경상북도,봉화군,명호면,도천리,1,1988-04-23
4792037022,경상북도,봉화군,명호면,삼동리,2,1988-04-23
4792037023,경상북도,봉화군,명호면,양곡리,3,1988-04-23
4792037024,경상북도,봉화군,명호면,고감리,4,1988-04-23
4792037025,경상북도,봉화군,명호면,풍호리,5,1988-04-23
4792037026,경상북도,봉화군,명호면,고계리,6,1988-04-23
4792037027,경상북도,봉화군,명호면,북곡리,7,1988-04-23
4792037028,경상북도,봉화군,명호면,관창리,8,1988-04-23
4792038000,경상북도,봉화군,상운면,,9,1988-04-23
4792038021,경상북도,봉화군,상운면,가곡리,1,1988-04-23
4792038022,경상북도,봉화군,상운면,운계리,2,1988-04-23
4792038023,경상북도,봉화군,상운면,문촌리,3,1988-04-23
4792038024,경상북도,봉화군,상운면,하눌리,4,1988-04-23
4792038025,경상북도,봉화군,상운면,토일리,5,1988-04-23
4792038026,경상북도,봉화군,상운면,구천리,6,1988-04-23
4792038027,경상북도,봉화군,상운면,설매리,7,1988-04-23
4792038028,경상북도,봉화군,상운면,신라리,8,1988-04-23
4792039000,경상북도,봉화군,석포면,,10,1988-04-23
4792039021,경상북도,봉화군,석포면,석포리,1,1988-04-23
4792039022,경상북도,봉화군,석포면,대현리,2,1988-04-23
4792039023,경상북도,봉화군,석포면,승부리,3,1988-04-23
4793000000,경상북도,울진군,,,24,1988-04-23
4793025000,경상북도,울진군,울진읍,,1,1988-04-23
4793025021,경상북도,울진군,울진읍,읍내리,1,1988-04-23
4793025022,경상북도,울진군,울진읍,읍남리,2,1988-04-23
4793025023,경상북도,울진군,울진읍,연지리,3,1988-04-23
4793025024,경상북도,울진군,울진읍,온양리,4,1988-04-23
4793025025,경상북도,울진군,울진읍,명도리,5,1988-04-23
4793025026,경상북도,울진군,울진읍,고성리,6,1988-04-23
4793025027,경상북도,울진군,울진읍,정림리,7,1988-04-23
4793025028,경상북도,울진군,울진읍,신림리,8,1988-04-23
4793025029,경상북도,울진군,울진읍,대흥리,9,1988-04-23
4793025030,경상북도,울진군,울진읍,호월리,10,1988-04-23
4793025300,경상북도,울진군,평해읍,,2,1988-04-23
4793025321,경상북도,울진군,평해읍,평해리,1,1988-04-23
4793025322,경상북도,울진군,평해읍,학곡리,2,1988-04-23
4793025323,경상북도,울진군,평해읍,삼달리,3,1988-04-23
4793025324,경상북도,울진군,평해읍,오곡리,4,1988-04-23
4793025325,경상북도,울진군,평해읍,월송리,5,1988-04-23
4793025326,경상북도,울진군,평해읍,직산리,6,1988-04-23
4793025327,경상북도,울진군,평해읍,거일리,7,1988-04-23
4793031000,경상북도,울진군,북면,,3,1988-04-23
4793031021,경상북도,울진군,북면,부구리,1,1988-04-23
4793031022,경상북도,울진군,북면,나곡리,2,1988-04-23
4793031023,경상북도,울진군,북면,검성리,3,1988-04-23
4793031024,경상북도,울진군,북면,주인리,4,1988-04-23
4793031025,경상북도,울진군,북면,덕구리,5,1988-04-23
4793031026,경상북도,울진군,북면,상당리,6,1988-04-23
4793031027,경상북도,울진군,북면,두천리,7,1988-04-23
4793031028,경상북도,울진군,북면,하당리,8,1988-04-23
4793031029,경상북도,울진군,북면,사계리,9,1988-04-23
4793031030,경상북도,울진군,북면,소곡리,10,1988-04-23
4793031031,경상북도,울진군,북면,고목리,11,1988-04-23
4793031032,경상북도,울진군,북면,신화리,12,1988-04-23
4793031033,경상북도,울진군,북면,덕천리,13,1988-04-23
4793033000,경상북도,울진군,근남면,,5,1988-04-23
4793033021,경상북도,울진군,근남면,노음리,1,1988-04-23
4793033022,경상북도,울진군,근남면,수산리,2,1988-04-23
4793033023,경상북도,울진군,근남면,행곡리,3,1988-04-23
4793033024,경상북도,울진군,근남면,수곡리,4,1988-04-23
4793033025,경상북도,울진군,근남면,구산리,5,1988-04-23
4793033026,경상북도,울진군,근남면,진복리,6,1988-04-23
4793033027,경상북도,울진군,근남면,산포리,7,1988-04-23
4793035000,경상북도,울진군,기성면,,7,1988-04-23
4793035021,경상북도,울진군,기성면,척산리,1,1988-04-23
4793035022,경상북도,울진군,기성면,기성리,2,1988-04-23
4793035023,경상북도,울진군,기성면,사동리,3,1988-04-23
4793035024,경상북도,울진군,기성면,망양리,4,1988-04-23
4793035025,경상북도,울진군,기성면,삼산리,5,1988-04-23
4793035026,경상북도,울진군,기성면,방율리,6,1988-04-23
4793035027,경상북도,울진군,기성면,이평리,7,1988-04-23
4793035028,경상북도,울진군,기성면,다천리,8,1988-04-23
4793035029,경상북도,울진군,기성면,정명리,9,1988-04-23
4793035030,경상북도,울진군,기성면,황보리,10,1988-04-23
4793035031,경상북도,울진군,기성면,구산리,11,1988-04-23
4793035032,경상북도,울진군,기성면,봉산리,12,1988-04-23
4793036000,경상북도,울진군,온정면,,8,1988-04-23
4793036021,경상북도,울진군,온정면,소태리,1,1988-04-23
4793036022,경상북도,울진군,온정면,온정리,2,1988-04-23
4793036023,경상북도,울진군,온정면,조금리,3,1988-04-23
4793036024,경상북도,울진군,온정면,덕산리,4,1988-04-23
4793036025,경상북도,울진군,온정면,덕인리,5,1988-04-23
4793036026,경상북도,울진군,온정면,금천리,6,1988-04-23
4793036027,경상북도,울진군,온정면,광품리,7,1988-04-23
4793036028,경상북도,울진군,온정면,선구리,8,1988-04-23
4793036029,경상북도,울진군,온정면,외선미리,9,1988-04-23
4793037000,경상북도,울진군,죽변면,,9,1988-04-23
4793037021,경상북도,울진군,죽변면,죽변리,1,1988-04-23
4793037022,경상북도,울진군,죽변면,후정리,2,1988-04-23
4793037023,경상북도,울진군,죽변면,화성리,3,1988-04-23
4793037024,경상북도,울진군,죽변면,봉평리,4,1988-04-23
4793038000,경상북도,울진군,후포면,,10,1988-04-23
4793038021,경상북도,울진군,후포면,후포리,1,1988-04-23
4793038022,경상북도,울진군,후포면,삼율리,2,1988-04-23
4793038023,경상북도,울진군,후포면,금음리,3,1988-04-23
4793039000,경상북도,울진군,금강송면,,4,2015-04-21
4793039021,경상북도,울진군,금강송면,삼근리,1,2015-04-21
4793039022,경상북도,울진군,금강송면,하원리,2,2015-04-21
4793039023,경상북도,울진군,금강송면,왕피리,3,2015-04-21
4793039024,경상북도,울진군,금강송면,쌍전리,4,2015-04-21
4793039025,경상북도,울진군,금강송면,소광리,5,2015-04-21
4793039026,경상북도,울진군,금강송면,전곡리,6,2015-04-21
4793039027,경상북도,울진군,금강송면,광회리,7,2015-04-21
4793040000,경상북도,울진군,매화면,,6,2015-04-21
4793040021,경상북도,울진군,매화면,매화리,1,2015-04-21
4793040022,경상북도,울진군,매화면,금매리,2,2015-04-21
4793040023,경상북도,울진군,매화면,오산리,3,2015-04-21
4793040024,경상북도,울진군,매화면,덕신리,4,2015-04-21
4793040025,경상북도,울진군,매화면,신흥리,5,2015-04-21
4793040026,경상북도,울진군,매화면,기양리,6,2015-04-21
4793040027,경상북도,울진군,매화면,갈면리,7,2015-04-21
4793040028,경상북도,울진군,매화면,길곡리,8,2015-04-21
4794000000,경상북도,울릉군,,,25,1988-04-23
4794025000,경상북도,울릉군,울릉읍,,1,1988-04-23
4794025024,경상북도,울릉군,울릉읍,도동리,1,1988-10-01
4794025025,경상북도,울릉군,울릉읍,저동리,2,1988-10-01
4794025026,경상북도,울릉군,울릉읍,사동리,3,1988-10-01
4794025027,경상북도,울릉군,울릉읍,독도리,3,2000-04-07
4794031000,경상북도,울릉군,서면,,2,1988-04-23
4794031024,경상북도,울릉군,서면,남양리,1,1988-10-01
4794031025,경상북도,울릉군,서면,남서리,2,1988-10-01
4794031026,경상북도,울릉군,서면,태하리,3,1988-10-01
4794032000,경상북도,울릉군,북면,,3,1988-04-23
4794032024,경상북도,울릉군,북면,천부리,1,1988-10-01
4794032025,경상북도,울릉군,북면,나리,2,1988-10-01
4794032026,경상북도,울릉군,북면,현포리,3,1988-10-01
4800000000,경상남도,,,,15,1988-04-23
4812000000,경상남도,창원시,,,0,2010-07-01
4812100000,경상남도,창원시의창구,,,0,2010-07-01
4812110100,경상남도,창원시의창구,북동,,0,2010-07-01
4812110200,경상남도,창원시의창구,중동,,0,2010-07-01
4812110300,경상남도,창원시의창구,서상동,,0,2010-07-01
4812110400,경상남도,창원시의창구,소답동,,0,2010-07-01
4812110500,경상남도,창원시의창구,도계동,,0,2010-07-01
4812110600,경상남도,창원시의창구,동정동,,0,2010-07-01
4812110700,경상남도,창원시의창구,소계동,,0,2010-07-01
4812110800,경상남도,창원시의창구,용동,,0,2010-07-01
4812111200,경상남도,창원시의창구,덕정동,,0,2010-07-01
4812111300,경상남도,창원시의창구,지귀동,,0,2010-07-01
4812111400,경상남도,창원시의창구,서곡동,,0,2010-07-01
4812111600,경상남도,창원시의창구,봉림동,,0,2010-07-01
4812111700,경상남도,창원시의창구,퇴촌동,,0,2010-07-01
4812111800,경상남도,창원시의창구,명곡동,,0,2010-07-01
4812111900,경상남도,창원시의창구,반계동,,0,2010-07-01
4812112000,경상남도,창원시의창구,사화동,,0,2010-07-01
4812112100,경상남도,창원시의창구,차용동,,0,2010-07-01
4812112200,경상남도,창원시의창구,내리동,,0,2010-07-01
4812112400,경상남도,창원시의창구,명서동,,0,2010-07-01
4812112500,경상남도,창원시의창구,사림동,,0,2010-07-01
4812112700,경상남도,창원시의창구,봉곡동,,0,2010-07-01
4812112900,경상남도,창원시의창구,팔용동,,0,2010-07-01
4812125000,경상남도,창원시의창구,동읍,,0,2010-07-01
4812125021,경상남도,창원시의창구,동읍,용강리,0,2010-07-01
4812125022,경상남도,창원시의창구,동읍,용전리,0,2010-07-01
4812125023,경상남도,창원시의창구,동읍,남산리,0,2010-07-01
4812125024,경상남도,창원시의창구,동읍,덕천리,0,2010-07-01
4812125025,경상남도,창원시의창구,동읍,덕산리,0,2010-07-01
4812125026,경상남도,창원시의창구,동읍,봉산리,0,2010-07-01
4812125027,경상남도,창원시의창구,동읍,송정리,0,2010-07-01
4812125028,경상남도,창원시의창구,동읍,용정리,0,2010-07-01
4812125029,경상남도,창원시의창구,동읍,단계리,0,2010-07-01
4812125030,경상남도,창원시의창구,동읍,무성리,0,2010-07-01
4812125031,경상남도,창원시의창구,동읍,무점리,0,2010-07-01
4812125032,경상남도,창원시의창구,동읍,용잠리,0,2010-07-01
4812125033,경상남도,창원시의창구,동읍,신방리,0,2010-07-01
4812125034,경상남도,창원시의창구,동읍,다호리,0,2010-07-01
4812125035,경상남도,창원시의창구,동읍,월잠리,0,2010-07-01
4812125036,경상남도,창원시의창구,동읍,화양리,0,2010-07-01
4812125037,경상남도,창원시의창구,동읍,석산리,0,2010-07-01
4812125038,경상남도,창원시의창구,동읍,금산리,0,2010-07-01
4812125039,경상남도,창원시의창구,동읍,봉곡리,0,2010-07-01
4812125040,경상남도,창원시의창구,동읍,봉강리,0,2010-07-01
4812125041,경상남도,창원시의창구,동읍,본포리,0,2010-07-01
4812125042,경상남도,창원시의창구,동읍,노연리,0,2010-07-01
4812125043,경상남도,창원시의창구,동읍,산남리,0,2010-07-01
4812125044,경상남도,창원시의창구,동읍,죽동리,0,2010-07-01
4812131000,경상남도,창원시의창구,북면,,0,2010-07-01
4812131021,경상남도,창원시의창구,북면,지개리,0,2010-07-01
4812131022,경상남도,창원시의창구,북면,고암리,0,2010-07-01
4812131023,경상남도,창원시의창구,북면,대산리,0,2010-07-01
4812131024,경상남도,창원시의창구,북면,월촌리,0,2010-07-01
4812131025,경상남도,창원시의창구,북면,월백리,0,2010-07-01
4812131026,경상남도,창원시의창구,북면,화천리,0,2010-07-01
4812131027,경상남도,창원시의창구,북면,외감리,0,2010-07-01
4812131028,경상남도,창원시의창구,북면,감계리,0,2010-07-01
4812131029,경상남도,창원시의창구,북면,동전리,0,2010-07-01
4812131030,경상남도,창원시의창구,북면,무동리,0,2010-07-01
4812131031,경상남도,창원시의창구,북면,무곡리,0,2010-07-01
4812131032,경상남도,창원시의창구,북면,내곡리,0,2010-07-01
4812131033,경상남도,창원시의창구,북면,상천리,0,2010-07-01
4812131034,경상남도,창원시의창구,북면,하천리,0,2010-07-01
4812131035,경상남도,창원시의창구,북면,외산리,0,2010-07-01
4812131036,경상남도,창원시의창구,북면,신촌리,0,2010-07-01
4812131037,경상남도,창원시의창구,북면,마산리,0,2010-07-01
4812131038,경상남도,창원시의창구,북면,월계리,0,2010-07-01
4812132000,경상남도,창원시의창구,대산면,,0,2010-07-01
4812132021,경상남도,창원시의창구,대산면,갈전리,0,2010-07-01
4812132022,경상남도,창원시의창구,대산면,일동리,0,2010-07-01
4812132023,경상남도,창원시의창구,대산면,모산리,0,2010-07-01
4812132024,경상남도,창원시의창구,대산면,가술리,0,2010-07-01
4812132025,경상남도,창원시의창구,대산면,제동리,0,2010-07-01
4812132026,경상남도,창원시의창구,대산면,우암리,0,2010-07-01
4812132027,경상남도,창원시의창구,대산면,북부리,0,2010-07-01
4812132028,경상남도,창원시의창구,대산면,유등리,0,2010-07-01
4812132029,경상남도,창원시의창구,대산면,대방리,0,2010-07-01
4812300000,경상남도,창원시성산구,,,0,2010-07-01
4812310100,경상남도,창원시성산구,토월동,,0,2010-07-01
4812310200,경상남도,창원시성산구,사파정동,,0,2010-07-01
4812310300,경상남도,창원시성산구,가음정동,,0,2010-07-01
4812310400,경상남도,창원시성산구,외동,,0,2010-07-01
4812310500,경상남도,창원시성산구,대방동,,0,2010-07-01
4812310600,경상남도,창원시성산구,남산동,,0,2010-07-01
4812310700,경상남도,창원시성산구,삼정자동,,0,2010-07-01
4812310800,경상남도,창원시성산구,천선동,,0,2010-07-01
4812310900,경상남도,창원시성산구,불모산동,,0,2010-07-01
4812311000,경상남도,창원시성산구,안민동,,0,2010-07-01
4812311100,경상남도,창원시성산구,내동,,0,2010-07-01
4812311200,경상남도,창원시성산구,남지동,,0,2010-07-01
4812311300,경상남도,창원시성산구,상복동,,0,2010-07-01
4812311400,경상남도,창원시성산구,완암동,,0,2010-07-01
4812311500,경상남도,창원시성산구,창곡동,,0,2010-07-01
4812311600,경상남도,창원시성산구,월림동,,0,2010-07-01
4812311700,경상남도,창원시성산구,적현동,,0,2010-07-01
4812311800,경상남도,창원시성산구,양곡동,,0,2010-07-01
4812311900,경상남도,창원시성산구,반송동,,0,2010-07-01
4812312000,경상남도,창원시성산구,귀산동,,0,2010-07-01
4812312100,경상남도,창원시성산구,귀곡동,,0,2010-07-01
4812312200,경상남도,창원시성산구,귀현동,,0,2010-07-01
4812312300,경상남도,창원시성산구,신촌동,,0,2010-07-01
4812312400,경상남도,창원시성산구,반지동,,0,2010-07-01
4812312500,경상남도,창원시성산구,중앙동,,0,2010-07-01
4812312600,경상남도,창원시성산구,반림동,,0,2010-07-01
4812312700,경상남도,창원시성산구,상남동,,0,2010-07-01
4812312800,경상남도,창원시성산구,성주동,,0,2010-07-01
4812312900,경상남도,창원시성산구,웅남동,,0,2010-07-01
4812313000,경상남도,창원시성산구,사파동,,0,2010-07-01
4812313100,경상남도,창원시성산구,가음동,,0,2010-07-01
4812313200,경상남도,창원시성산구,성산동,,0,2010-07-01
4812313300,경상남도,창원시성산구,남양동,,0,2010-07-01
4812313400,경상남도,창원시성산구,용지동,,0,2021-06-30
4812313500,경상남도,창원시성산구,용호동,,0,2021-06-30
4812313600,경상남도,창원시성산구,신월동,,0,2021-06-30
4812313700,경상남도,창원시성산구,대원동,,0,2021-06-30
4812313800,경상남도,창원시성산구,두대동,,0,2021-06-30
4812313900,경상남도,창원시성산구,삼동동,,0,2021-06-30
4812314000,경상남도,창원시성산구,덕정동,,0,2021-06-30
4812314100,경상남도,창원시성산구,퇴촌동,,0,2021-06-30
4812500000,경상남도,창원시마산합포구,,,0,2010-07-01
4812510100,경상남도,창원시마산합포구,가포동,,0,2010-07-01
4812510200,경상남도,창원시마산합포구,교방동,,0,2010-07-01
4812510300,경상남도,창원시마산합포구,교원동,,0,2010-07-01
4812510400,경상남도,창원시마산합포구,남성동,,0,2010-07-01
4812510500,경상남도,창원시마산합포구,대내동,,0,2010-07-01
4812510600,경상남도,창원시마산합포구,대성동1가,,0,2010-07-01
4812510700,경상남도,창원시마산합포구,대성동2가,,0,2010-07-01
4812510800,경상남도,창원시마산합포구,대외동,,0,2010-07-01
4812510900,경상남도,창원시마산합포구,대창동,,0,2010-07-01
4812511000,경상남도,창원시마산합포구,덕동동,,0,2010-07-01
4812511100,경상남도,창원시마산합포구,동성동,,0,2010-07-01
4812511200,경상남도,창원시마산합포구,두월동1가,,0,2010-07-01
4812511300,경상남도,창원시마산합포구,두월동2가,,0,2010-07-01
4812511400,경상남도,창원시마산합포구,두월동3가,,0,2010-07-01
4812511500,경상남도,창원시마산합포구,문화동,,0,2010-07-01
4812511600,경상남도,창원시마산합포구,반월동,,0,2010-07-01
4812511700,경상남도,창원시마산합포구,부림동,,0,2010-07-01
4812511800,경상남도,창원시마산합포구,산호동,,0,2010-07-01
4812511900,경상남도,창원시마산합포구,상남동,,0,2010-07-01
4812512000,경상남도,창원시마산합포구,서성동,,0,2010-07-01
4812512100,경상남도,창원시마산합포구,성호동,,0,2010-07-01
4812512200,경상남도,창원시마산합포구,수성동,,0,2010-07-01
4812512300,경상남도,창원시마산합포구,신월동,,0,2010-07-01
4812512400,경상남도,창원시마산합포구,신창동,,0,2010-07-01
4812512500,경상남도,창원시마산합포구,신포동1가,,0,2010-07-01
4812512600,경상남도,창원시마산합포구,신포동2가,,0,2010-07-01
4812512700,경상남도,창원시마산합포구,신흥동,,0,2010-07-01
4812512800,경상남도,창원시마산합포구,완월동,,0,2010-07-01
4812512900,경상남도,창원시마산합포구,월남동1가,,0,2010-07-01
4812513000,경상남도,창원시마산합포구,월남동2가,,0,2010-07-01
4812513100,경상남도,창원시마산합포구,월남동3가,,0,2010-07-01
4812513200,경상남도,창원시마산합포구,월남동4가,,0,2010-07-01
4812513300,경상남도,창원시마산합포구,월남동5가,,0,2010-07-01
4812513400,경상남도,창원시마산합포구,월영동,,0,2010-07-01
4812513500,경상남도,창원시마산합포구,월포동,,0,2010-07-01
4812513600,경상남도,창원시마산합포구,예곡동,,0,2010-07-01
4812513700,경상남도,창원시마산합포구,오동동,,0,2010-07-01
4812513800,경상남도,창원시마산합포구,우산동,,0,2010-07-01
4812513900,경상남도,창원시마산합포구,유록동,,0,2010-07-01
4812514000,경상남도,창원시마산합포구,자산동,,0,2010-07-01
4812514100,경상남도,창원시마산합포구,장군동1가,,0,2010-07-01
4812514200,경상남도,창원시마산합포구,장군동2가,,0,2010-07-01
4812514300,경상남도,창원시마산합포구,장군동3가,,0,2010-07-01
4812514400,경상남도,창원시마산합포구,장군동4가,,0,2010-07-01
4812514500,경상남도,창원시마산합포구,장군동5가,,0,2010-07-01
4812514600,경상남도,창원시마산합포구,중성동,,0,2010-07-01
4812514700,경상남도,창원시마산합포구,중앙동1가,,0,2010-07-01
4812514800,경상남도,창원시마산합포구,중앙동2가,,0,2010-07-01
4812514900,경상남도,창원시마산합포구,중앙동3가,,0,2010-07-01
4812515000,경상남도,창원시마산합포구,창동,,0,2010-07-01
4812515100,경상남도,창원시마산합포구,창포동1가,,0,2010-07-01
4812515200,경상남도,창원시마산합포구,창포동2가,,0,2010-07-01
4812515300,경상남도,창원시마산합포구,창포동3가,,0,2010-07-01
4812515400,경상남도,창원시마산합포구,청계동,,0,2010-07-01
4812515500,경상남도,창원시마산합포구,추산동,,0,2010-07-01
4812515600,경상남도,창원시마산합포구,평화동,,0,2010-07-01
4812515700,경상남도,창원시마산합포구,화영동,,0,2010-07-01
4812515800,경상남도,창원시마산합포구,해운동,,0,2010-07-01
4812515900,경상남도,창원시마산합포구,현동,,0,2010-07-01
4812516000,경상남도,창원시마산합포구,홍문동,,0,2010-07-01
4812531000,경상남도,창원시마산합포구,구산면,,0,2010-07-01
4812531021,경상남도,창원시마산합포구,구산면,유산리,0,2010-07-01
4812531022,경상남도,창원시마산합포구,구산면,마전리,0,2010-07-01
4812531023,경상남도,창원시마산합포구,구산면,석곡리,0,2010-07-01
4812531024,경상남도,창원시마산합포구,구산면,수정리,0,2010-07-01
4812531025,경상남도,창원시마산합포구,구산면,내포리,0,2010-07-01
4812531026,경상남도,창원시마산합포구,구산면,옥계리,0,2010-07-01
4812531027,경상남도,창원시마산합포구,구산면,반동리,0,2010-07-01
4812531028,경상남도,창원시마산합포구,구산면,구복리,0,2010-07-01
4812531029,경상남도,창원시마산합포구,구산면,심리,0,2010-07-01
4812531030,경상남도,창원시마산합포구,구산면,난포리,0,2010-07-01
4812532000,경상남도,창원시마산합포구,진동면,,0,2010-07-01
4812532021,경상남도,창원시마산합포구,진동면,고현리,0,2010-07-01
4812532022,경상남도,창원시마산합포구,진동면,신기리,0,2010-07-01
4812532023,경상남도,창원시마산합포구,진동면,사동리,0,2010-07-01
4812532024,경상남도,창원시마산합포구,진동면,진동리,0,2010-07-01
4812532025,경상남도,창원시마산합포구,진동면,요장리,0,2010-07-01
4812532026,경상남도,창원시마산합포구,진동면,다구리,0,2010-07-01
4812532027,경상남도,창원시마산합포구,진동면,교동리,0,2010-07-01
4812532028,경상남도,창원시마산합포구,진동면,인곡리,0,2010-07-01
4812532029,경상남도,창원시마산합포구,진동면,태봉리,0,2010-07-01
4812532030,경상남도,창원시마산합포구,진동면,동전리,0,2010-07-01
4812533000,경상남도,창원시마산합포구,진북면,,0,2010-07-01
4812533021,경상남도,창원시마산합포구,진북면,지산리,0,2010-07-01
4812533022,경상남도,창원시마산합포구,진북면,예곡리,0,2010-07-01
4812533023,경상남도,창원시마산합포구,진북면,인곡리,0,2010-07-01
4812533024,경상남도,창원시마산합포구,진북면,대평리,0,2010-07-01
4812533025,경상남도,창원시마산합포구,진북면,이목리,0,2010-07-01
4812533026,경상남도,창원시마산합포구,진북면,금산리,0,2010-07-01
4812533027,경상남도,창원시마산합포구,진북면,영학리,0,2010-07-01
4812533028,경상남도,창원시마산합포구,진북면,부산리,0,2010-07-01
4812533029,경상남도,창원시마산합포구,진북면,덕곡리,0,2010-07-01
4812533030,경상남도,창원시마산합포구,진북면,신촌리,0,2010-07-01
4812533031,경상남도,창원시마산합포구,진북면,망곡리,0,2010-07-01
4812533032,경상남도,창원시마산합포구,진북면,부평리,0,2010-07-01
4812533033,경상남도,창원시마산합포구,진북면,추곡리,0,2010-07-01
4812533034,경상남도,창원시마산합포구,진북면,대티리,0,2010-07-01
4812533035,경상남도,창원시마산합포구,진북면,정현리,0,2010-07-01
4812534000,경상남도,창원시마산합포구,진전면,,0,2010-07-01
4812534021,경상남도,창원시마산합포구,진전면,율티리,0,2010-07-01
4812534022,경상남도,창원시마산합포구,진전면,근곡리,0,2010-07-01
4812534023,경상남도,창원시마산합포구,진전면,임곡리,0,2010-07-01
4812534024,경상남도,창원시마산합포구,진전면,봉곡리,0,2010-07-01
4812534025,경상남도,창원시마산합포구,진전면,곡안리,0,2010-07-01
4812534026,경상남도,창원시마산합포구,진전면,동산리,0,2010-07-01
4812534027,경상남도,창원시마산합포구,진전면,양촌리,0,2010-07-01
4812534028,경상남도,창원시마산합포구,진전면,봉암리,0,2010-07-01
4812534029,경상남도,창원시마산합포구,진전면,일암리,0,2010-07-01
4812534030,경상남도,창원시마산합포구,진전면,오서리,0,2010-07-01
4812534031,경상남도,창원시마산합포구,진전면,이명리,0,2010-07-01
4812534032,경상남도,창원시마산합포구,진전면,창포리,0,2010-07-01
4812534033,경상남도,창원시마산합포구,진전면,시락리,0,2010-07-01
4812534034,경상남도,창원시마산합포구,진전면,평암리,0,2010-07-01
4812534035,경상남도,창원시마산합포구,진전면,금암리,0,2010-07-01
4812534036,경상남도,창원시마산합포구,진전면,고사리,0,2010-07-01
4812534037,경상남도,창원시마산합포구,진전면,여양리,0,2010-07-01
4812700000,경상남도,창원시마산회원구,,,0,2010-07-01
4812710100,경상남도,창원시마산회원구,구암동,,0,2010-07-01
4812710200,경상남도,창원시마산회원구,두척동,,0,2010-07-01
4812710300,경상남도,창원시마산회원구,봉암동,,0,2010-07-01
4812710400,경상남도,창원시마산회원구,석전동,,0,2010-07-01
4812710500,경상남도,창원시마산회원구,양덕동,,0,2010-07-01
4812710600,경상남도,창원시마산회원구,합성동,,0,2010-07-01
4812710700,경상남도,창원시마산회원구,회성동,,0,2010-07-01
4812710800,경상남도,창원시마산회원구,회원동,,0,2010-07-01
4812725000,경상남도,창원시마산회원구,내서읍,,0,2010-07-01
4812725021,경상남도,창원시마산회원구,내서읍,안성리,0,2010-07-01
4812725022,경상남도,창원시마산회원구,내서읍,평성리,0,2010-07-01
4812725023,경상남도,창원시마산회원구,내서읍,호계리,0,2010-07-01
4812725024,경상남도,창원시마산회원구,내서읍,용담리,0,2010-07-01
4812725025,경상남도,창원시마산회원구,내서읍,중리,0,2010-07-01
4812725026,경상남도,창원시마산회원구,내서읍,상곡리,0,2010-07-01
4812725027,경상남도,창원시마산회원구,내서읍,원계리,0,2010-07-01
4812725028,경상남도,창원시마산회원구,내서읍,삼계리,0,2010-07-01
4812725029,경상남도,창원시마산회원구,내서읍,신감리,0,2010-07-01
4812725030,경상남도,창원시마산회원구,내서읍,감천리,0,2010-07-01
4812900000,경상남도,창원시진해구,,,0,2010-07-01
4812910100,경상남도,창원시진해구,동상동,,0,2010-07-01
4812910200,경상남도,창원시진해구,도천동,,0,2010-07-01
4812910300,경상남도,창원시진해구,도만동,,0,2010-07-01
4812910400,경상남도,창원시진해구,신흥동,,0,2010-07-01
4812910500,경상남도,창원시진해구,현동,,0,2010-07-01
4812910600,경상남도,창원시진해구,비봉동,,0,2010-07-01
4812910700,경상남도,창원시진해구,태평동,,0,2010-07-01
4812910800,경상남도,창원시진해구,충의동,,0,2010-07-01
4812910900,경상남도,창원시진해구,무송동,,0,2010-07-01
4812911000,경상남도,창원시진해구,인의동,,0,2010-07-01
4812911100,경상남도,창원시진해구,숭인동,,0,2010-07-01
4812911200,경상남도,창원시진해구,대영동,,0,2010-07-01
4812911300,경상남도,창원시진해구,남빈동,,0,2010-07-01
4812911400,경상남도,창원시진해구,앵곡동,,0,2010-07-01
4812911500,경상남도,창원시진해구,제황산동,,0,2010-07-01
4812911600,경상남도,창원시진해구,속천동,,0,2010-07-01
4812911700,경상남도,창원시진해구,대죽동,,0,2010-07-01
4812911800,경상남도,창원시진해구,안곡동,,0,2010-07-01
4812911900,경상남도,창원시진해구,수송동,,0,2010-07-01
4812912000,경상남도,창원시진해구,회현동,,0,2010-07-01
4812912100,경상남도,창원시진해구,익선동,,0,2010-07-01
4812912200,경상남도,창원시진해구,창선동,,0,2010-07-01
4812912300,경상남도,창원시진해구,대천동,,0,2010-07-01
4812912400,경상남도,창원시진해구,광화동,,0,2010-07-01
4812912500,경상남도,창원시진해구,통신동,,0,2010-07-01
4812912600,경상남도,창원시진해구,중앙동,,0,2010-07-01
4812912700,경상남도,창원시진해구,부흥동,,0,2010-07-01
4812912800,경상남도,창원시진해구,중평동,,0,2010-07-01
4812912900,경상남도,창원시진해구,근화동,,0,2010-07-01
4812913000,경상남도,창원시진해구,송죽동,,0,2010-07-01
4812913100,경상남도,창원시진해구,화천동,,0,2010-07-01
4812913200,경상남도,창원시진해구,송학동,,0,2010-07-01
4812913300,경상남도,창원시진해구,대흥동,,0,2010-07-01
4812913400,경상남도,창원시진해구,평안동,,0,2010-07-01
4812913500,경상남도,창원시진해구,충무동,,0,2010-07-01
4812913600,경상남도,창원시진해구,인사동,,0,2010-07-01
4812913700,경상남도,창원시진해구,여좌동,,0,2010-07-01
4812913800,경상남도,창원시진해구,태백동,,0,2010-07-01
4812913900,경상남도,창원시진해구,경화동,,0,2010-07-01
4812914000,경상남도,창원시진해구,석동,,0,2010-07-01
4812914100,경상남도,창원시진해구,이동,,0,2010-07-01
4812914200,경상남도,창원시진해구,자은동,,0,2010-07-01
4812914300,경상남도,창원시진해구,덕산동,,0,2010-07-01
4812914400,경상남도,창원시진해구,풍호동,,0,2010-07-01
4812914500,경상남도,창원시진해구,장천동,,0,2010-07-01
4812914600,경상남도,창원시진해구,행암동,,0,2010-07-01
4812914700,경상남도,창원시진해구,북부동,,0,2010-07-01
4812914800,경상남도,창원시진해구,성내동,,0,2010-07-01
4812914900,경상남도,창원시진해구,서중동,,0,2010-07-01
4812915000,경상남도,창원시진해구,남문동,,0,2010-07-01
4812915100,경상남도,창원시진해구,제덕동,,0,2010-07-01
4812915200,경상남도,창원시진해구,수도동,,0,2010-07-01
4812915300,경상남도,창원시진해구,연도동,,0,2010-07-01
4812915400,경상남도,창원시진해구,명동,,0,2010-07-01
4812915500,경상남도,창원시진해구,죽곡동,,0,2010-07-01
4812915600,경상남도,창원시진해구,원포동,,0,2010-07-01
4812915700,경상남도,창원시진해구,남양동,,0,2010-07-01
4812915800,경상남도,창원시진해구,마천동,,0,2010-07-01
4812915900,경상남도,창원시진해구,소사동,,0,2010-07-01
4812916000,경상남도,창원시진해구,대장동,,0,2010-07-01
4812916100,경상남도,창원시진해구,두동,,0,2010-07-01
4812916200,경상남도,창원시진해구,청안동,,0,2010-07-01
4812916300,경상남도,창원시진해구,안골동,,0,2010-07-01
4812916400,경상남도,창원시진해구,용원동,,0,2010-07-01
4812916500,경상남도,창원시진해구,가주동,,0,2010-07-01
4817000000,경상남도,진주시,,,5,1988-04-23
4817010100,경상남도,진주시,망경동,,26,1997-07-01
4817010200,경상남도,진주시,주약동,,1,1988-04-23
4817010300,경상남도,진주시,강남동,,2,1997-07-01
4817010400,경상남도,진주시,칠암동,,3,1988-04-23
4817010500,경상남도,진주시,본성동,,4,1997-07-01
4817010600,경상남도,진주시,동성동,,5,1997-07-01
4817010700,경상남도,진주시,남성동,,6,1997-07-01
4817010800,경상남도,진주시,인사동,,7,1997-07-01
4817010900,경상남도,진주시,대안동,,8,1997-07-01
4817011000,경상남도,진주시,평안동,,9,1997-07-01
4817011100,경상남도,진주시,중안동,,10,1997-07-01
4817011200,경상남도,진주시,계동,,11,1997-07-01
4817011300,경상남도,진주시,봉곡동,,12,1997-07-01
4817011400,경상남도,진주시,상봉동,,31,1990-05-01
4817011500,경상남도,진주시,봉래동,,13,1997-07-01
4817011600,경상남도,진주시,수정동,,27,1997-07-01
4817011700,경상남도,진주시,장대동,,14,1997-07-01
4817011800,경상남도,진주시,옥봉동,,15,1997-07-01
4817011900,경상남도,진주시,상대동,,16,1988-04-23
4817012000,경상남도,진주시,하대동,,17,1988-04-23
4817012100,경상남도,진주시,상평동,,32,1990-05-01
4817012200,경상남도,진주시,초전동,,28,1997-07-01
4817012300,경상남도,진주시,장재동,,18,1997-07-01
4817012400,경상남도,진주시,하촌동,,19,1997-07-01
4817012500,경상남도,진주시,신안동,,20,1988-04-23
4817012600,경상남도,진주시,평거동,,21,1988-04-23
4817012700,경상남도,진주시,이현동,,29,1997-07-01
4817012800,경상남도,진주시,유곡동,,22,1988-04-23
4817012900,경상남도,진주시,판문동,,30,1997-07-01
4817013000,경상남도,진주시,귀곡동,,23,1988-04-23
4817013100,경상남도,진주시,가좌동,,24,1988-04-23
4817013200,경상남도,진주시,호탄동,,25,1988-04-23
4817013700,경상남도,진주시,충무공동,,26,2013-12-18
4817025000,경상남도,진주시,문산읍,,33,1995-03-02
4817025021,경상남도,진주시,문산읍,상문리,1,1995-03-02
4817025022,경상남도,진주시,문산읍,소문리,2,1995-03-02
4817025023,경상남도,진주시,문산읍,삼곡리,3,1995-03-02
4817025024,경상남도,진주시,문산읍,이곡리,4,1995-03-02
4817025026,경상남도,진주시,문산읍,안전리,5,1995-03-02
4817025027,경상남도,진주시,문산읍,옥산리,6,1995-03-02
4817025029,경상남도,진주시,문산읍,갈곡리,7,1995-11-01
4817025030,경상남도,진주시,문산읍,두산리,8,1995-11-01
4817031000,경상남도,진주시,내동면,,34,1995-01-01
4817031021,경상남도,진주시,내동면,독산리,1,1995-01-01
4817031022,경상남도,진주시,내동면,신율리,2,1995-01-01
4817031023,경상남도,진주시,내동면,삼계리,3,1995-01-01
4817031024,경상남도,진주시,내동면,유수리,4,1995-01-01
4817031025,경상남도,진주시,내동면,내평리,5,1995-01-01
4817032000,경상남도,진주시,정촌면,,35,1995-01-01
4817032021,경상남도,진주시,정촌면,화개리,1,1995-01-01
4817032022,경상남도,진주시,정촌면,관봉리,2,1995-01-01
4817032023,경상남도,진주시,정촌면,소곡리,3,1995-01-01
4817032024,경상남도,진주시,정촌면,예상리,4,1995-01-01
4817032025,경상남도,진주시,정촌면,예하리,5,1995-01-01
4817032026,경상남도,진주시,정촌면,대축리,6,1995-01-01
4817033000,경상남도,진주시,금곡면,,36,1995-01-01
4817033021,경상남도,진주시,금곡면,검암리,1,1995-01-01
4817033022,경상남도,진주시,금곡면,가봉리,2,1995-01-01
4817033023,경상남도,진주시,금곡면,송곡리,3,1995-01-01
4817033024,경상남도,진주시,금곡면,정자리,4,1995-01-01
4817033025,경상남도,진주시,금곡면,인담리,5,1995-01-01
4817033026,경상남도,진주시,금곡면,동례리,6,1995-01-01
4817033027,경상남도,진주시,금곡면,두문리,7,1995-01-01
4817033028,경상남도,진주시,금곡면,죽곡리,8,1995-01-01
4817033029,경상남도,진주시,금곡면,성산리,9,1995-01-01
4817035000,경상남도,진주시,진성면,,37,1995-01-01
4817035021,경상남도,진주시,진성면,상촌리,1,1995-01-01
4817035023,경상남도,진주시,진성면,대사리,2,1995-01-01
4817035024,경상남도,진주시,진성면,온수리,3,1995-01-01
4817035025,경상남도,진주시,진성면,천곡리,4,1995-01-01
4817035027,경상남도,진주시,진성면,가진리,5,1995-01-01
4817035028,경상남도,진주시,진성면,구천리,6,1995-11-01
4817035029,경상남도,진주시,진성면,동산리,7,1995-11-01
4817036000,경상남도,진주시,일반성면,,38,1995-01-01
4817036021,경상남도,진주시,일반성면,창촌리,1,1995-01-01
4817036022,경상남도,진주시,일반성면,가선리,2,1995-01-01
4817036023,경상남도,진주시,일반성면,개암리,3,1995-01-01
4817036024,경상남도,진주시,일반성면,답천리,4,1995-01-01
4817036025,경상남도,진주시,일반성면,운천리,5,1995-01-01
4817036026,경상남도,진주시,일반성면,남산리,6,1995-01-01
4817037000,경상남도,진주시,이반성면,,39,1995-01-01
4817037021,경상남도,진주시,이반성면,장안리,1,1995-01-01
4817037022,경상남도,진주시,이반성면,평촌리,2,1995-01-01
4817037023,경상남도,진주시,이반성면,하곡리,3,1995-01-01
4817037024,경상남도,진주시,이반성면,용암리,4,1995-01-01
4817037025,경상남도,진주시,이반성면,가산리,5,1995-01-01
4817037026,경상남도,진주시,이반성면,대천리,6,1995-01-01
4817037027,경상남도,진주시,이반성면,길성리,7,1995-01-01
4817037028,경상남도,진주시,이반성면,발산리,8,1995-01-01
4817038000,경상남도,진주시,사봉면,,40,1995-01-01
4817038021,경상남도,진주시,사봉면,마성리,1,1995-01-01
4817038022,경상남도,진주시,사봉면,방촌리,2,1995-01-01
4817038023,경상남도,진주시,사봉면,무촌리,3,1995-01-01
4817038024,경상남도,진주시,사봉면,사곡리,4,1995-01-01
4817038025,경상남도,진주시,사봉면,봉곡리,5,1995-01-01
4817038026,경상남도,진주시,사봉면,부계리,6,1995-01-01
4817039000,경상남도,진주시,지수면,,41,1995-01-01
4817039022,경상남도,진주시,지수면,청원리,1,1995-01-01
4817039023,경상남도,진주시,지수면,금곡리,2,1995-01-01
4817039024,경상남도,진주시,지수면,압사리,3,1995-01-01
4817039025,경상남도,진주시,지수면,용봉리,4,1995-01-01
4817039026,경상남도,진주시,지수면,청담리,5,1995-01-01
4817039027,경상남도,진주시,지수면,승산리,6,1995-11-01
4817040000,경상남도,진주시,대곡면,,42,1995-01-01
4817040021,경상남도,진주시,대곡면,설매리,1,1995-01-01
4817040022,경상남도,진주시,대곡면,광석리,2,1995-01-01
4817040023,경상남도,진주시,대곡면,유곡리,3,1995-01-01
4817040024,경상남도,진주시,대곡면,단목리,4,1995-01-01
4817040025,경상남도,진주시,대곡면,월아리,5,1995-01-01
4817040026,경상남도,진주시,대곡면,와룡리,6,1995-01-01
4817040027,경상남도,진주시,대곡면,가정리,7,1995-01-01
4817040028,경상남도,진주시,대곡면,덕곡리,8,1995-01-01
4817040029,경상남도,진주시,대곡면,마진리,9,1995-01-01
4817040030,경상남도,진주시,대곡면,대곡리,10,1995-01-01
4817040031,경상남도,진주시,대곡면,월암리,11,1995-01-01
4817040032,경상남도,진주시,대곡면,용암리,12,1995-01-01
4817041000,경상남도,진주시,금산면,,43,1995-01-01
4817041021,경상남도,진주시,금산면,가방리,1,1995-01-01
4817041022,경상남도,진주시,금산면,용아리,2,1995-01-01
4817041023,경상남도,진주시,금산면,갈전리,3,1995-01-01
4817041024,경상남도,진주시,금산면,속사리,4,1995-01-01
4817041025,경상남도,진주시,금산면,송백리,5,1995-01-01
4817041026,경상남도,진주시,금산면,중천리,6,1995-01-01
4817041027,경상남도,진주시,금산면,장사리,7,1995-01-01
4817042000,경상남도,진주시,집현면,,44,1995-01-01
4817042021,경상남도,진주시,집현면,지내리,1,1995-01-01
4817042022,경상남도,진주시,집현면,봉강리,2,1995-01-01
4817042023,경상남도,진주시,집현면,사촌리,3,1995-01-01
4817042024,경상남도,진주시,집현면,대암리,4,1995-01-01
4817042025,경상남도,진주시,집현면,정평리,5,1995-01-01
4817042026,경상남도,진주시,집현면,정수리,6,1995-01-01
4817042027,경상남도,진주시,집현면,냉정리,7,1995-01-01
4817042028,경상남도,진주시,집현면,장흥리,8,1995-01-01
4817042029,경상남도,진주시,집현면,신당리,9,1995-01-01
4817042030,경상남도,진주시,집현면,덕오리,10,1995-01-01
4817043000,경상남도,진주시,미천면,,45,1995-01-01
4817043021,경상남도,진주시,미천면,오방리,1,1995-01-01
4817043022,경상남도,진주시,미천면,향양리,2,1995-01-01
4817043023,경상남도,진주시,미천면,반지리,3,1995-01-01
4817043024,경상남도,진주시,미천면,벌당리,4,1995-01-01
4817043025,경상남도,진주시,미천면,어옥리,5,1995-01-01
4817043026,경상남도,진주시,미천면,상미리,6,1995-01-01
4817043027,경상남도,진주시,미천면,미곡리,7,1995-01-01
4817043028,경상남도,진주시,미천면,안간리,8,1995-01-01
4817043029,경상남도,진주시,미천면,효자리,9,1995-01-01
4817044000,경상남도,진주시,명석면,,46,1995-01-01
4817044021,경상남도,진주시,명석면,관지리,1,1995-01-01
4817044022,경상남도,진주시,명석면,왕지리,2,1995-01-01
4817044023,경상남도,진주시,명석면,남성리,3,1995-01-01
4817044024,경상남도,진주시,명석면,덕곡리,4,1995-01-01
4817044025,경상남도,진주시,명석면,계원리,5,1995-01-01
4817044026,경상남도,진주시,명석면,신기리,6,1995-01-01
4817044027,경상남도,진주시,명석면,외율리,7,1995-01-01
4817044028,경상남도,진주시,명석면,오미리,8,1995-01-01
4817044029,경상남도,진주시,명석면,가화리,9,1995-01-01
4817044030,경상남도,진주시,명석면,용산리,10,1995-01-01
4817044031,경상남도,진주시,명석면,우수리,11,1995-01-01
4817045000,경상남도,진주시,대평면,,47,1995-01-01
4817045021,경상남도,진주시,대평면,대평리,1,1995-01-01
4817045022,경상남도,진주시,대평면,상촌리,2,1995-01-01
4817045023,경상남도,진주시,대평면,하촌리,3,1995-01-01
4817045024,경상남도,진주시,대평면,당촌리,4,1995-01-01
4817045025,경상남도,진주시,대평면,신풍리,5,1995-01-01
4817045026,경상남도,진주시,대평면,내촌리,6,1995-01-01
4817046000,경상남도,진주시,수곡면,,48,1995-01-01
4817046021,경상남도,진주시,수곡면,자매리,1,1995-01-01
4817046022,경상남도,진주시,수곡면,사곡리,2,1995-01-01
4817046023,경상남도,진주시,수곡면,대천리,3,1995-01-01
4817046024,경상남도,진주시,수곡면,창촌리,4,1995-01-01
4817046025,경상남도,진주시,수곡면,효자리,5,1995-01-01
4817046026,경상남도,진주시,수곡면,원내리,6,1995-01-01
4817046027,경상남도,진주시,수곡면,원외리,7,1995-01-01
4817046028,경상남도,진주시,수곡면,원계리,8,1995-01-01
4822000000,경상남도,통영시,,,7,1995-01-01
4822010100,경상남도,통영시,도천동,,1,1995-01-01
4822010200,경상남도,통영시,서호동,,2,1998-01-01
4822010300,경상남도,통영시,명정동,,3,1995-01-01
4822010400,경상남도,통영시,항남동,,4,1998-01-01
4822010500,경상남도,통영시,중앙동,,5,1998-01-01
4822010600,경상남도,통영시,문화동,,6,1998-01-01
4822010700,경상남도,통영시,태평동,,7,1998-01-01
4822010800,경상남도,통영시,동호동,,8,1998-01-01
4822010900,경상남도,통영시,정량동,,9,1995-01-01
4822011000,경상남도,통영시,북신동,,10,1995-01-01
4822011100,경상남도,통영시,무전동,,11,1995-01-01
4822011200,경상남도,통영시,평림동,,12,1998-01-01
4822011300,경상남도,통영시,인평동,,13,1995-01-01
4822011400,경상남도,통영시,당동,,14,1998-01-01
4822011500,경상남도,통영시,미수동,,15,1995-01-01
4822011600,경상남도,통영시,봉평동,,16,1995-01-01
4822011700,경상남도,통영시,도남동,,17,1995-05-01
4822025000,경상남도,통영시,산양읍,,18,1995-03-02
4822025021,경상남도,통영시,산양읍,영운리,1,1995-03-02
4822025022,경상남도,통영시,산양읍,신전리,2,1995-03-02
4822025023,경상남도,통영시,산양읍,미남리,3,1995-03-02
4822025024,경상남도,통영시,산양읍,연화리,4,1995-03-02
4822025026,경상남도,통영시,산양읍,남평리,6,1995-03-02
4822025027,경상남도,통영시,산양읍,풍화리,7,1995-03-02
4822025028,경상남도,통영시,산양읍,곤리리,8,1995-03-02
4822025029,경상남도,통영시,산양읍,추도리,9,1995-03-02
4822025030,경상남도,통영시,산양읍,저림리,10,1995-03-02
4822025031,경상남도,통영시,산양읍,연곡리,11,1995-03-02
4822025032,경상남도,통영시,산양읍,당포리,5,2025-10-17
4822031000,경상남도,통영시,용남면,,19,1995-01-01
4822031021,경상남도,통영시,용남면,화삼리,1,1995-01-01
4822031022,경상남도,통영시,용남면,동달리,2,1995-01-01
4822031023,경상남도,통영시,용남면,장문리,3,1995-01-01
4822031024,경상남도,통영시,용남면,삼화리,4,1995-01-01
4822031025,경상남도,통영시,용남면,원평리,5,1995-01-01
4822031026,경상남도,통영시,용남면,장평리,6,1995-01-01
4822031027,경상남도,통영시,용남면,지도리,7,1995-01-01
4822031028,경상남도,통영시,용남면,어의리,8,1995-01-01
4822033000,경상남도,통영시,도산면,,20,1995-01-01
4822033021,경상남도,통영시,도산면,원산리,1,1995-01-01
4822033022,경상남도,통영시,도산면,도선리,2,1995-01-01
4822033023,경상남도,통영시,도산면,법송리,3,1995-01-01
4822033024,경상남도,통영시,도산면,관덕리,4,1995-01-01
4822033025,경상남도,통영시,도산면,오륜리,5,1995-01-01
4822033026,경상남도,통영시,도산면,저산리,6,1995-01-01
4822033027,경상남도,통영시,도산면,수월리,7,1995-01-01
4822034000,경상남도,통영시,광도면,,21,1995-01-01
4822034021,경상남도,통영시,광도면,덕포리,1,1995-01-01
4822034022,경상남도,통영시,광도면,우동리,2,1995-01-01
4822034023,경상남도,통영시,광도면,노산리,3,1995-01-01
4822034024,경상남도,통영시,광도면,죽림리,4,1995-01-01
4822034025,경상남도,통영시,광도면,용호리,5,1995-01-01
4822034026,경상남도,통영시,광도면,황리,6,1995-01-01
4822034027,경상남도,통영시,광도면,안정리,7,1995-01-01
4822035000,경상남도,통영시,욕지면,,22,1995-01-01
4822035021,경상남도,통영시,욕지면,동항리,1,1995-01-01
4822035022,경상남도,통영시,욕지면,서산리,2,1995-01-01
4822035023,경상남도,통영시,욕지면,연화리,3,1995-01-01
4822035024,경상남도,통영시,욕지면,노대리,4,1995-01-01
4822035025,경상남도,통영시,욕지면,두미리,5,1995-01-01
4822036000,경상남도,통영시,한산면,,23,1995-01-01
4822036021,경상남도,통영시,한산면,두억리,1,1995-01-01
4822036022,경상남도,통영시,한산면,염호리,2,1995-01-01
4822036023,경상남도,통영시,한산면,창좌리,3,1995-01-01
4822036024,경상남도,통영시,한산면,하소리,4,1995-01-01
4822036025,경상남도,통영시,한산면,추봉리,5,1995-01-01
4822036026,경상남도,통영시,한산면,용호리,6,1995-01-01
4822036027,경상남도,통영시,한산면,비진리,7,1995-01-01
4822036028,경상남도,통영시,한산면,매죽리,8,1995-01-01
4822037000,경상남도,통영시,사량면,,24,1995-01-01
4822037021,경상남도,통영시,사량면,금평리,1,1995-01-01
4822037022,경상남도,통영시,사량면,돈지리,2,1995-01-01
4822037023,경상남도,통영시,사량면,읍덕리,3,1995-01-01
4822037024,경상남도,통영시,사량면,양지리,4,1995-01-01
4824000000,경상남도,사천시,,,8,1995-05-10
4824010100,경상남도,사천시,동동,,1,1995-05-10
4824010200,경상남도,사천시,서동,,2,1995-05-10
4824010300,경상남도,사천시,선구동,,3,1995-05-10
4824010400,경상남도,사천시,동금동,,4,1995-05-10
4824010500,경상남도,사천시,서금동,,5,1995-05-10
4824010600,경상남도,사천시,동림동,,6,1998-09-12
4824010700,경상남도,사천시,좌룡동,,7,1998-09-12
4824010800,경상남도,사천시,벌리동,,8,1995-05-10
4824010900,경상남도,사천시,용강동,,9,1995-05-10
4824011000,경상남도,사천시,와룡동,,10,1995-05-10
4824011100,경상남도,사천시,봉남동,,11,1998-09-12
4824011200,경상남도,사천시,이금동,,12,1998-09-12
4824011300,경상남도,사천시,이홀동,,13,1998-09-12
4824011400,경상남도,사천시,궁지동,,14,1998-09-12
4824011500,경상남도,사천시,사등동,,15,1995-05-10
4824011600,경상남도,사천시,향촌동,,16,1995-05-10
4824011700,경상남도,사천시,대방동,,17,1998-09-12
4824011800,경상남도,사천시,실안동,,18,1998-09-12
4824011900,경상남도,사천시,마도동,,19,1995-05-10
4824012000,경상남도,사천시,늑도동,,20,1995-05-10
4824012100,경상남도,사천시,신수동,,21,1995-05-10
4824012200,경상남도,사천시,백천동,,22,1998-09-12
4824012300,경상남도,사천시,신벽동,,23,1998-09-12
4824012400,경상남도,사천시,노룡동,,24,1998-09-12
4824012500,경상남도,사천시,대포동,,25,1998-09-12
4824012600,경상남도,사천시,송포동,,26,1998-09-12
4824012700,경상남도,사천시,죽림동,,27,1998-09-12
4824025000,경상남도,사천시,사천읍,,28,1995-05-10
4824025021,경상남도,사천시,사천읍,선인리,1,1995-05-10
4824025022,경상남도,사천시,사천읍,정의리,2,1995-05-10
4824025023,경상남도,사천시,사천읍,평화리,3,1995-05-10
4824025024,경상남도,사천시,사천읍,수석리,4,1995-05-10
4824025025,경상남도,사천시,사천읍,사주리,5,1995-05-10
4824025026,경상남도,사천시,사천읍,용당리,6,1995-05-10
4824025027,경상남도,사천시,사천읍,중선리,7,1995-05-10
4824025028,경상남도,사천시,사천읍,구암리,8,1995-05-10
4824025029,경상남도,사천시,사천읍,장전리,9,1995-05-10
4824025030,경상남도,사천시,사천읍,금곡리,10,1995-05-10
4824025031,경상남도,사천시,사천읍,두량리,11,1995-05-10
4824031000,경상남도,사천시,정동면,,29,1995-05-10
4824031021,경상남도,사천시,정동면,고읍리,1,1995-05-10
4824031022,경상남도,사천시,정동면,예수리,2,1995-05-10
4824031023,경상남도,사천시,정동면,화암리,3,1995-05-10
4824031024,경상남도,사천시,정동면,풍정리,4,1995-05-10
4824031025,경상남도,사천시,정동면,수청리,5,1995-05-10
4824031026,경상남도,사천시,정동면,대곡리,6,1995-05-10
4824031027,경상남도,사천시,정동면,장산리,7,1995-05-10
4824031028,경상남도,사천시,정동면,감곡리,8,1995-05-10
4824031029,경상남도,사천시,정동면,학촌리,9,1995-05-10
4824031030,경상남도,사천시,정동면,소곡리,10,1995-05-10
4824032000,경상남도,사천시,사남면,,30,1995-05-10
4824032021,경상남도,사천시,사남면,죽천리,1,1995-05-10
4824032022,경상남도,사천시,사남면,초전리,2,1995-05-10
4824032023,경상남도,사천시,사남면,방지리,3,1995-05-10
4824032024,경상남도,사천시,사남면,유천리,4,1995-05-10
4824032025,경상남도,사천시,사남면,월성리,5,1995-05-10
4824032026,경상남도,사천시,사남면,화전리,6,1995-05-10
4824032027,경상남도,사천시,사남면,우천리,7,1995-05-10
4824032028,경상남도,사천시,사남면,종천리,8,1995-05-10
4824032029,경상남도,사천시,사남면,사촌리,9,1995-05-10
4824032030,경상남도,사천시,사남면,계양리,10,1995-05-10
4824032031,경상남도,사천시,사남면,가천리,11,1995-05-10
4824033000,경상남도,사천시,용현면,,31,1995-05-10
4824033021,경상남도,사천시,용현면,송지리,1,1995-05-10
4824033022,경상남도,사천시,용현면,선진리,2,1995-05-10
4824033023,경상남도,사천시,용현면,통양리,3,1995-05-10
4824033024,경상남도,사천시,용현면,신촌리,4,1995-05-10
4824033025,경상남도,사천시,용현면,온정리,5,1995-05-10
4824033026,경상남도,사천시,용현면,신복리,6,1995-05-10
4824033027,경상남도,사천시,용현면,석계리,7,1995-05-10
4824033028,경상남도,사천시,용현면,구월리,8,1995-05-10
4824033029,경상남도,사천시,용현면,용치리,9,1995-05-10
4824033030,경상남도,사천시,용현면,금문리,10,1995-05-10
4824033031,경상남도,사천시,용현면,주문리,11,1995-05-10
4824033032,경상남도,사천시,용현면,덕곡리,12,1995-05-10
4824034000,경상남도,사천시,축동면,,32,1995-05-10
4824034021,경상남도,사천시,축동면,배춘리,1,1995-05-10
4824034022,경상남도,사천시,축동면,길평리,2,1995-05-10
4824034023,경상남도,사천시,축동면,사다리,3,1995-05-10
4824034024,경상남도,사천시,축동면,탑리,4,1995-05-10
4824034025,경상남도,사천시,축동면,반용리,5,1995-05-10
4824034026,경상남도,사천시,축동면,가산리,6,1995-05-10
4824034027,경상남도,사천시,축동면,구호리,7,1995-05-10
4824035000,경상남도,사천시,곤양면,,33,1995-05-10
4824035021,경상남도,사천시,곤양면,성내리,1,1995-05-10
4824035022,경상남도,사천시,곤양면,남문외리,2,1995-05-10
4824035023,경상남도,사천시,곤양면,서정리,3,1995-05-10
4824035024,경상남도,사천시,곤양면,송전리,4,1995-05-10
4824035025,경상남도,사천시,곤양면,대진리,5,1995-05-10
4824035026,경상남도,사천시,곤양면,환덕리,6,1995-05-10
4824035027,경상남도,사천시,곤양면,묵곡리,7,1995-05-10
4824035028,경상남도,사천시,곤양면,흥사리,8,1995-05-10
4824035029,경상남도,사천시,곤양면,가화리,9,1995-05-10
4824035030,경상남도,사천시,곤양면,검정리,10,1995-05-10
4824035031,경상남도,사천시,곤양면,중항리,11,1995-05-10
4824035032,경상남도,사천시,곤양면,무고리,12,1995-05-10
4824035033,경상남도,사천시,곤양면,맥사리,13,1995-05-10
4824036000,경상남도,사천시,곤명면,,34,1995-05-10
4824036021,경상남도,사천시,곤명면,추천리,1,1995-05-10
4824036022,경상남도,사천시,곤명면,용산리,2,1995-05-10
4824036023,경상남도,사천시,곤명면,조장리,3,1995-05-10
4824036024,경상남도,사천시,곤명면,봉계리,4,1995-05-10
4824036025,경상남도,사천시,곤명면,초량리,5,1995-05-10
4824036026,경상남도,사천시,곤명면,삼정리,6,1995-05-10
4824036027,경상남도,사천시,곤명면,은사리,7,1995-05-10
4824036028,경상남도,사천시,곤명면,마곡리,8,1995-05-10
4824036029,경상남도,사천시,곤명면,성방리,9,1995-05-10
4824036030,경상남도,사천시,곤명면,작팔리,10,1995-05-10
4824036031,경상남도,사천시,곤명면,송림리,11,1995-05-10
4824036032,경상남도,사천시,곤명면,정곡리,12,1995-05-10
4824036033,경상남도,사천시,곤명면,신흥리,13,1995-05-10
4824036034,경상남도,사천시,곤명면,본촌리,14,1995-05-10
4824036035,경상남도,사천시,곤명면,금성리,15,1995-05-10
4824036036,경상남도,사천시,곤명면,연평리,16,1995-05-10
4824037000,경상남도,사천시,서포면,,35,1995-05-10
4824037021,경상남도,사천시,서포면,금진리,1,1995-05-10
4824037022,경상남도,사천시,서포면,내구리,2,1995-05-10
4824037023,경상남도,사천시,서포면,외구리,3,1995-05-10
4824037024,경상남도,사천시,서포면,조도리,4,1995-05-10
4824037025,경상남도,사천시,서포면,구랑리,5,1995-05-10
4824037026,경상남도,사천시,서포면,자혜리,6,1995-05-10
4824037027,경상남도,사천시,서포면,구평리,7,1995-05-10
4824037028,경상남도,사천시,서포면,다평리,8,1995-05-10
4824037029,경상남도,사천시,서포면,선전리,9,1995-05-10
4824037030,경상남도,사천시,서포면,비토리,10,1995-05-10
4825000000,경상남도,김해시,,,9,1988-04-23
4825010100,경상남도,김해시,동상동,,1,1988-04-23
4825010200,경상남도,김해시,서상동,,2,1988-04-23
4825010300,경상남도,김해시,부원동,,3,1988-04-23
4825010400,경상남도,김해시,봉황동,,4,1988-04-23
4825010500,경상남도,김해시,대성동,,5,1988-04-23
4825010600,경상남도,김해시,구산동,,6,1988-04-23
4825010700,경상남도,김해시,삼계동,,7,1988-04-23
4825010800,경상남도,김해시,내동,,8,1988-04-23
4825010900,경상남도,김해시,외동,,9,1988-04-23
4825011000,경상남도,김해시,흥동,,10,1998-09-12
4825011100,경상남도,김해시,풍유동,,11,1998-09-12
4825011200,경상남도,김해시,명법동,,12,1998-09-12
4825011300,경상남도,김해시,이동,,13,1998-09-12
4825011400,경상남도,김해시,화목동,,14,1998-09-12
4825011500,경상남도,김해시,전하동,,15,1998-09-12
4825011600,경상남도,김해시,강동,,16,1998-09-12
4825011700,경상남도,김해시,삼정동,,17,1988-04-23
4825011800,경상남도,김해시,어방동,,18,1988-04-23
4825011900,경상남도,김해시,삼방동,,19,1988-04-23
4825012000,경상남도,김해시,안동,,20,1988-04-23
4825012100,경상남도,김해시,지내동,,21,1988-04-23
4825012200,경상남도,김해시,불암동,,22,1988-04-23
4825012300,경상남도,김해시,유하동,,,2013-06-29
4825012400,경상남도,김해시,내덕동,,,2013-06-29
4825012500,경상남도,김해시,부곡동,,,2013-06-29
4825012600,경상남도,김해시,무계동,,,2013-06-29
4825012700,경상남도,김해시,신문동,,,2013-06-29
4825012800,경상남도,김해시,삼문동,,,2013-06-29
4825012900,경상남도,김해시,대청동,,,2013-06-29
4825013000,경상남도,김해시,관동동,,,2013-06-29
4825013100,경상남도,김해시,율하동,,,2013-06-29
4825013200,경상남도,김해시,장유동,,,2013-06-29
4825013300,경상남도,김해시,응달동,,,2013-06-29
4825013400,경상남도,김해시,수가동,,,2013-06-29
4825025000,경상남도,김해시,진영읍,,23,1995-05-10
4825025021,경상남도,김해시,진영읍,우동리,1,1995-05-10
4825025022,경상남도,김해시,진영읍,하계리,2,1995-05-10
4825025023,경상남도,김해시,진영읍,방동리,3,1995-05-10
4825025024,경상남도,김해시,진영읍,사산리,4,1995-05-10
4825025025,경상남도,김해시,진영읍,좌곤리,5,1995-05-10
4825025026,경상남도,김해시,진영읍,진영리,6,1995-05-10
4825025027,경상남도,김해시,진영읍,여래리,7,1995-05-10
4825025028,경상남도,김해시,진영읍,본산리,8,1995-05-10
4825025029,경상남도,김해시,진영읍,신용리,9,1995-05-10
4825025030,경상남도,김해시,진영읍,설창리,10,1995-05-10
4825025031,경상남도,김해시,진영읍,내룡리,11,1995-05-10
4825025032,경상남도,김해시,진영읍,죽곡리,12,1995-05-10
4825025033,경상남도,김해시,진영읍,의전리,13,1995-05-10
4825032000,경상남도,김해시,주촌면,,25,1995-05-10
4825032021,경상남도,김해시,주촌면,선지리,1,1995-05-10
4825032022,경상남도,김해시,주촌면,원지리,2,1995-05-10
4825032023,경상남도,김해시,주촌면,덕암리,3,1995-05-10
4825032024,경상남도,김해시,주촌면,천곡리,4,1995-05-10
4825032025,경상남도,김해시,주촌면,내삼리,5,1995-05-10
4825032026,경상남도,김해시,주촌면,양동리,6,1995-05-10
4825032027,경상남도,김해시,주촌면,망덕리,7,1995-05-10
4825032028,경상남도,김해시,주촌면,농소리,8,1995-05-10
4825033000,경상남도,김해시,진례면,,26,1995-05-10
4825033021,경상남도,김해시,진례면,청천리,1,1995-05-10
4825033022,경상남도,김해시,진례면,시례리,2,1995-05-10
4825033023,경상남도,김해시,진례면,송정리,3,1995-05-10
4825033024,경상남도,김해시,진례면,초전리,4,1995-05-10
4825033025,경상남도,김해시,진례면,신안리,5,1995-05-10
4825033026,경상남도,김해시,진례면,산본리,6,1995-05-10
4825033027,경상남도,김해시,진례면,신월리,7,1995-05-10
4825033028,경상남도,김해시,진례면,송현리,8,1995-05-10
4825033029,경상남도,김해시,진례면,담안리,9,1995-05-10
4825033030,경상남도,김해시,진례면,고모리,10,1995-05-10
4825034000,경상남도,김해시,한림면,,27,1995-05-10
4825034021,경상남도,김해시,한림면,명동리,1,1995-05-10
4825034022,경상남도,김해시,한림면,퇴래리,2,1995-05-10
4825034023,경상남도,김해시,한림면,병동리,3,1995-05-10
4825034024,경상남도,김해시,한림면,신천리,4,1995-05-10
4825034025,경상남도,김해시,한림면,용덕리,5,1995-05-10
4825034026,경상남도,김해시,한림면,안곡리,6,1995-05-10
4825034027,경상남도,김해시,한림면,안하리,7,1995-05-10
4825034028,경상남도,김해시,한림면,장방리,8,1995-05-10
4825034029,경상남도,김해시,한림면,시산리,9,1995-05-10
4825034030,경상남도,김해시,한림면,가동리,10,1995-05-10
4825034031,경상남도,김해시,한림면,가산리,11,1995-05-10
4825034032,경상남도,김해시,한림면,금곡리,12,1995-05-10
4825035000,경상남도,김해시,생림면,,28,1995-05-10
4825035021,경상남도,김해시,생림면,나전리,1,1995-05-10
4825035022,경상남도,김해시,생림면,사촌리,2,1995-05-10
4825035023,경상남도,김해시,생림면,봉림리,3,1995-05-10
4825035024,경상남도,김해시,생림면,생림리,4,1995-05-10
4825035025,경상남도,김해시,생림면,마사리,5,1995-05-10
4825035026,경상남도,김해시,생림면,생철리,6,1995-05-10
4825035027,경상남도,김해시,생림면,안양리,7,1995-05-10
4825035028,경상남도,김해시,생림면,도요리,8,1995-05-10
4825036000,경상남도,김해시,상동면,,29,1995-05-10
4825036021,경상남도,김해시,상동면,대감리,1,1995-05-10
4825036022,경상남도,김해시,상동면,매리,2,1995-05-10
4825036023,경상남도,김해시,상동면,감노리,3,1995-05-10
4825036024,경상남도,김해시,상동면,여차리,4,1995-05-10
4825036025,경상남도,김해시,상동면,우계리,5,1995-05-10
4825036026,경상남도,김해시,상동면,묵방리,6,1995-05-10
4825037000,경상남도,김해시,대동면,,30,1995-05-10
4825037021,경상남도,김해시,대동면,수안리,1,1995-05-10
4825037022,경상남도,김해시,대동면,주중리,2,1995-05-10
4825037023,경상남도,김해시,대동면,주동리,3,1995-05-10
4825037024,경상남도,김해시,대동면,예안리,4,1995-05-10
4825037025,경상남도,김해시,대동면,초정리,5,1995-05-10
4825037026,경상남도,김해시,대동면,괴정리,6,1995-05-10
4825037027,경상남도,김해시,대동면,대감리,7,1995-05-10
4825037028,경상남도,김해시,대동면,덕산리,8,1995-05-10
4825037029,경상남도,김해시,대동면,월촌리,9,1995-05-10
4825037030,경상남도,김해시,대동면,조눌리,10,1995-05-10
4827000000,경상남도,밀양시,,,10,1989-01-01
4827010100,경상남도,밀양시,내일동,,1,1989-01-01
4827010200,경상남도,밀양시,내이동,,2,1989-01-01
4827010300,경상남도,밀양시,교동,,3,1989-01-01
4827010400,경상남도,밀양시,삼문동,,4,1989-01-01
4827010500,경상남도,밀양시,남포동,,5,1989-01-01
4827010600,경상남도,밀양시,용평동,,6,1998-09-21
4827010700,경상남도,밀양시,활성동,,7,1998-09-21
4827010800,경상남도,밀양시,가곡동,,8,1989-01-01
4827025000,경상남도,밀양시,삼랑진읍,,9,1995-01-01
4827025021,경상남도,밀양시,삼랑진읍,송지리,1,1995-01-01
4827025022,경상남도,밀양시,삼랑진읍,용전리,2,1995-01-01
4827025023,경상남도,밀양시,삼랑진읍,미전리,3,1995-01-01
4827025024,경상남도,밀양시,삼랑진읍,삼랑리,4,1995-01-01
4827025025,경상남도,밀양시,삼랑진읍,율동리,5,1995-01-01
4827025026,경상남도,밀양시,삼랑진읍,우곡리,6,1995-01-01
4827025027,경상남도,밀양시,삼랑진읍,검세리,7,1995-01-01
4827025028,경상남도,밀양시,삼랑진읍,안태리,8,1995-01-01
4827025029,경상남도,밀양시,삼랑진읍,행곡리,9,1995-01-01
4827025030,경상남도,밀양시,삼랑진읍,임천리,10,1995-01-01
4827025031,경상남도,밀양시,삼랑진읍,숭진리,11,1995-01-01
4827025032,경상남도,밀양시,삼랑진읍,청학리,12,1995-01-01
4827025033,경상남도,밀양시,삼랑진읍,용성리,13,1995-01-01
4827025300,경상남도,밀양시,하남읍,,10,1995-01-01
4827025321,경상남도,밀양시,하남읍,수산리,1,1995-01-01
4827025322,경상남도,밀양시,하남읍,명례리,2,1995-01-01
4827025323,경상남도,밀양시,하남읍,백산리,3,1995-01-01
4827025324,경상남도,밀양시,하남읍,파서리,4,1995-01-01
4827025325,경상남도,밀양시,하남읍,남전리,5,1995-01-01
4827025326,경상남도,밀양시,하남읍,대사리,6,1995-01-01
4827025327,경상남도,밀양시,하남읍,양동리,7,1995-01-01
4827025328,경상남도,밀양시,하남읍,귀명리,8,1995-01-01
4827031000,경상남도,밀양시,부북면,,11,1995-01-01
4827031021,경상남도,밀양시,부북면,운전리,1,1995-01-01
4827031022,경상남도,밀양시,부북면,전사포리,2,1995-01-01
4827031023,경상남도,밀양시,부북면,후사포리,3,1995-01-01
4827031024,경상남도,밀양시,부북면,제대리,4,1995-01-01
4827031025,경상남도,밀양시,부북면,감천리,5,1995-01-01
4827031026,경상남도,밀양시,부북면,오례리,6,1995-01-01
4827031027,경상남도,밀양시,부북면,덕곡리,7,1995-01-01
4827031028,경상남도,밀양시,부북면,청운리,8,1995-01-01
4827031029,경상남도,밀양시,부북면,가산리,9,1995-01-01
4827031030,경상남도,밀양시,부북면,대항리,10,1995-01-01
4827031031,경상남도,밀양시,부북면,퇴로리,11,1995-01-01
4827031032,경상남도,밀양시,부북면,월산리,12,1995-01-01
4827031033,경상남도,밀양시,부북면,위양리,13,1995-01-01
4827031034,경상남도,밀양시,부북면,무연리,14,1995-01-01
4827031035,경상남도,밀양시,부북면,춘화리,15,1995-01-01
4827031036,경상남도,밀양시,부북면,용지리,16,1995-01-01
4827032000,경상남도,밀양시,상동면,,12,1995-01-01
4827032021,경상남도,밀양시,상동면,금산리,1,1995-01-01
4827032022,경상남도,밀양시,상동면,가곡리,2,1995-01-01
4827032023,경상남도,밀양시,상동면,안인리,3,1995-01-01
4827032024,경상남도,밀양시,상동면,옥산리,4,1995-01-01
4827032025,경상남도,밀양시,상동면,고정리,5,1995-01-01
4827032026,경상남도,밀양시,상동면,도곡리,6,1995-01-01
4827032027,경상남도,밀양시,상동면,매화리,7,1995-01-01
4827032028,경상남도,밀양시,상동면,신곡리,8,1995-01-01
4827033000,경상남도,밀양시,산외면,,13,1995-01-01
4827033021,경상남도,밀양시,산외면,다죽리,1,1995-01-01
4827033022,경상남도,밀양시,산외면,금곡리,2,1995-01-01
4827033023,경상남도,밀양시,산외면,희곡리,3,1995-01-01
4827033024,경상남도,밀양시,산외면,금천리,4,1995-01-01
4827033025,경상남도,밀양시,산외면,남기리,5,1995-01-01
4827033026,경상남도,밀양시,산외면,엄광리,6,1995-01-01
4827034000,경상남도,밀양시,산내면,,14,1995-01-01
4827034021,경상남도,밀양시,산내면,송백리,1,1995-01-01
4827034022,경상남도,밀양시,산내면,봉의리,2,1995-01-01
4827034023,경상남도,밀양시,산내면,용전리,3,1995-01-01
4827034024,경상남도,밀양시,산내면,임고리,4,1995-01-01
4827034025,경상남도,밀양시,산내면,가인리,5,1995-01-01
4827034026,경상남도,밀양시,산내면,원서리,6,1995-01-01
4827034027,경상남도,밀양시,산내면,삼양리,7,1995-01-01
4827034028,경상남도,밀양시,산내면,남명리,8,1995-01-01
4827035000,경상남도,밀양시,단장면,,15,1995-01-01
4827035021,경상남도,밀양시,단장면,태룡리,1,1995-01-01
4827035022,경상남도,밀양시,단장면,단장리,2,1995-01-01
4827035023,경상남도,밀양시,단장면,미촌리,3,1995-01-01
4827035024,경상남도,밀양시,단장면,안법리,4,1995-01-01
4827035025,경상남도,밀양시,단장면,법흥리,5,1995-01-01
4827035026,경상남도,밀양시,단장면,감물리,6,1995-01-01
4827035027,경상남도,밀양시,단장면,국전리,7,1995-01-01
4827035028,경상남도,밀양시,단장면,무릉리,8,1995-01-01
4827035029,경상남도,밀양시,단장면,사연리,9,1995-01-01
4827035030,경상남도,밀양시,단장면,범도리,10,1995-01-01
4827035031,경상남도,밀양시,단장면,고례리,11,1995-01-01
4827035032,경상남도,밀양시,단장면,구천리,12,1995-01-01
4827036000,경상남도,밀양시,상남면,,16,1995-01-01
4827036021,경상남도,밀양시,상남면,기산리,1,1995-01-01
4827036022,경상남도,밀양시,상남면,예림리,2,1995-01-01
4827036023,경상남도,밀양시,상남면,연금리,3,1995-01-01
4827036024,경상남도,밀양시,상남면,평촌리,4,1995-01-01
4827036025,경상남도,밀양시,상남면,마산리,5,1995-01-01
4827036026,경상남도,밀양시,상남면,동산리,6,1995-01-01
4827036027,경상남도,밀양시,상남면,조음리,7,1995-01-01
4827036028,경상남도,밀양시,상남면,남산리,8,1995-01-01
4827036029,경상남도,밀양시,상남면,외산리,9,1995-01-01
4827037000,경상남도,밀양시,초동면,,17,1995-01-01
4827037021,경상남도,밀양시,초동면,오방리,1,1995-01-01
4827037022,경상남도,밀양시,초동면,범평리,2,1995-01-01
4827037023,경상남도,밀양시,초동면,명성리,3,1995-01-01
4827037024,경상남도,밀양시,초동면,대곡리,4,1995-01-01
4827037025,경상남도,밀양시,초동면,반월리,5,1995-01-01
4827037026,경상남도,밀양시,초동면,검암리,6,1995-01-01
4827037027,경상남도,밀양시,초동면,금포리,7,1995-01-01
4827037028,경상남도,밀양시,초동면,성만리,8,1995-01-01
4827037029,경상남도,밀양시,초동면,신호리,9,1995-01-01
4827037030,경상남도,밀양시,초동면,신월리,10,1995-01-01
4827037031,경상남도,밀양시,초동면,덕산리,11,1995-01-01
4827037032,경상남도,밀양시,초동면,봉황리,12,1995-01-01
4827038000,경상남도,밀양시,무안면,,18,1995-01-01
4827038021,경상남도,밀양시,무안면,무안리,1,1995-01-01
4827038022,경상남도,밀양시,무안면,신법리,2,1995-01-01
4827038023,경상남도,밀양시,무안면,삼태리,3,1995-01-01
4827038024,경상남도,밀양시,무안면,화봉리,4,1995-01-01
4827038025,경상남도,밀양시,무안면,죽월리,5,1995-01-01
4827038026,경상남도,밀양시,무안면,양효리,6,1995-01-01
4827038027,경상남도,밀양시,무안면,내진리,7,1995-01-01
4827038028,경상남도,밀양시,무안면,동산리,8,1995-01-01
4827038029,경상남도,밀양시,무안면,판곡리,9,1995-01-01
4827038030,경상남도,밀양시,무안면,운정리,10,1995-01-01
4827038031,경상남도,밀양시,무안면,마흘리,11,1995-01-01
4827038032,경상남도,밀양시,무안면,정곡리,12,1995-01-01
4827038033,경상남도,밀양시,무안면,연상리,13,1995-01-01
4827038034,경상남도,밀양시,무안면,성덕리,14,1995-01-01
4827038035,경상남도,밀양시,무안면,모로리,15,1995-01-01
4827038036,경상남도,밀양시,무안면,덕암리,16,1995-01-01
4827038037,경상남도,밀양시,무안면,중산리,17,1995-01-01
4827038038,경상남도,밀양시,무안면,웅동리,18,1995-01-01
4827038039,경상남도,밀양시,무안면,가례리,19,1995-01-01
4827038040,경상남도,밀양시,무안면,고라리,20,1995-01-01
4827039000,경상남도,밀양시,청도면,,19,1995-01-01
4827039021,경상남도,밀양시,청도면,구기리,1,1995-01-01
4827039022,경상남도,밀양시,청도면,소태리,2,1995-01-01
4827039023,경상남도,밀양시,청도면,두곡리,3,1995-01-01
4827039024,경상남도,밀양시,청도면,조천리,4,1995-01-01
4827039025,경상남도,밀양시,청도면,인산리,5,1995-01-01
4827039026,경상남도,밀양시,청도면,고법리,6,1995-01-01
4827039027,경상남도,밀양시,청도면,요고리,7,1995-01-01
4831000000,경상남도,거제시,,,11,1995-01-01
4831010100,경상남도,거제시,능포동,,1,1995-01-01
4831010200,경상남도,거제시,장승포동,,2,1995-01-01
4831010300,경상남도,거제시,두모동,,3,1995-01-01
4831010400,경상남도,거제시,아양동,,4,1995-01-01
4831010500,경상남도,거제시,아주동,,5,1995-01-01
4831010600,경상남도,거제시,옥포동,,6,1995-01-01
4831010700,경상남도,거제시,덕포동,,7,1995-01-01
4831010800,경상남도,거제시,장평동,,0,2008-07-01
4831010900,경상남도,거제시,고현동,,0,2008-07-01
4831011000,경상남도,거제시,상동동,,0,2008-07-01
4831011100,경상남도,거제시,문동동,,0,2008-07-01
4831011200,경상남도,거제시,삼거동,,0,2008-07-01
4831011300,경상남도,거제시,양정동,,0,2008-07-01
4831011400,경상남도,거제시,수월동,,0,2008-07-01
4831031000,경상남도,거제시,일운면,,9,1995-01-01
4831031021,경상남도,거제시,일운면,망치리,1,1995-01-01
4831031022,경상남도,거제시,일운면,구조라리,2,1995-01-01
4831031023,경상남도,거제시,일운면,와현리,3,1995-01-01
4831031024,경상남도,거제시,일운면,지세포리,4,1995-01-01
4831031025,경상남도,거제시,일운면,소동리,5,1995-01-01
4831031026,경상남도,거제시,일운면,옥림리,6,1995-01-01
4831032000,경상남도,거제시,동부면,,10,1995-01-01
4831032021,경상남도,거제시,동부면,산촌리,1,1995-01-01
4831032022,경상남도,거제시,동부면,산양리,2,1995-01-01
4831032023,경상남도,거제시,동부면,구천리,3,1995-01-01
4831032024,경상남도,거제시,동부면,부춘리,4,1995-01-01
4831032025,경상남도,거제시,동부면,오송리,5,1995-01-01
4831032026,경상남도,거제시,동부면,가배리,6,1995-01-01
4831032027,경상남도,거제시,동부면,율포리,7,1995-01-01
4831032028,경상남도,거제시,동부면,학동리,8,1995-01-01
4831033000,경상남도,거제시,남부면,,11,1995-01-01
4831033021,경상남도,거제시,남부면,탑포리,1,1995-01-01
4831033022,경상남도,거제시,남부면,저구리,2,1995-01-01
4831033023,경상남도,거제시,남부면,다포리,3,1995-01-01
4831033024,경상남도,거제시,남부면,다대리,4,1995-01-01
4831033025,경상남도,거제시,남부면,갈곶리,5,1995-01-01
4831034000,경상남도,거제시,거제면,,12,1995-01-01
4831034021,경상남도,거제시,거제면,법동리,1,1995-01-01
4831034023,경상남도,거제시,거제면,내간리,3,1995-01-01
4831034024,경상남도,거제시,거제면,외간리,4,1995-01-01
4831034025,경상남도,거제시,거제면,옥산리,5,1995-01-01
4831034026,경상남도,거제시,거제면,서정리,6,1995-01-01
4831034027,경상남도,거제시,거제면,서상리,7,1995-01-01
4831034028,경상남도,거제시,거제면,남동리,8,1995-01-01
4831034029,경상남도,거제시,거제면,동상리,9,1995-01-01
4831034030,경상남도,거제시,거제면,오수리,10,1995-01-01
4831034031,경상남도,거제시,거제면,명진리,11,1995-01-01
4831034032,경상남도,거제시,거제면,소랑리,12,1995-01-01
4831035000,경상남도,거제시,둔덕면,,13,1995-01-01
4831035021,경상남도,거제시,둔덕면,상둔리,1,1995-01-01
4831035022,경상남도,거제시,둔덕면,시목리,2,1995-01-01
4831035023,경상남도,거제시,둔덕면,거림리,3,1995-01-01
4831035024,경상남도,거제시,둔덕면,산방리,4,1995-01-01
4831035025,경상남도,거제시,둔덕면,방하리,5,1995-01-01
4831035026,경상남도,거제시,둔덕면,하둔리,6,1995-01-01
4831035027,경상남도,거제시,둔덕면,어구리,7,1995-01-01
4831035028,경상남도,거제시,둔덕면,술역리,8,1995-01-01
4831035029,경상남도,거제시,둔덕면,학산리,9,1995-01-01
4831036000,경상남도,거제시,사등면,,14,1995-01-01
4831036021,경상남도,거제시,사등면,사곡리,1,1995-01-01
4831036022,경상남도,거제시,사등면,사등리,2,1995-01-01
4831036023,경상남도,거제시,사등면,성포리,3,1995-01-01
4831036024,경상남도,거제시,사등면,지석리,4,1995-01-01
4831036025,경상남도,거제시,사등면,청곡리,5,1995-01-01
4831036026,경상남도,거제시,사등면,오량리,6,1995-01-01
4831036027,경상남도,거제시,사등면,덕호리,7,1995-01-01
4831036028,경상남도,거제시,사등면,창호리,8,1995-01-01
4831037000,경상남도,거제시,연초면,,15,1995-01-01
4831037021,경상남도,거제시,연초면,한내리,1,1995-01-01
4831037022,경상남도,거제시,연초면,오비리,2,1995-01-01
4831037023,경상남도,거제시,연초면,연사리,3,1995-01-01
4831037024,경상남도,거제시,연초면,죽토리,4,1995-01-01
4831037025,경상남도,거제시,연초면,다공리,5,1995-01-01
4831037026,경상남도,거제시,연초면,덕치리,6,1995-01-01
4831037027,경상남도,거제시,연초면,명동리,7,1995-01-01
4831037028,경상남도,거제시,연초면,이목리,8,1995-01-01
4831037029,경상남도,거제시,연초면,천곡리,9,1995-01-01
4831037030,경상남도,거제시,연초면,송정리,10,1995-01-01
4831038000,경상남도,거제시,하청면,,16,1995-01-01
4831038021,경상남도,거제시,하청면,석포리,1,1995-01-01
4831038022,경상남도,거제시,하청면,덕곡리,2,1995-01-01
4831038023,경상남도,거제시,하청면,유계리,3,1995-01-01
4831038024,경상남도,거제시,하청면,하청리,4,1995-01-01
4831038025,경상남도,거제시,하청면,실전리,5,1995-01-01
4831038026,경상남도,거제시,하청면,어온리,6,1995-01-01
4831038027,경상남도,거제시,하청면,대곡리,7,1995-01-01
4831038028,경상남도,거제시,하청면,연구리,8,1995-01-01
4831039000,경상남도,거제시,장목면,,17,1995-01-01
4831039021,경상남도,거제시,장목면,구영리,1,1995-01-01
4831039022,경상남도,거제시,장목면,유호리,2,1995-01-01
4831039023,경상남도,거제시,장목면,농소리,3,1995-01-01
4831039024,경상남도,거제시,장목면,송진포리,4,1995-01-01
4831039025,경상남도,거제시,장목면,관포리,5,1995-01-01
4831039026,경상남도,거제시,장목면,장목리,6,1995-01-01
4831039027,경상남도,거제시,장목면,율천리,7,1995-01-01
4831039028,경상남도,거제시,장목면,대금리,8,1995-01-01
4831039029,경상남도,거제시,장목면,외포리,9,1995-01-01
4831039030,경상남도,거제시,장목면,시방리,10,1995-01-01
4833000000,경상남도,양산시,,,12,1996-03-01
4833010100,경상남도,양산시,다방동,,1,1996-03-01
4833010200,경상남도,양산시,남부동,,2,1996-03-01
4833010300,경상남도,양산시,중부동,,3,1996-03-01
4833010400,경상남도,양산시,북부동,,4,1996-03-01
4833010500,경상남도,양산시,명곡동,,5,1996-03-01
4833010600,경상남도,양산시,신기동,,6,1996-03-01
4833010700,경상남도,양산시,북정동,,7,1996-03-01
4833010800,경상남도,양산시,산막동,,8,1996-03-01
4833010900,경상남도,양산시,호계동,,9,1996-03-01
4833011000,경상남도,양산시,교동,,10,1996-03-01
4833011100,경상남도,양산시,유산동,,11,1996-03-01
4833011200,경상남도,양산시,어곡동,,12,1996-03-01
4833011300,경상남도,양산시,용당동,,0,2007-04-01
4833011400,경상남도,양산시,삼호동,,0,2007-04-01
4833011500,경상남도,양산시,명동,,0,2007-04-01
4833011600,경상남도,양산시,주남동,,0,2007-04-01
4833011700,경상남도,양산시,소주동,,0,2007-04-01
4833011800,경상남도,양산시,주진동,,0,2007-04-01
4833011900,경상남도,양산시,평산동,,0,2007-04-01
4833012000,경상남도,양산시,덕계동,,0,2007-04-01
4833012100,경상남도,양산시,매곡동,,0,2007-04-01
4833025300,경상남도,양산시,물금읍,,14,1996-03-01
4833025321,경상남도,양산시,물금읍,물금리,1,1996-03-01
4833025322,경상남도,양산시,물금읍,증산리,2,1996-03-01
4833025323,경상남도,양산시,물금읍,가촌리,3,1996-03-01
4833025324,경상남도,양산시,물금읍,범어리,4,1996-03-01
4833031000,경상남도,양산시,동면,,15,1996-03-01
4833031021,경상남도,양산시,동면,개곡리,1,1996-03-01
4833031022,경상남도,양산시,동면,법기리,2,1996-03-01
4833031023,경상남도,양산시,동면,여락리,3,1996-03-01
4833031024,경상남도,양산시,동면,사송리,4,1996-03-01
4833031025,경상남도,양산시,동면,내송리,5,1996-03-01
4833031026,경상남도,양산시,동면,석산리,6,1996-03-01
4833031027,경상남도,양산시,동면,금산리,7,1996-03-01
4833031028,경상남도,양산시,동면,가산리,8,1996-03-01
4833032000,경상남도,양산시,원동면,,16,1996-03-01
4833032021,경상남도,양산시,원동면,원리,1,1996-03-01
4833032022,경상남도,양산시,원동면,용당리,2,1996-03-01
4833032023,경상남도,양산시,원동면,내포리,3,1996-03-01
4833032024,경상남도,양산시,원동면,영포리,4,1996-03-01
4833032025,경상남도,양산시,원동면,대리,5,1996-03-01
4833032026,경상남도,양산시,원동면,선리,6,1996-03-01
4833032027,경상남도,양산시,원동면,서룡리,7,1996-03-01
4833032028,경상남도,양산시,원동면,화제리,8,1996-03-01
4833033000,경상남도,양산시,상북면,,17,1996-03-01
4833033021,경상남도,양산시,상북면,석계리,1,1996-03-01
4833033022,경상남도,양산시,상북면,대석리,2,1996-03-01
4833033023,경상남도,양산시,상북면,소토리,3,1996-03-01
4833033024,경상남도,양산시,상북면,소석리,4,1996-03-01
4833033025,경상남도,양산시,상북면,상삼리,5,1996-03-01
4833033026,경상남도,양산시,상북면,좌삼리,6,1996-03-01
4833033027,경상남도,양산시,상북면,내석리,7,1996-03-01
4833033028,경상남도,양산시,상북면,외석리,8,1996-03-01
4833033029,경상남도,양산시,상북면,신전리,9,1996-03-01
4833034000,경상남도,양산시,하북면,,18,1996-03-01
4833034021,경상남도,양산시,하북면,순지리,1,1996-03-01
4833034022,경상남도,양산시,하북면,지산리,2,1996-03-01
4833034023,경상남도,양산시,하북면,초산리,3,1996-03-01
4833034024,경상남도,양산시,하북면,답곡리,4,1996-03-01
4833034025,경상남도,양산시,하북면,삼수리,5,1996-03-01
4833034026,경상남도,양산시,하북면,백록리,6,1996-03-01
4833034027,경상남도,양산시,하북면,삼감리,7,1996-03-01
4833034028,경상남도,양산시,하북면,용연리,8,1996-03-01
4872000000,경상남도,의령군,,,13,1988-04-23
4872025000,경상남도,의령군,의령읍,,1,1988-04-23
4872025021,경상남도,의령군,의령읍,서동리,1,1988-10-01
4872025022,경상남도,의령군,의령읍,중동리,2,1988-10-01
4872025023,경상남도,의령군,의령읍,동동리,3,1988-10-01
4872025024,경상남도,의령군,의령읍,무전리,4,1988-04-23
4872025025,경상남도,의령군,의령읍,정암리,5,1988-04-23
4872025026,경상남도,의령군,의령읍,만천리,6,1988-04-23
4872025027,경상남도,의령군,의령읍,대산리,7,1988-04-23
4872025028,경상남도,의령군,의령읍,상리,8,1988-04-23
4872025029,경상남도,의령군,의령읍,중리,9,1988-04-23
4872025030,경상남도,의령군,의령읍,하리,10,1988-04-23
4872031000,경상남도,의령군,가례면,,2,1988-04-23
4872031021,경상남도,의령군,가례면,갑을리,1,1988-04-23
4872031022,경상남도,의령군,가례면,양성리,2,1988-04-23
4872031023,경상남도,의령군,가례면,개승리,3,1988-04-23
4872031024,경상남도,의령군,가례면,괴진리,4,1988-04-23
4872031025,경상남도,의령군,가례면,수성리,5,1988-04-23
4872031026,경상남도,의령군,가례면,가례리,6,1988-04-23
4872031027,경상남도,의령군,가례면,운암리,7,1988-04-23
4872031028,경상남도,의령군,가례면,대천리,8,1988-04-23
4872031029,경상남도,의령군,가례면,봉두리,9,1988-04-23
4872032000,경상남도,의령군,칠곡면,,3,1988-04-23
4872032021,경상남도,의령군,칠곡면,외조리,1,1988-04-23
4872032022,경상남도,의령군,칠곡면,내조리,2,1988-04-23
4872032023,경상남도,의령군,칠곡면,신포리,3,1988-04-23
4872032024,경상남도,의령군,칠곡면,도산리,4,1988-04-23
4872032025,경상남도,의령군,칠곡면,산남리,5,1988-04-23
4872032026,경상남도,의령군,칠곡면,산북리,6,1988-04-23
4872033000,경상남도,의령군,대의면,,4,1988-04-23
4872033021,경상남도,의령군,대의면,신전리,1,1988-04-23
4872033022,경상남도,의령군,대의면,행정리,2,1988-04-23
4872033023,경상남도,의령군,대의면,중촌리,3,1988-04-23
4872033024,경상남도,의령군,대의면,하촌리,4,1988-04-23
4872033025,경상남도,의령군,대의면,다사리,5,1988-04-23
4872033026,경상남도,의령군,대의면,마쌍리,6,1988-04-23
4872033027,경상남도,의령군,대의면,추산리,7,1988-04-23
4872033028,경상남도,의령군,대의면,심지리,8,1988-04-23
4872033029,경상남도,의령군,대의면,천곡리,9,1988-04-23
4872034000,경상남도,의령군,화정면,,5,1988-04-23
4872034021,경상남도,의령군,화정면,가수리,1,1988-04-23
4872034022,경상남도,의령군,화정면,덕교리,2,1988-04-23
4872034023,경상남도,의령군,화정면,석천리,3,1988-04-23
4872034024,경상남도,의령군,화정면,상정리,4,1988-04-23
4872034025,경상남도,의령군,화정면,상일리,5,1988-04-23
4872034026,경상남도,의령군,화정면,상이리,6,1988-04-23
4872034027,경상남도,의령군,화정면,화양리,7,1988-04-23
4872035000,경상남도,의령군,용덕면,,6,1988-04-23
4872035021,경상남도,의령군,용덕면,이목리,1,1988-04-23
4872035022,경상남도,의령군,용덕면,가미리,2,1988-04-23
4872035023,경상남도,의령군,용덕면,와요리,3,1988-04-23
4872035024,경상남도,의령군,용덕면,가락리,4,1988-04-23
4872035025,경상남도,의령군,용덕면,죽전리,5,1988-04-23
4872035026,경상남도,의령군,용덕면,신촌리,6,1988-04-23
4872035027,경상남도,의령군,용덕면,교암리,7,1988-04-23
4872035028,경상남도,의령군,용덕면,소상리,8,1988-04-23
4872035029,경상남도,의령군,용덕면,정동리,9,1988-04-23
4872035030,경상남도,의령군,용덕면,운곡리,10,1988-04-23
4872035031,경상남도,의령군,용덕면,연리,11,1988-04-23
4872035032,경상남도,의령군,용덕면,용소리,12,1988-04-23
4872036000,경상남도,의령군,정곡면,,7,1988-04-23
4872036021,경상남도,의령군,정곡면,중교리,1,1988-04-23
4872036022,경상남도,의령군,정곡면,죽전리,2,1988-04-23
4872036023,경상남도,의령군,정곡면,석곡리,3,1988-04-23
4872036024,경상남도,의령군,정곡면,오방리,4,1988-04-23
4872036025,경상남도,의령군,정곡면,상촌리,5,1988-04-23
4872036026,경상남도,의령군,정곡면,성황리,6,1988-04-23
4872036027,경상남도,의령군,정곡면,예둔리,7,1988-04-23
4872036028,경상남도,의령군,정곡면,가현리,8,1988-04-23
4872036029,경상남도,의령군,정곡면,백곡리,9,1988-04-23
4872036030,경상남도,의령군,정곡면,적곡리,10,1988-04-23
4872037000,경상남도,의령군,지정면,,8,1988-04-23
4872037021,경상남도,의령군,지정면,봉곡리,1,1988-04-23
4872037022,경상남도,의령군,지정면,오천리,2,1988-04-23
4872037023,경상남도,의령군,지정면,두곡리,3,1988-04-23
4872037024,경상남도,의령군,지정면,성산리,4,1988-04-23
4872037025,경상남도,의령군,지정면,유곡리,5,1988-04-23
4872037026,경상남도,의령군,지정면,태부리,6,1988-04-23
4872037027,경상남도,의령군,지정면,득소리,7,1988-04-23
4872037028,경상남도,의령군,지정면,백야리,8,1988-04-23
4872037029,경상남도,의령군,지정면,성당리,9,1988-04-23
4872037030,경상남도,의령군,지정면,마산리,10,1988-04-23
4872038000,경상남도,의령군,낙서면,,9,1988-04-23
4872038021,경상남도,의령군,낙서면,전화리,1,1988-04-23
4872038022,경상남도,의령군,낙서면,율산리,2,1988-04-23
4872038023,경상남도,의령군,낙서면,정곡리,3,1988-04-23
4872038024,경상남도,의령군,낙서면,여의리,4,1988-04-23
4872038025,경상남도,의령군,낙서면,내제리,5,1988-04-23
4872038026,경상남도,의령군,낙서면,아근리,6,1988-04-23
4872039000,경상남도,의령군,부림면,,10,1988-04-23
4872039021,경상남도,의령군,부림면,신반리,1,1988-04-23
4872039022,경상남도,의령군,부림면,막곡리,2,1988-04-23
4872039023,경상남도,의령군,부림면,입산리,3,1988-04-23
4872039024,경상남도,의령군,부림면,경산리,4,1988-04-23
4872039025,경상남도,의령군,부림면,손오리,5,1988-04-23
4872039026,경상남도,의령군,부림면,단원리,6,1988-04-23
4872039027,경상남도,의령군,부림면,대곡리,7,1988-04-23
4872039028,경상남도,의령군,부림면,여배리,8,1988-04-23
4872039029,경상남도,의령군,부림면,익구리,9,1988-04-23
4872039030,경상남도,의령군,부림면,감암리,10,1988-04-23
4872039031,경상남도,의령군,부림면,권혜리,11,1988-04-23
4872039032,경상남도,의령군,부림면,묵방리,12,1988-04-23
4872040000,경상남도,의령군,봉수면,,11,1988-04-23
4872040021,경상남도,의령군,봉수면,청계리,1,1988-04-23
4872040022,경상남도,의령군,봉수면,서암리,2,1988-04-23
4872040023,경상남도,의령군,봉수면,신현리,3,1988-04-23
4872040024,경상남도,의령군,봉수면,죽전리,4,1988-04-23
4872040025,경상남도,의령군,봉수면,삼가리,5,1988-04-23
4872040026,경상남도,의령군,봉수면,서득리,6,1988-04-23
4872040027,경상남도,의령군,봉수면,천락리,7,1988-04-23
4872041500,경상남도,의령군,궁류면,,0,2003-07-16
4872041521,경상남도,의령군,궁류면,평촌리,0,2003-07-16
4872041522,경상남도,의령군,궁류면,벽계리,0,2003-07-16
4872041523,경상남도,의령군,궁류면,운계리,0,2003-07-16
4872041524,경상남도,의령군,궁류면,압곡리,0,2003-07-16
4872041525,경상남도,의령군,궁류면,토곡리,0,2003-07-16
4872041526,경상남도,의령군,궁류면,계현리,0,2003-07-16
4872041527,경상남도,의령군,궁류면,다현리,0,2003-07-16
4872042000,경상남도,의령군,유곡면,,13,1988-04-23
4872042021,경상남도,의령군,유곡면,상촌리,1,1988-04-23
4872042022,경상남도,의령군,유곡면,상곡리,2,1988-04-23
4872042023,경상남도,의령군,유곡면,오목리,3,1988-04-23
4872042024,경상남도,의령군,유곡면,신촌리,4,1988-04-23
4872042025,경상남도,의령군,유곡면,송산리,5,1988-04-23
4872042026,경상남도,의령군,유곡면,마두리,6,1988-04-23
4872042027,경상남도,의령군,유곡면,칠곡리,7,1988-04-23
4872042028,경상남도,의령군,유곡면,마장리,8,1988-04-23
4872042029,경상남도,의령군,유곡면,당동리,9,1988-04-23
4872042030,경상남도,의령군,유곡면,덕천리,10,1988-04-23
4872042031,경상남도,의령군,유곡면,세간리,11,1988-04-23
4873000000,경상남도,함안군,,,14,1988-04-23
4873025000,경상남도,함안군,가야읍,,1,1988-04-23
4873025021,경상남도,함안군,가야읍,말산리,1,1988-04-23
4873025022,경상남도,함안군,가야읍,검암리,2,1988-04-23
4873025023,경상남도,함안군,가야읍,광정리,3,1988-04-23
4873025024,경상남도,함안군,가야읍,도항리,4,1988-04-23
4873025025,경상남도,함안군,가야읍,신음리,5,1988-04-23
4873025026,경상남도,함안군,가야읍,혈곡리,6,1988-04-23
4873025027,경상남도,함안군,가야읍,춘곡리,7,1988-04-23
4873025028,경상남도,함안군,가야읍,사내리,8,1988-04-23
4873025029,경상남도,함안군,가야읍,가야리,9,1988-04-23
4873025030,경상남도,함안군,가야읍,묘사리,10,1988-04-23
4873025031,경상남도,함안군,가야읍,산서리,11,1988-04-23
4873025300,경상남도,함안군,칠원읍,,,2015-01-01
4873025321,경상남도,함안군,칠원읍,구성리,1,2015-01-01
4873025322,경상남도,함안군,칠원읍,용산리,2,2015-01-01
4873025323,경상남도,함안군,칠원읍,유원리,3,2015-01-01
4873025324,경상남도,함안군,칠원읍,장암리,4,2015-01-01
4873025325,경상남도,함안군,칠원읍,오곡리,5,2015-01-01
4873025326,경상남도,함안군,칠원읍,예곡리,6,2015-01-01
4873025327,경상남도,함안군,칠원읍,용정리,7,2015-01-01
4873025328,경상남도,함안군,칠원읍,무기리,8,2015-01-01
4873025329,경상남도,함안군,칠원읍,운서리,9,2015-01-01
4873025330,경상남도,함안군,칠원읍,운곡리,10,2015-01-01
4873031000,경상남도,함안군,함안면,,2,1988-04-23
4873031021,경상남도,함안군,함안면,봉성리,1,1988-10-01
4873031022,경상남도,함안군,함안면,북촌리,2,1988-10-01
4873031023,경상남도,함안군,함안면,괴산리,3,1988-04-23
4873031024,경상남도,함안군,함안면,대산리,4,1988-04-23
4873031025,경상남도,함안군,함안면,강명리,5,1988-04-23
4873031026,경상남도,함안군,함안면,파수리,6,1988-04-23
4873032000,경상남도,함안군,군북면,,3,1988-04-23
4873032021,경상남도,함안군,군북면,덕대리,1,1988-04-23
4873032022,경상남도,함안군,군북면,중암리,2,1988-04-23
4873032023,경상남도,함안군,군북면,소포리,3,1988-04-23
4873032024,경상남도,함안군,군북면,동촌리,4,1988-04-23
4873032025,경상남도,함안군,군북면,사촌리,5,1988-04-23
4873032026,경상남도,함안군,군북면,오곡리,6,1988-04-23
4873032027,경상남도,함안군,군북면,명관리,7,1988-04-23
4873032028,경상남도,함안군,군북면,모로리,8,1988-04-23
4873032029,경상남도,함안군,군북면,사도리,9,1988-04-23
4873032030,경상남도,함안군,군북면,장지리,10,1988-04-23
4873032031,경상남도,함안군,군북면,유현리,11,1988-04-23
4873032032,경상남도,함안군,군북면,월촌리,12,1988-04-23
4873032033,경상남도,함안군,군북면,박곡리,13,1988-04-23
4873032034,경상남도,함안군,군북면,수곡리,14,1988-04-23
4873032035,경상남도,함안군,군북면,영운리,15,1988-04-23
4873032036,경상남도,함안군,군북면,하림리,16,1988-04-23
4873032037,경상남도,함안군,군북면,원북리,17,1988-04-23
4873033000,경상남도,함안군,법수면,,4,1988-04-23
4873033021,경상남도,함안군,법수면,강주리,1,1988-04-23
4873033022,경상남도,함안군,법수면,우거리,2,1988-04-23
4873033023,경상남도,함안군,법수면,윤내리,3,1988-04-23
4873033024,경상남도,함안군,법수면,윤외리,4,1988-04-23
4873033025,경상남도,함안군,법수면,주물리,5,1988-04-23
4873033026,경상남도,함안군,법수면,대송리,6,1988-04-23
4873033027,경상남도,함안군,법수면,백산리,7,1988-04-23
4873033028,경상남도,함안군,법수면,사정리,8,1988-04-23
4873033029,경상남도,함안군,법수면,황사리,9,1988-04-23
4873034000,경상남도,함안군,대산면,,5,1988-04-23
4873034021,경상남도,함안군,대산면,부목리,1,1988-04-23
4873034022,경상남도,함안군,대산면,대사리,2,1988-04-23
4873034023,경상남도,함안군,대산면,평림리,3,1988-04-23
4873034024,경상남도,함안군,대산면,옥렬리,4,1988-04-23
4873034025,경상남도,함안군,대산면,하기리,5,1988-04-23
4873034026,경상남도,함안군,대산면,서촌리,6,1988-04-23
4873034027,경상남도,함안군,대산면,구혜리,7,1988-04-23
4873034028,경상남도,함안군,대산면,장암리,8,1988-04-23
4873035000,경상남도,함안군,칠서면,,6,1988-04-23
4873035021,경상남도,함안군,칠서면,회산리,1,1988-04-23
4873035022,경상남도,함안군,칠서면,무릉리,2,1988-04-23
4873035023,경상남도,함안군,칠서면,구포리,3,1988-04-23
4873035025,경상남도,함안군,칠서면,태곡리,5,1988-04-23
4873035026,경상남도,함안군,칠서면,대치리,6,1988-04-23
4873035027,경상남도,함안군,칠서면,계내리,7,1988-04-23
4873035028,경상남도,함안군,칠서면,용성리,8,1988-04-23
4873035029,경상남도,함안군,칠서면,이룡리,9,1988-04-23
4873035030,경상남도,함안군,칠서면,청계리,0,2007-04-26
4873036000,경상남도,함안군,칠북면,,7,1988-04-23
4873036021,경상남도,함안군,칠북면,화천리,1,1988-04-23
4873036022,경상남도,함안군,칠북면,덕남리,2,1988-04-23
4873036023,경상남도,함안군,칠북면,이령리,3,1988-04-23
4873036024,경상남도,함안군,칠북면,봉촌리,4,1988-04-23
4873036025,경상남도,함안군,칠북면,검단리,5,1988-04-23
4873036026,경상남도,함안군,칠북면,가연리,6,1988-04-23
4873036027,경상남도,함안군,칠북면,영동리,7,1988-04-23
4873038000,경상남도,함안군,산인면,,9,1988-04-23
4873038021,경상남도,함안군,산인면,입곡리,1,1988-04-23
4873038022,경상남도,함안군,산인면,신산리,2,1988-04-23
4873038023,경상남도,함안군,산인면,모곡리,3,1988-04-23
4873038024,경상남도,함안군,산인면,송정리,4,1988-04-23
4873038025,경상남도,함안군,산인면,내인리,5,1988-04-23
4873038026,경상남도,함안군,산인면,부봉리,6,1988-04-23
4873038027,경상남도,함안군,산인면,운곡리,7,1988-04-23
4873039000,경상남도,함안군,여항면,,10,1988-04-23
4873039021,경상남도,함안군,여항면,외암리,1,1988-04-23
4873039022,경상남도,함안군,여항면,내곡리,2,1988-04-23
4873039023,경상남도,함안군,여항면,주서리,3,1988-04-23
4873039024,경상남도,함안군,여항면,주동리,4,1988-04-23
4874000000,경상남도,창녕군,,,15,1988-04-23
4874025000,경상남도,창녕군,창녕읍,,1,1988-04-23
4874025021,경상남도,창녕군,창녕읍,송현리,1,1988-10-01
4874025022,경상남도,창녕군,창녕읍,교리,2,1988-10-01
4874025023,경상남도,창녕군,창녕읍,말흘리,3,1988-04-23
4874025024,경상남도,창녕군,창녕읍,교상리,4,1988-10-01
4874025025,경상남도,창녕군,창녕읍,술정리,5,1988-04-23
4874025026,경상남도,창녕군,창녕읍,직교리,6,1988-04-23
4874025027,경상남도,창녕군,창녕읍,조산리,7,1988-04-23
4874025028,경상남도,창녕군,창녕읍,도야리,8,1988-04-23
4874025029,경상남도,창녕군,창녕읍,하리,9,1988-04-23
4874025030,경상남도,창녕군,창녕읍,퇴천리,10,1988-04-23
4874025031,경상남도,창녕군,창녕읍,탐하리,11,1988-04-23
4874025032,경상남도,창녕군,창녕읍,신촌리,12,1988-04-23
4874025033,경상남도,창녕군,창녕읍,용석리,13,1988-04-23
4874025034,경상남도,창녕군,창녕읍,외부리,14,1988-04-23
4874025035,경상남도,창녕군,창녕읍,옥천리,15,1988-04-23
4874025036,경상남도,창녕군,창녕읍,여초리,16,1988-04-23
4874025037,경상남도,창녕군,창녕읍,교하리,17,1988-04-23
4874025300,경상남도,창녕군,남지읍,,2,1988-04-23
4874025321,경상남도,창녕군,남지읍,남지리,1,1988-04-23
4874025322,경상남도,창녕군,남지읍,마산리,2,1988-04-23
4874025323,경상남도,창녕군,남지읍,학계리,3,1988-04-23
4874025324,경상남도,창녕군,남지읍,용산리,4,1988-04-23
4874025325,경상남도,창녕군,남지읍,신전리,5,1988-04-23
4874025326,경상남도,창녕군,남지읍,성사리,6,1988-04-23
4874025327,경상남도,창녕군,남지읍,아지리,7,1988-04-23
4874025328,경상남도,창녕군,남지읍,고곡리,8,1988-04-23
4874025329,경상남도,창녕군,남지읍,수개리,9,1988-04-23
4874025330,경상남도,창녕군,남지읍,시남리,10,1988-04-23
4874025331,경상남도,창녕군,남지읍,칠현리,11,1988-04-23
4874025332,경상남도,창녕군,남지읍,반포리,12,1988-04-23
4874025333,경상남도,창녕군,남지읍,대곡리,13,1988-04-23
4874025334,경상남도,창녕군,남지읍,월하리,14,1988-04-23
4874031000,경상남도,창녕군,고암면,,3,1988-04-23
4874031021,경상남도,창녕군,고암면,중대리,1,1988-04-23
4874031022,경상남도,창녕군,고암면,억만리,2,1988-04-23
4874031023,경상남도,창녕군,고암면,원촌리,3,1988-04-23
4874031024,경상남도,창녕군,고암면,대암리,4,1988-04-23
4874031025,경상남도,창녕군,고암면,간상리,5,1988-04-23
4874031026,경상남도,창녕군,고암면,우천리,6,1988-04-23
4874031027,경상남도,창녕군,고암면,계상리,7,1988-04-23
4874031028,경상남도,창녕군,고암면,감리,8,1988-04-23
4874032000,경상남도,창녕군,성산면,,4,1988-04-23
4874032021,경상남도,창녕군,성산면,냉천리,1,1988-04-23
4874032022,경상남도,창녕군,성산면,정녕리,2,1988-04-23
4874032023,경상남도,창녕군,성산면,대견리,3,1988-04-23
4874032024,경상남도,창녕군,성산면,후천리,4,1988-04-23
4874032025,경상남도,창녕군,성산면,대산리,5,1988-04-23
4874032026,경상남도,창녕군,성산면,연당리,6,1988-04-23
4874032027,경상남도,창녕군,성산면,운봉리,7,1988-04-23
4874032028,경상남도,창녕군,성산면,방리,8,1988-04-23
4874032029,경상남도,창녕군,성산면,가복리,9,1988-04-23
4874033000,경상남도,창녕군,대합면,,5,1988-04-23
4874033021,경상남도,창녕군,대합면,십이리,1,1988-04-23
4874033022,경상남도,창녕군,대합면,등지리,2,1988-04-23
4874033023,경상남도,창녕군,대합면,장기리,3,1988-04-23
4874033024,경상남도,창녕군,대합면,모전리,4,1988-04-23
4874033025,경상남도,창녕군,대합면,소야리,5,1988-04-23
4874033026,경상남도,창녕군,대합면,주매리,6,1988-04-23
4874033027,경상남도,창녕군,대합면,퇴산리,7,1988-04-23
4874033028,경상남도,창녕군,대합면,신당리,8,1988-04-23
4874033029,경상남도,창녕군,대합면,평지리,9,1988-04-23
4874033030,경상남도,창녕군,대합면,도개리,10,1988-04-23
4874033031,경상남도,창녕군,대합면,내울리,11,1988-04-23
4874033032,경상남도,창녕군,대합면,목단리,12,1988-04-23
4874033033,경상남도,창녕군,대합면,이방리,13,1988-04-23
4874033034,경상남도,창녕군,대합면,대곡리,14,1988-04-23
4874033035,경상남도,창녕군,대합면,대동리,15,1988-04-23
4874033036,경상남도,창녕군,대합면,합리,16,1988-04-23
4874034000,경상남도,창녕군,이방면,,6,1988-04-23
4874034021,경상남도,창녕군,이방면,안리,1,1988-04-23
4874034022,경상남도,창녕군,이방면,동산리,2,1988-04-23
4874034023,경상남도,창녕군,이방면,석리,3,1988-04-23
4874034024,경상남도,창녕군,이방면,현창리,4,1988-04-23
4874034025,경상남도,창녕군,이방면,성산리,5,1988-04-23
4874034026,경상남도,창녕군,이방면,상리,6,1988-04-23
4874034027,경상남도,창녕군,이방면,모곡리,7,1988-04-23
4874034028,경상남도,창녕군,이방면,옥천리,8,1988-04-23
4874034029,경상남도,창녕군,이방면,초곡리,9,1988-04-23
4874034030,경상남도,창녕군,이방면,거남리,10,1988-04-23
4874034031,경상남도,창녕군,이방면,송곡리,11,1988-04-23
4874034032,경상남도,창녕군,이방면,장천리,12,1988-04-23
4874034033,경상남도,창녕군,이방면,등림리,13,1988-04-23
4874035000,경상남도,창녕군,유어면,,7,1988-04-23
4874035021,경상남도,창녕군,유어면,부곡리,1,1988-04-23
4874035022,경상남도,창녕군,유어면,미구리,2,1988-04-23
4874035023,경상남도,창녕군,유어면,가항리,3,1988-04-23
4874035024,경상남도,창녕군,유어면,세진리,4,1988-04-23
4874035025,경상남도,창녕군,유어면,대대리,5,1988-04-23
4874035026,경상남도,창녕군,유어면,선소리,6,1988-04-23
4874035027,경상남도,창녕군,유어면,진창리,7,1988-04-23
4874035028,경상남도,창녕군,유어면,광산리,8,1988-04-23
4874035029,경상남도,창녕군,유어면,풍조리,9,1988-04-23
4874036000,경상남도,창녕군,대지면,,8,1988-04-23
4874036021,경상남도,창녕군,대지면,모산리,1,1988-04-23
4874036022,경상남도,창녕군,대지면,왕산리,2,1988-04-23
4874036023,경상남도,창녕군,대지면,석리,3,1988-04-23
4874036024,경상남도,창녕군,대지면,창산리,4,1988-04-23
4874036025,경상남도,창녕군,대지면,효정리,5,1988-04-23
4874036026,경상남도,창녕군,대지면,본초리,6,1988-04-23
4874036027,경상남도,창녕군,대지면,구미리,7,1988-04-23
4874036028,경상남도,창녕군,대지면,용소리,8,1988-04-23
4874037000,경상남도,창녕군,계성면,,9,1988-04-23
4874037021,경상남도,창녕군,계성면,명리,1,1988-04-23
4874037022,경상남도,창녕군,계성면,사리,2,1988-04-23
4874037023,경상남도,창녕군,계성면,신당리,3,1988-04-23
4874037024,경상남도,창녕군,계성면,계성리,4,1988-04-23
4874037025,경상남도,창녕군,계성면,광계리,5,1988-04-23
4874037026,경상남도,창녕군,계성면,봉산리,6,1988-04-23
4874038000,경상남도,창녕군,영산면,,10,1988-04-23
4874038021,경상남도,창녕군,영산면,서리,1,1988-04-23
4874038022,경상남도,창녕군,영산면,구계리,2,1988-04-23
4874038023,경상남도,창녕군,영산면,교리,3,1988-04-23
4874038024,경상남도,창녕군,영산면,성내리,4,1988-04-23
4874038025,경상남도,창녕군,영산면,동리,5,1988-04-23
4874038026,경상남도,창녕군,영산면,죽사리,6,1988-04-23
4874038027,경상남도,창녕군,영산면,신제리,7,1988-04-23
4874038028,경상남도,창녕군,영산면,월령리,8,1988-04-23
4874038029,경상남도,창녕군,영산면,봉암리,9,1988-04-23
4874039000,경상남도,창녕군,장마면,,11,1988-04-23
4874039021,경상남도,창녕군,장마면,강리,1,1988-04-23
4874039022,경상남도,창녕군,장마면,유리,2,1988-04-23
4874039023,경상남도,창녕군,장마면,장가리,3,1988-04-23
4874039024,경상남도,창녕군,장마면,초곡리,4,1988-04-23
4874039025,경상남도,창녕군,장마면,산지리,5,1988-04-23
4874039026,경상남도,창녕군,장마면,신구리,6,1988-04-23
4874039027,경상남도,창녕군,장마면,동정리,7,1988-04-23
4874039028,경상남도,창녕군,장마면,대봉리,8,1988-04-23
4874040000,경상남도,창녕군,도천면,,12,1988-04-23
4874040021,경상남도,창녕군,도천면,도천리,1,1988-04-23
4874040022,경상남도,창녕군,도천면,일리,2,1988-04-23
4874040023,경상남도,창녕군,도천면,덕곡리,3,1988-04-23
4874040024,경상남도,창녕군,도천면,예리,4,1988-04-23
4874040025,경상남도,창녕군,도천면,어만리,5,1988-04-23
4874040026,경상남도,창녕군,도천면,논리,6,1988-04-23
4874040027,경상남도,창녕군,도천면,우강리,7,1988-04-23
4874040028,경상남도,창녕군,도천면,송진리,8,1988-04-23
4874041000,경상남도,창녕군,길곡면,,13,1988-04-23
4874041021,경상남도,창녕군,길곡면,증산리,1,1988-04-23
4874041022,경상남도,창녕군,길곡면,오호리,2,1988-04-23
4874041023,경상남도,창녕군,길곡면,길곡리,3,1988-04-23
4874041024,경상남도,창녕군,길곡면,마천리,4,1988-04-23
4874042000,경상남도,창녕군,부곡면,,14,1988-04-23
4874042021,경상남도,창녕군,부곡면,부곡리,1,1988-04-23
4874042022,경상남도,창녕군,부곡면,거문리,2,1988-04-23
4874042023,경상남도,창녕군,부곡면,사창리,3,1988-04-23
4874042024,경상남도,창녕군,부곡면,온정리,4,1988-04-23
4874042025,경상남도,창녕군,부곡면,청암리,5,1988-04-23
4874042026,경상남도,창녕군,부곡면,노리,6,1988-04-23
4874042027,경상남도,창녕군,부곡면,학포리,7,1988-04-23
4874042028,경상남도,창녕군,부곡면,구산리,8,1988-04-23
4874042029,경상남도,창녕군,부곡면,비봉리,9,1988-04-23
4874042030,경상남도,창녕군,부곡면,수다리,10,1988-04-23
4882000000,경상남도,고성군,,,16,1988-04-23
4882025000,경상남도,고성군,고성읍,,1,1988-04-23
4882025021,경상남도,고성군,고성읍,성내리,1,1988-10-01
4882025022,경상남도,고성군,고성읍,서외리,2,1988-10-01
4882025023,경상남도,고성군,고성읍,수남리,3,1988-10-01
4882025024,경상남도,고성군,고성읍,동외리,4,1988-10-01
4882025025,경상남도,고성군,고성읍,송학리,5,1988-10-01
4882025026,경상남도,고성군,고성읍,기월리,6,1988-04-23
4882025027,경상남도,고성군,고성읍,교사리,7,1988-04-23
4882025028,경상남도,고성군,고성읍,무량리,8,1988-04-23
4882025029,경상남도,고성군,고성읍,덕선리,9,1988-04-23
4882025030,경상남도,고성군,고성읍,대평리,10,1988-04-23
4882025031,경상남도,고성군,고성읍,우산리,11,1988-04-23
4882025032,경상남도,고성군,고성읍,죽계리,12,1988-04-23
4882025033,경상남도,고성군,고성읍,율대리,13,1988-04-23
4882025034,경상남도,고성군,고성읍,월평리,14,1988-04-23
4882025035,경상남도,고성군,고성읍,신월리,15,1988-04-23
4882025036,경상남도,고성군,고성읍,이당리,16,1988-04-23
4882025037,경상남도,고성군,고성읍,대독리,17,1988-04-23
4882031000,경상남도,고성군,삼산면,,2,1988-04-23
4882031021,경상남도,고성군,삼산면,병산리,1,1988-04-23
4882031022,경상남도,고성군,삼산면,두포리,2,1988-04-23
4882031023,경상남도,고성군,삼산면,미룡리,3,1988-04-23
4882031024,경상남도,고성군,삼산면,삼봉리,4,1988-04-23
4882031025,경상남도,고성군,삼산면,장치리,5,1988-04-23
4882031026,경상남도,고성군,삼산면,판곡리,6,1988-04-23
4882032000,경상남도,고성군,하일면,,3,1988-04-23
4882032021,경상남도,고성군,하일면,학림리,1,1988-04-23
4882032022,경상남도,고성군,하일면,수양리,2,1988-04-23
4882032023,경상남도,고성군,하일면,용태리,3,1988-04-23
4882032024,경상남도,고성군,하일면,송천리,4,1988-04-23
4882032025,경상남도,고성군,하일면,오방리,5,1988-04-23
4882032026,경상남도,고성군,하일면,춘암리,6,1988-04-23
4882032027,경상남도,고성군,하일면,동화리,7,1988-04-23
4882033000,경상남도,고성군,하이면,,4,1988-04-23
4882033021,경상남도,고성군,하이면,덕호리,1,1988-04-23
4882033022,경상남도,고성군,하이면,덕명리,2,1988-04-23
4882033023,경상남도,고성군,하이면,월흥리,3,1988-04-23
4882033024,경상남도,고성군,하이면,사곡리,4,1988-04-23
4882033025,경상남도,고성군,하이면,석지리,5,1988-04-23
4882033026,경상남도,고성군,하이면,와룡리,6,1988-04-23
4882033027,경상남도,고성군,하이면,봉현리,7,1988-04-23
4882033028,경상남도,고성군,하이면,봉원리,8,1988-04-23
4882034000,경상남도,고성군,상리면,,5,1988-04-23
4882034021,경상남도,고성군,상리면,척번정리,1,1988-04-23
4882034022,경상남도,고성군,상리면,고봉리,2,1988-04-23
4882034023,경상남도,고성군,상리면,신촌리,3,1988-04-23
4882034024,경상남도,고성군,상리면,오산리,4,1988-04-23
4882034025,경상남도,고성군,상리면,동산리,5,1988-04-23
4882034026,경상남도,고성군,상리면,망림리,6,1988-04-23
4882034027,경상남도,고성군,상리면,무선리,7,1988-04-23
4882034028,경상남도,고성군,상리면,자은리,8,1988-04-23
4882034029,경상남도,고성군,상리면,부포리,9,1988-04-23
4882035000,경상남도,고성군,대가면,,6,1988-04-23
4882035021,경상남도,고성군,대가면,척정리,1,1988-04-23
4882035022,경상남도,고성군,대가면,금산리,2,1988-04-23
4882035023,경상남도,고성군,대가면,암전리,3,1988-04-23
4882035024,경상남도,고성군,대가면,유흥리,4,1988-04-23
4882035025,경상남도,고성군,대가면,양화리,5,1988-04-23
4882035026,경상남도,고성군,대가면,연지리,6,1988-04-23
4882035027,경상남도,고성군,대가면,송계리,7,1988-04-23
4882035028,경상남도,고성군,대가면,갈천리,8,1988-04-23
4882035029,경상남도,고성군,대가면,신전리,9,1988-04-23
4882036000,경상남도,고성군,영현면,,7,1988-04-23
4882036021,경상남도,고성군,영현면,침점리,1,1988-04-23
4882036022,경상남도,고성군,영현면,추계리,2,1988-04-23
4882036023,경상남도,고성군,영현면,봉발리,3,1988-04-23
4882036024,경상남도,고성군,영현면,대법리,4,1988-04-23
4882036025,경상남도,고성군,영현면,영부리,5,1988-04-23
4882036026,경상남도,고성군,영현면,봉림리,6,1988-04-23
4882036027,경상남도,고성군,영현면,신분리,7,1988-04-23
4882036028,경상남도,고성군,영현면,연화리,8,1988-04-23
4882037000,경상남도,고성군,영오면,,8,1988-04-23
4882037021,경상남도,고성군,영오면,영대리,1,1988-04-23
4882037022,경상남도,고성군,영오면,오서리,2,1988-04-23
4882037023,경상남도,고성군,영오면,오동리,3,1988-04-23
4882037024,경상남도,고성군,영오면,영산리,4,1988-04-23
4882037025,경상남도,고성군,영오면,성곡리,5,1988-04-23
4882037026,경상남도,고성군,영오면,연당리,6,1988-04-23
4882037027,경상남도,고성군,영오면,양산리,7,1988-04-23
4882038000,경상남도,고성군,개천면,,9,1988-04-23
4882038021,경상남도,고성군,개천면,청광리,1,1988-04-23
4882038022,경상남도,고성군,개천면,나선리,2,1988-04-23
4882038023,경상남도,고성군,개천면,가천리,3,1988-04-23
4882038024,경상남도,고성군,개천면,봉치리,4,1988-04-23
4882038025,경상남도,고성군,개천면,용안리,5,1988-04-23
4882038026,경상남도,고성군,개천면,북평리,6,1988-04-23
4882038027,경상남도,고성군,개천면,명성리,7,1988-04-23
4882038028,경상남도,고성군,개천면,예성리,8,1988-04-23
4882038029,경상남도,고성군,개천면,좌연리,9,1988-04-23
4882039000,경상남도,고성군,구만면,,10,1988-04-23
4882039021,경상남도,고성군,구만면,효락리,1,1988-04-23
4882039022,경상남도,고성군,구만면,주평리,2,1988-04-23
4882039023,경상남도,고성군,구만면,화림리,3,1988-04-23
4882039024,경상남도,고성군,구만면,저연리,4,1988-04-23
4882039025,경상남도,고성군,구만면,용와리,5,1988-04-23
4882039026,경상남도,고성군,구만면,광덕리,6,1988-04-23
4882040000,경상남도,고성군,회화면,,11,1988-04-23
4882040021,경상남도,고성군,회화면,배둔리,1,1988-04-23
4882040022,경상남도,고성군,회화면,당항리,2,1988-04-23
4882040023,경상남도,고성군,회화면,봉동리,3,1988-04-23
4882040024,경상남도,고성군,회화면,어신리,4,1988-04-23
4882040025,경상남도,고성군,회화면,삼덕리,5,1988-04-23
4882040026,경상남도,고성군,회화면,녹명리,6,1988-04-23
4882041000,경상남도,고성군,마암면,,12,1988-04-23
4882041021,경상남도,고성군,마암면,두호리,1,1988-04-23
4882041022,경상남도,고성군,마암면,삼락리,2,1988-04-23
4882041023,경상남도,고성군,마암면,보전리,3,1988-04-23
4882041024,경상남도,고성군,마암면,화산리,4,1988-04-23
4882041025,경상남도,고성군,마암면,도전리,5,1988-04-23
4882041026,경상남도,고성군,마암면,장산리,6,1988-04-23
4882041027,경상남도,고성군,마암면,성전리,7,1988-04-23
4882041028,경상남도,고성군,마암면,신리,8,1988-04-23
4882041029,경상남도,고성군,마암면,석마리,9,1988-04-23
4882042000,경상남도,고성군,동해면,,13,1988-04-23
4882042021,경상남도,고성군,동해면,장기리,1,1988-04-23
4882042022,경상남도,고성군,동해면,양촌리,2,1988-04-23
4882042023,경상남도,고성군,동해면,외산리,3,1988-04-23
4882042024,경상남도,고성군,동해면,내산리,4,1988-04-23
4882042025,경상남도,고성군,동해면,용정리,5,1988-04-23
4882042026,경상남도,고성군,동해면,장좌리,6,1988-04-23
4882042027,경상남도,고성군,동해면,봉암리,7,1988-04-23
4882042028,경상남도,고성군,동해면,외곡리,8,1988-04-23
4882042029,경상남도,고성군,동해면,내곡리,9,1988-04-23
4882043000,경상남도,고성군,거류면,,14,1988-04-23
4882043021,경상남도,고성군,거류면,당동리,1,1988-04-23
4882043022,경상남도,고성군,거류면,신용리,2,1988-04-23
4882043023,경상남도,고성군,거류면,화당리,3,1988-04-23
4882043024,경상남도,고성군,거류면,거산리,4,1988-04-23
4882043025,경상남도,고성군,거류면,가려리,5,1988-04-23
4882043026,경상남도,고성군,거류면,송산리,6,1988-04-23
4882043027,경상남도,고성군,거류면,은월리,7,1988-04-23
4882043028,경상남도,고성군,거류면,용산리,8,1988-04-23
4882043029,경상남도,고성군,거류면,감서리,9,1988-04-23
4884000000,경상남도,남해군,,,17,1988-04-23
4884025000,경상남도,남해군,남해읍,,1,1988-04-23
4884025021,경상남도,남해군,남해읍,북변리,1,1988-10-01
4884025022,경상남도,남해군,남해읍,서변리,2,1988-10-01
4884025023,경상남도,남해군,남해읍,남변리,3,1988-10-01
4884025024,경상남도,남해군,남해읍,차산리,4,1988-04-23
4884025025,경상남도,남해군,남해읍,선소리,5,1988-04-23
4884025026,경상남도,남해군,남해읍,심천리,6,1988-04-23
4884025027,경상남도,남해군,남해읍,아산리,7,1988-04-23
4884025028,경상남도,남해군,남해읍,평현리,8,1988-04-23
4884025029,경상남도,남해군,남해읍,평리,9,1988-04-23
4884025030,경상남도,남해군,남해읍,입현리,10,1988-04-23
4884031000,경상남도,남해군,이동면,,2,1988-04-23
4884031021,경상남도,남해군,이동면,다정리,1,1988-04-23
4884031022,경상남도,남해군,이동면,초음리,2,1988-04-23
4884031023,경상남도,남해군,이동면,석평리,3,1988-04-23
4884031024,경상남도,남해군,이동면,무림리,4,1988-04-23
4884031025,경상남도,남해군,이동면,신전리,5,1988-04-23
4884031026,경상남도,남해군,이동면,화계리,6,1988-04-23
4884031027,경상남도,남해군,이동면,용소리,7,1988-04-23
4884031028,경상남도,남해군,이동면,난음리,8,1988-04-23
4884032000,경상남도,남해군,상주면,,3,1988-04-23
4884032021,경상남도,남해군,상주면,양아리,1,1988-04-23
4884032022,경상남도,남해군,상주면,상주리,2,1988-04-23
4884033000,경상남도,남해군,삼동면,,4,1988-04-23
4884033021,경상남도,남해군,삼동면,영지리,1,1988-04-23
4884033022,경상남도,남해군,삼동면,지족리,2,1988-04-23
4884033023,경상남도,남해군,삼동면,금송리,3,1988-04-23
4884033024,경상남도,남해군,삼동면,동천리,4,1988-04-23
4884033025,경상남도,남해군,삼동면,봉화리,5,1988-04-23
4884033026,경상남도,남해군,삼동면,물건리,6,1988-04-23
4884034000,경상남도,남해군,미조면,,5,1988-04-23
4884034021,경상남도,남해군,미조면,송정리,1,1988-04-23
4884034022,경상남도,남해군,미조면,미조리,2,1988-04-23
4884035000,경상남도,남해군,남면,,6,1988-04-23
4884035021,경상남도,남해군,남면,당항리,1,1988-04-23
4884035022,경상남도,남해군,남면,석교리,2,1988-04-23
4884035023,경상남도,남해군,남면,홍현리,3,1988-04-23
4884035024,경상남도,남해군,남면,선구리,4,1988-04-23
4884035025,경상남도,남해군,남면,임포리,5,1988-04-23
4884035026,경상남도,남해군,남면,평산리,6,1988-04-23
4884035027,경상남도,남해군,남면,덕월리,7,1988-04-23
4884035028,경상남도,남해군,남면,상가리,8,1988-04-23
4884035029,경상남도,남해군,남면,죽전리,9,1988-04-23
4884036000,경상남도,남해군,서면,,7,1988-04-23
4884036021,경상남도,남해군,서면,연죽리,1,1988-04-23
4884036022,경상남도,남해군,서면,대정리,2,1988-04-23
4884036023,경상남도,남해군,서면,서호리,3,1988-04-23
4884036024,경상남도,남해군,서면,서상리,4,1988-04-23
4884036025,경상남도,남해군,서면,작장리,5,1988-04-23
4884036026,경상남도,남해군,서면,남상리,6,1988-04-23
4884036027,경상남도,남해군,서면,노구리,7,1988-04-23
4884036028,경상남도,남해군,서면,중현리,8,1988-04-23
4884036029,경상남도,남해군,서면,정포리,9,1988-04-23
4884037000,경상남도,남해군,고현면,,8,1988-04-23
4884037021,경상남도,남해군,고현면,이어리,1,1988-04-23
4884037022,경상남도,남해군,고현면,대곡리,2,1988-04-23
4884037023,경상남도,남해군,고현면,도마리,3,1988-04-23
4884037024,경상남도,남해군,고현면,오곡리,4,1988-04-23
4884037025,경상남도,남해군,고현면,포상리,5,1988-04-23
4884037026,경상남도,남해군,고현면,남치리,6,1988-04-23
4884037027,경상남도,남해군,고현면,대사리,7,1988-04-23
4884037028,경상남도,남해군,고현면,차면리,8,1988-04-23
4884037029,경상남도,남해군,고현면,갈화리,9,1988-04-23
4884038000,경상남도,남해군,설천면,,9,1988-04-23
4884038021,경상남도,남해군,설천면,비란리,1,1988-04-23
4884038022,경상남도,남해군,설천면,진목리,2,1988-04-23
4884038023,경상남도,남해군,설천면,문항리,3,1988-04-23
4884038024,경상남도,남해군,설천면,금음리,4,1988-04-23
4884038025,경상남도,남해군,설천면,남양리,5,1988-04-23
4884038026,경상남도,남해군,설천면,문의리,6,1988-04-23
4884038027,경상남도,남해군,설천면,노량리,7,1988-04-23
4884038028,경상남도,남해군,설천면,덕신리,8,1988-04-23
4884039000,경상남도,남해군,창선면,,10,1988-04-23
4884039021,경상남도,남해군,창선면,상신리,1,1988-04-23
4884039022,경상남도,남해군,창선면,동대리,2,1988-04-23
4884039023,경상남도,남해군,창선면,당항리,3,1988-04-23
4884039024,경상남도,남해군,창선면,대벽리,4,1988-04-23
4884039025,경상남도,남해군,창선면,율도리,5,1988-04-23
4884039026,경상남도,남해군,창선면,서대리,6,1988-04-23
4884039027,경상남도,남해군,창선면,광천리,7,1988-04-23
4884039028,경상남도,남해군,창선면,지족리,8,1988-04-23
4884039029,경상남도,남해군,창선면,옥천리,9,1988-04-23
4884039030,경상남도,남해군,창선면,당저리,10,1988-04-23
4884039031,경상남도,남해군,창선면,상죽리,11,1988-04-23
4884039032,경상남도,남해군,창선면,수산리,12,1988-04-23
4884039033,경상남도,남해군,창선면,부윤리,13,1988-04-23
4884039034,경상남도,남해군,창선면,오용리,14,1988-04-23
4884039035,경상남도,남해군,창선면,가인리,15,1988-04-23
4884039036,경상남도,남해군,창선면,진동리,16,1988-04-23
4885000000,경상남도,하동군,,,18,1988-04-23
4885025000,경상남도,하동군,하동읍,,1,1988-04-23
4885025021,경상남도,하동군,하동읍,읍내리,1,1988-10-01
4885025022,경상남도,하동군,하동읍,광평리,2,1988-04-23
4885025023,경상남도,하동군,하동읍,비파리,3,1988-04-23
4885025024,경상남도,하동군,하동읍,신기리,4,1988-04-23
4885025025,경상남도,하동군,하동읍,목도리,5,1988-04-23
4885025026,경상남도,하동군,하동읍,흥룡리,6,1988-04-23
4885025027,경상남도,하동군,하동읍,화심리,7,1988-04-23
4885025028,경상남도,하동군,하동읍,두곡리,8,1988-04-23
4885031000,경상남도,하동군,화개면,,2,1988-04-23
4885031021,경상남도,하동군,화개면,부춘리,1,1988-04-23
4885031022,경상남도,하동군,화개면,덕은리,2,1988-04-23
4885031023,경상남도,하동군,화개면,탑리,3,1988-04-23
4885031024,경상남도,하동군,화개면,삼신리,4,1988-04-23
4885031025,경상남도,하동군,화개면,정금리,5,1988-04-23
4885031026,경상남도,하동군,화개면,운수리,6,1988-04-23
4885031027,경상남도,하동군,화개면,용강리,7,1988-04-23
4885031028,경상남도,하동군,화개면,범왕리,8,1988-04-23
4885031029,경상남도,하동군,화개면,대성리,9,1988-04-23
4885032000,경상남도,하동군,악양면,,3,1988-04-23
4885032021,경상남도,하동군,악양면,미점리,1,1988-04-23
4885032022,경상남도,하동군,악양면,축지리,2,1988-04-23
4885032023,경상남도,하동군,악양면,신대리,3,1988-04-23
4885032024,경상남도,하동군,악양면,신성리,4,1988-04-23
4885032025,경상남도,하동군,악양면,신흥리,5,1988-04-23
4885032026,경상남도,하동군,악양면,중대리,6,1988-04-23
4885032027,경상남도,하동군,악양면,동매리,7,1988-04-23
4885032028,경상남도,하동군,악양면,등촌리,8,1988-04-23
4885032029,경상남도,하동군,악양면,매계리,9,1988-04-23
4885032030,경상남도,하동군,악양면,정동리,10,1988-04-23
4885032031,경상남도,하동군,악양면,정서리,11,1988-04-23
4885032032,경상남도,하동군,악양면,입석리,12,1988-04-23
4885032033,경상남도,하동군,악양면,봉대리,13,1988-04-23
4885032034,경상남도,하동군,악양면,평사리,14,1988-04-23
4885033000,경상남도,하동군,적량면,,4,1988-04-23
4885033021,경상남도,하동군,적량면,관리,1,1988-04-23
4885033022,경상남도,하동군,적량면,우계리,2,1988-04-23
4885033023,경상남도,하동군,적량면,동리,3,1988-04-23
4885033024,경상남도,하동군,적량면,서리,4,1988-04-23
4885033025,경상남도,하동군,적량면,동산리,5,1988-04-23
4885033026,경상남도,하동군,적량면,고절리,6,1988-04-23
4885034000,경상남도,하동군,횡천면,,5,1988-04-23
4885034021,경상남도,하동군,횡천면,전대리,1,1988-04-23
4885034022,경상남도,하동군,횡천면,애치리,2,1988-04-23
4885034023,경상남도,하동군,횡천면,여의리,3,1988-04-23
4885034024,경상남도,하동군,횡천면,횡천리,4,1988-04-23
4885034025,경상남도,하동군,횡천면,월평리,5,1988-04-23
4885034026,경상남도,하동군,횡천면,남산리,6,1988-04-23
4885034027,경상남도,하동군,횡천면,학리,7,1988-04-23
4885035000,경상남도,하동군,고전면,,6,1988-04-23
4885035021,경상남도,하동군,고전면,범아리,1,1988-04-23
4885035022,경상남도,하동군,고전면,성천리,2,1988-04-23
4885035023,경상남도,하동군,고전면,신월리,3,1988-04-23
4885035024,경상남도,하동군,고전면,전도리,4,1988-04-23
4885035025,경상남도,하동군,고전면,대덕리,5,1988-04-23
4885035026,경상남도,하동군,고전면,고하리,6,1988-04-23
4885035027,경상남도,하동군,고전면,성평리,7,1988-04-23
4885035028,경상남도,하동군,고전면,명교리,8,1988-04-23
4885036000,경상남도,하동군,금남면,,7,1988-04-23
4885036022,경상남도,하동군,금남면,중평리,1,1988-04-23
4885036023,경상남도,하동군,금남면,대치리,2,1988-04-23
4885036024,경상남도,하동군,금남면,노량리,3,1988-04-23
4885036025,경상남도,하동군,금남면,송문리,4,1988-04-23
4885036026,경상남도,하동군,금남면,대송리,5,1988-04-23
4885036027,경상남도,하동군,금남면,덕천리,6,1988-04-23
4885036028,경상남도,하동군,금남면,진정리,7,1988-04-23
4885036030,경상남도,하동군,금남면,계천리,8,1988-04-23
4885036034,경상남도,하동군,금남면,대도리,9,1988-04-23
4885037000,경상남도,하동군,진교면,,8,1988-04-23
4885037021,경상남도,하동군,진교면,진교리,1,1988-04-23
4885037022,경상남도,하동군,진교면,백련리,2,1988-04-23
4885037023,경상남도,하동군,진교면,안심리,3,1988-04-23
4885037024,경상남도,하동군,진교면,고룡리,4,1988-04-23
4885037025,경상남도,하동군,진교면,양포리,5,1988-04-23
4885037026,경상남도,하동군,진교면,관곡리,6,1988-04-23
4885037027,경상남도,하동군,진교면,월운리,7,1988-04-23
4885037028,경상남도,하동군,진교면,송원리,8,1988-04-23
4885037029,경상남도,하동군,진교면,고이리,9,1988-04-23
4885037030,경상남도,하동군,진교면,술상리,10,1989-01-01
4885038000,경상남도,하동군,양보면,,9,1988-04-23
4885038021,경상남도,하동군,양보면,운암리,1,1988-04-23
4885038022,경상남도,하동군,양보면,장암리,2,1988-04-23
4885038023,경상남도,하동군,양보면,감당리,3,1988-04-23
4885038024,경상남도,하동군,양보면,우복리,4,1988-04-23
4885038025,경상남도,하동군,양보면,통정리,5,1988-04-23
4885038026,경상남도,하동군,양보면,박달리,6,1988-04-23
4885038027,경상남도,하동군,양보면,지례리,7,1988-04-23
4885039000,경상남도,하동군,북천면,,10,1988-04-23
4885039021,경상남도,하동군,북천면,방화리,1,1988-04-23
4885039022,경상남도,하동군,북천면,사평리,2,1988-04-23
4885039023,경상남도,하동군,북천면,직전리,3,1988-04-23
4885039024,경상남도,하동군,북천면,옥정리,4,1988-04-23
4885039025,경상남도,하동군,북천면,서황리,5,1988-04-23
4885039026,경상남도,하동군,북천면,화정리,6,1988-04-23
4885040000,경상남도,하동군,청암면,,11,1988-04-23
4885040021,경상남도,하동군,청암면,평촌리,1,1988-04-23
4885040022,경상남도,하동군,청암면,명호리,2,1988-04-23
4885040023,경상남도,하동군,청암면,중이리,3,1988-04-23
4885040024,경상남도,하동군,청암면,상이리,4,1988-04-23
4885040025,경상남도,하동군,청암면,묵계리,5,1988-04-23
4885041000,경상남도,하동군,옥종면,,12,1988-04-23
4885041021,경상남도,하동군,옥종면,청룡리,1,1988-04-23
4885041022,경상남도,하동군,옥종면,월횡리,2,1988-04-23
4885041023,경상남도,하동군,옥종면,두양리,3,1988-04-23
4885041024,경상남도,하동군,옥종면,종화리,4,1988-04-23
4885041025,경상남도,하동군,옥종면,문암리,5,1988-04-23
4885041026,경상남도,하동군,옥종면,안계리,6,1988-04-23
4885041027,경상남도,하동군,옥종면,병천리,7,1988-04-23
4885041028,경상남도,하동군,옥종면,법대리,8,1988-04-23
4885041029,경상남도,하동군,옥종면,대곡리,9,1988-04-23
4885041030,경상남도,하동군,옥종면,북방리,10,1988-04-23
4885041031,경상남도,하동군,옥종면,정수리,11,1988-04-23
4885041032,경상남도,하동군,옥종면,양구리,12,1988-04-23
4885041033,경상남도,하동군,옥종면,궁항리,0,2003-01-01
4885041034,경상남도,하동군,옥종면,위태리,0,2003-01-01
4885041035,경상남도,하동군,옥종면,회신리,0,2003-01-01
4885042000,경상남도,하동군,금성면,,13,1989-04-01
4885042021,경상남도,하동군,금성면,가덕리,1,1989-04-01
4885042022,경상남도,하동군,금성면,궁항리,2,1989-04-01
4885042023,경상남도,하동군,금성면,고포리,3,1989-04-01
4885042024,경상남도,하동군,금성면,갈사리,4,1989-04-01
4886000000,경상남도,산청군,,,19,1988-04-23
4886025000,경상남도,산청군,산청읍,,1,1988-04-23
4886025021,경상남도,산청군,산청읍,산청리,1,2001-02-17
4886025022,경상남도,산청군,산청읍,옥산리,2,2001-02-17
4886025023,경상남도,산청군,산청읍,지리,3,1988-04-23
4886025024,경상남도,산청군,산청읍,모고리,4,1988-04-23
4886025025,경상남도,산청군,산청읍,송경리,5,1988-04-23
4886025026,경상남도,산청군,산청읍,차탄리,6,1988-04-23
4886025027,경상남도,산청군,산청읍,부리,7,1988-04-23
4886025028,경상남도,산청군,산청읍,병정리,8,1988-04-23
4886025029,경상남도,산청군,산청읍,내수리,9,1988-04-23
4886025030,경상남도,산청군,산청읍,정곡리,10,1988-04-23
4886025031,경상남도,산청군,산청읍,척지리,11,1988-04-23
4886025032,경상남도,산청군,산청읍,범학리,12,1988-04-23
4886025033,경상남도,산청군,산청읍,묵곡리,13,1988-04-23
4886025034,경상남도,산청군,산청읍,내리,14,1988-04-23
4886031000,경상남도,산청군,차황면,,2,1988-04-23
4886031021,경상남도,산청군,차황면,장위리,1,1988-04-23
4886031022,경상남도,산청군,차황면,양곡리,2,1988-04-23
4886031023,경상남도,산청군,차황면,상중리,3,1988-04-23
4886031024,경상남도,산청군,차황면,실매리,4,1988-04-23
4886031025,경상남도,산청군,차황면,장박리,5,1988-04-23
4886031026,경상남도,산청군,차황면,법평리,6,1988-04-23
4886031027,경상남도,산청군,차황면,신기리,7,1988-04-23
4886031028,경상남도,산청군,차황면,부리,8,1988-04-23
4886031029,경상남도,산청군,차황면,우사리,9,1988-04-23
4886031030,경상남도,산청군,차황면,철수리,10,1988-04-23
4886031031,경상남도,산청군,차황면,상법리,11,1988-04-23
4886032000,경상남도,산청군,오부면,,3,1988-04-23
4886032021,경상남도,산청군,오부면,양촌리,1,1988-04-23
4886032022,경상남도,산청군,오부면,방곡리,2,1988-04-23
4886032023,경상남도,산청군,오부면,내곡리,3,1988-04-23
4886032024,경상남도,산청군,오부면,일물리,4,1988-04-23
4886032025,경상남도,산청군,오부면,오전리,5,1988-04-23
4886032026,경상남도,산청군,오부면,중촌리,6,1988-04-23
4886032027,경상남도,산청군,오부면,왕촌리,7,1988-04-23
4886032028,경상남도,산청군,오부면,대현리,8,1988-04-23
4886033000,경상남도,산청군,생초면,,4,1988-04-23
4886033021,경상남도,산청군,생초면,어서리,1,1988-04-23
4886033022,경상남도,산청군,생초면,노은리,2,1988-04-23
4886033023,경상남도,산청군,생초면,구평리,3,1988-04-23
4886033024,경상남도,산청군,생초면,향양리,4,1988-04-23
4886033025,경상남도,산청군,생초면,월곡리,5,1988-04-23
4886033026,경상남도,산청군,생초면,신연리,6,1988-04-23
4886033027,경상남도,산청군,생초면,대포리,7,1988-04-23
4886033028,경상남도,산청군,생초면,갈전리,8,1988-04-23
4886033029,경상남도,산청군,생초면,평촌리,9,1988-04-23
4886033030,경상남도,산청군,생초면,하촌리,10,1988-04-23
4886033031,경상남도,산청군,생초면,상촌리,11,1988-04-23
4886033032,경상남도,산청군,생초면,계남리,12,1988-04-23
4886034000,경상남도,산청군,금서면,,5,1988-04-23
4886034021,경상남도,산청군,금서면,매촌리,1,1988-04-23
4886034022,경상남도,산청군,금서면,평촌리,2,1988-04-23
4886034023,경상남도,산청군,금서면,향양리,3,1988-04-23
4886034024,경상남도,산청군,금서면,수철리,4,1988-04-23
4886034025,경상남도,산청군,금서면,지막리,5,1988-04-23
4886034026,경상남도,산청군,금서면,특리,6,1988-04-23
4886034027,경상남도,산청군,금서면,신아리,7,1988-04-23
4886034028,경상남도,산청군,금서면,주상리,8,1988-04-23
4886034029,경상남도,산청군,금서면,화계리,9,1988-04-23
4886034030,경상남도,산청군,금서면,자혜리,10,1988-04-23
4886034031,경상남도,산청군,금서면,방곡리,11,1988-04-23
4886034032,경상남도,산청군,금서면,오봉리,12,1988-04-23
4886035000,경상남도,산청군,삼장면,,6,1988-04-23
4886035021,경상남도,산청군,삼장면,석남리,1,1988-04-23
4886035022,경상남도,산청군,삼장면,홍계리,2,1988-04-23
4886035023,경상남도,산청군,삼장면,평촌리,3,1988-04-23
4886035024,경상남도,산청군,삼장면,유평리,4,1988-04-23
4886035025,경상남도,산청군,삼장면,덕교리,5,1988-04-23
4886035026,경상남도,산청군,삼장면,대포리,6,1988-04-23
4886035027,경상남도,산청군,삼장면,내원리,7,1988-04-23
4886035028,경상남도,산청군,삼장면,대하리,8,1988-04-23
4886036000,경상남도,산청군,시천면,,7,1988-04-23
4886036021,경상남도,산청군,시천면,중산리,1,1988-04-23
4886036022,경상남도,산청군,시천면,사리,2,1988-04-23
4886036023,경상남도,산청군,시천면,내대리,3,1988-04-23
4886036024,경상남도,산청군,시천면,외공리,4,1988-04-23
4886036025,경상남도,산청군,시천면,반천리,5,1988-04-23
4886036026,경상남도,산청군,시천면,원리,6,1988-04-23
4886036027,경상남도,산청군,시천면,내공리,7,1988-04-23
4886036028,경상남도,산청군,시천면,천평리,8,1988-04-23
4886036029,경상남도,산청군,시천면,동당리,9,1988-04-23
4886036030,경상남도,산청군,시천면,신천리,10,1988-04-23
4886036031,경상남도,산청군,시천면,중태리,11,1988-04-23
4886037000,경상남도,산청군,단성면,,8,1988-04-23
4886037021,경상남도,산청군,단성면,성내리,1,1988-04-23
4886037022,경상남도,산청군,단성면,강누리,2,1988-04-23
4886037023,경상남도,산청군,단성면,방목리,3,1988-04-23
4886037024,경상남도,산청군,단성면,청계리,4,1988-04-23
4886037025,경상남도,산청군,단성면,운리,5,1988-04-23
4886037026,경상남도,산청군,단성면,입석리,6,1988-04-23
4886037027,경상남도,산청군,단성면,길리,7,1988-04-23
4886037028,경상남도,산청군,단성면,남사리,8,1988-04-23
4886037029,경상남도,산청군,단성면,사월리,9,1988-04-23
4886037030,경상남도,산청군,단성면,묵곡리,10,1988-04-23
4886037031,경상남도,산청군,단성면,소남리,11,1988-04-23
4886037032,경상남도,산청군,단성면,관정리,12,1988-04-23
4886037033,경상남도,산청군,단성면,호리,13,1988-04-23
4886037034,경상남도,산청군,단성면,당산리,14,1988-04-23
4886037035,경상남도,산청군,단성면,창촌리,15,1988-04-23
4886037036,경상남도,산청군,단성면,백운리,16,1988-04-23
4886037037,경상남도,산청군,단성면,자양리,17,1988-04-23
4886038000,경상남도,산청군,신안면,,9,1988-04-23
4886038021,경상남도,산청군,신안면,하정리,1,1988-04-23
4886038022,경상남도,산청군,신안면,신기리,2,1988-04-23
4886038023,경상남도,산청군,신안면,청현리,3,1988-04-23
4886038024,경상남도,산청군,신안면,문대리,4,1988-04-23
4886038025,경상남도,산청군,신안면,장죽리,5,1988-04-23
4886038026,경상남도,산청군,신안면,소이리,6,1988-04-23
4886038027,경상남도,산청군,신안면,외고리,7,1988-04-23
4886038028,경상남도,산청군,신안면,갈전리,8,1988-04-23
4886038029,경상남도,산청군,신안면,안봉리,9,1988-04-23
4886038030,경상남도,산청군,신안면,외송리,10,1988-04-23
4886038031,경상남도,산청군,신안면,신안리,11,1988-04-23
4886038032,경상남도,산청군,신안면,중촌리,12,1988-04-23
4886039000,경상남도,산청군,생비량면,,10,1988-04-23
4886039021,경상남도,산청군,생비량면,도전리,1,1988-04-23
4886039022,경상남도,산청군,생비량면,도리,2,1988-04-23
4886039023,경상남도,산청군,생비량면,화현리,3,1988-04-23
4886039024,경상남도,산청군,생비량면,가계리,4,1988-04-23
4886039025,경상남도,산청군,생비량면,제보리,5,1988-04-23
4886040000,경상남도,산청군,신등면,,11,1988-04-23
4886040021,경상남도,산청군,신등면,단계리,1,1988-04-23
4886040022,경상남도,산청군,신등면,양전리,2,1988-04-23
4886040023,경상남도,산청군,신등면,가술리,3,1988-04-23
4886040024,경상남도,산청군,신등면,간공리,4,1988-04-23
4886040025,경상남도,산청군,신등면,사정리,5,1988-04-23
4886040026,경상남도,산청군,신등면,평지리,6,1988-04-23
4886040027,경상남도,산청군,신등면,율현리,7,1988-04-23
4886040028,경상남도,산청군,신등면,모례리,8,1988-04-23
4886040029,경상남도,산청군,신등면,장천리,9,1988-04-23
4887000000,경상남도,함양군,,,20,1988-04-23
4887025000,경상남도,함양군,함양읍,,1,1988-04-23
4887025021,경상남도,함양군,함양읍,운림리,1,1988-10-01
4887025022,경상남도,함양군,함양읍,용평리,2,1988-10-01
4887025023,경상남도,함양군,함양읍,대덕리,3,1988-04-23
4887025024,경상남도,함양군,함양읍,교산리,4,1988-04-23
4887025025,경상남도,함양군,함양읍,신천리,5,1988-04-23
4887025026,경상남도,함양군,함양읍,신관리,6,1988-04-23
4887025027,경상남도,함양군,함양읍,백천리,7,1988-04-23
4887025028,경상남도,함양군,함양읍,백연리,8,1988-04-23
4887025029,경상남도,함양군,함양읍,이은리,9,1988-04-23
4887025030,경상남도,함양군,함양읍,난평리,10,1988-04-23
4887025031,경상남도,함양군,함양읍,삼산리,11,1988-04-23
4887025032,경상남도,함양군,함양읍,죽곡리,12,1988-04-23
4887025033,경상남도,함양군,함양읍,웅곡리,13,1988-04-23
4887025034,경상남도,함양군,함양읍,구룡리,14,1988-04-23
4887025035,경상남도,함양군,함양읍,죽림리,15,1988-04-23
4887031000,경상남도,함양군,마천면,,2,1988-04-23
4887031021,경상남도,함양군,마천면,가흥리,1,1988-04-23
4887031022,경상남도,함양군,마천면,군자리,2,1988-04-23
4887031023,경상남도,함양군,마천면,덕전리,3,1988-04-23
4887031024,경상남도,함양군,마천면,삼정리,4,1988-04-23
4887031025,경상남도,함양군,마천면,강청리,5,1988-04-23
4887031026,경상남도,함양군,마천면,추성리,6,1988-04-23
4887031027,경상남도,함양군,마천면,의탄리,7,1988-04-23
4887031028,경상남도,함양군,마천면,창원리,8,1988-04-23
4887031029,경상남도,함양군,마천면,구양리,9,1988-04-23
4887032000,경상남도,함양군,휴천면,,3,1988-04-23
4887032021,경상남도,함양군,휴천면,월평리,1,1988-04-23
4887032022,경상남도,함양군,휴천면,금반리,2,1988-04-23
4887032023,경상남도,함양군,휴천면,태관리,3,1988-04-23
4887032024,경상남도,함양군,휴천면,목현리,4,1988-04-23
4887032025,경상남도,함양군,휴천면,호산리,5,1988-04-23
4887032026,경상남도,함양군,휴천면,대천리,6,1988-04-23
4887032027,경상남도,함양군,휴천면,남호리,7,1988-04-23
4887032028,경상남도,함양군,휴천면,동강리,8,1988-04-23
4887032029,경상남도,함양군,휴천면,운서리,9,1988-04-23
4887032030,경상남도,함양군,휴천면,송전리,10,1988-04-23
4887032031,경상남도,함양군,휴천면,문정리,11,1988-04-23
4887033000,경상남도,함양군,유림면,,4,1988-04-23
4887033021,경상남도,함양군,유림면,손곡리,1,1988-04-23
4887033022,경상남도,함양군,유림면,유평리,2,1988-04-23
4887033023,경상남도,함양군,유림면,서주리,3,1988-04-23
4887033024,경상남도,함양군,유림면,화촌리,4,1988-04-23
4887033025,경상남도,함양군,유림면,장항리,5,1988-04-23
4887033026,경상남도,함양군,유림면,국계리,6,1988-04-23
4887033027,경상남도,함양군,유림면,대궁리,7,1988-04-23
4887033028,경상남도,함양군,유림면,웅평리,8,1988-04-23
4887033029,경상남도,함양군,유림면,옥매리,9,1988-04-23
4887034000,경상남도,함양군,수동면,,5,1988-04-23
4887034021,경상남도,함양군,수동면,화산리,1,1988-04-23
4887034022,경상남도,함양군,수동면,죽산리,2,1988-04-23
4887034023,경상남도,함양군,수동면,하교리,3,1988-04-23
4887034024,경상남도,함양군,수동면,도북리,4,1988-04-23
4887034025,경상남도,함양군,수동면,상백리,5,1988-04-23
4887034026,경상남도,함양군,수동면,내백리,6,1988-04-23
4887034027,경상남도,함양군,수동면,우명리,7,1988-04-23
4887034028,경상남도,함양군,수동면,원평리,8,1988-04-23
4887035000,경상남도,함양군,지곡면,,6,1988-04-23
4887035021,경상남도,함양군,지곡면,개평리,1,1988-04-23
4887035022,경상남도,함양군,지곡면,평촌리,2,1988-04-23
4887035023,경상남도,함양군,지곡면,덕암리,3,1988-04-23
4887035024,경상남도,함양군,지곡면,마산리,4,1988-04-23
4887035025,경상남도,함양군,지곡면,시목리,5,1988-04-23
4887035026,경상남도,함양군,지곡면,남효리,6,1988-04-23
4887035027,경상남도,함양군,지곡면,창평리,7,1988-04-23
4887035028,경상남도,함양군,지곡면,도촌리,8,1988-04-23
4887035029,경상남도,함양군,지곡면,공배리,9,1988-04-23
4887035030,경상남도,함양군,지곡면,보산리,10,1988-04-23
4887036000,경상남도,함양군,안의면,,7,1988-04-23
4887036021,경상남도,함양군,안의면,금천리,1,1988-04-23
4887036022,경상남도,함양군,안의면,당본리,2,1988-04-23
4887036023,경상남도,함양군,안의면,이전리,3,1988-04-23
4887036024,경상남도,함양군,안의면,석천리,4,1988-04-23
4887036025,경상남도,함양군,안의면,황곡리,5,1988-04-23
4887036026,경상남도,함양군,안의면,도림리,6,1988-04-23
4887036027,경상남도,함양군,안의면,초동리,7,1988-04-23
4887036028,경상남도,함양군,안의면,봉산리,8,1988-04-23
4887036029,경상남도,함양군,안의면,귀곡리,9,1988-04-23
4887036030,경상남도,함양군,안의면,대대리,10,1988-04-23
4887036031,경상남도,함양군,안의면,신안리,11,1988-04-23
4887036032,경상남도,함양군,안의면,하원리,12,1988-04-23
4887036033,경상남도,함양군,안의면,상원리,13,1988-04-23
4887036034,경상남도,함양군,안의면,교북리,14,1988-04-23
4887036035,경상남도,함양군,안의면,월림리,15,1988-04-23
4887037000,경상남도,함양군,서하면,,8,1988-04-23
4887037021,경상남도,함양군,서하면,송계리,1,1988-04-23
4887037022,경상남도,함양군,서하면,운곡리,2,1988-04-23
4887037023,경상남도,함양군,서하면,다곡리,3,1988-04-23
4887037024,경상남도,함양군,서하면,황산리,4,1988-04-23
4887037025,경상남도,함양군,서하면,봉전리,5,1988-04-23
4887038000,경상남도,함양군,서상면,,9,1988-04-23
4887038021,경상남도,함양군,서상면,대남리,1,1988-04-23
4887038022,경상남도,함양군,서상면,도천리,2,1988-04-23
4887038023,경상남도,함양군,서상면,옥산리,3,1988-04-23
4887038024,경상남도,함양군,서상면,금당리,4,1988-04-23
4887038025,경상남도,함양군,서상면,중남리,5,1988-04-23
4887038026,경상남도,함양군,서상면,상남리,6,1988-04-23
4887039000,경상남도,함양군,백전면,,10,1988-04-23
4887039021,경상남도,함양군,백전면,평정리,1,1988-04-23
4887039022,경상남도,함양군,백전면,양백리,2,1988-04-23
4887039023,경상남도,함양군,백전면,백운리,3,1988-04-23
4887039024,경상남도,함양군,백전면,운산리,4,1988-04-23
4887039025,경상남도,함양군,백전면,대안리,5,1988-04-23
4887039026,경상남도,함양군,백전면,구산리,6,1988-04-23
4887039027,경상남도,함양군,백전면,오천리,7,1988-04-23
4887039028,경상남도,함양군,백전면,경백리,8,1988-04-23
4887040000,경상남도,함양군,병곡면,,11,1988-04-23
4887040021,경상남도,함양군,병곡면,옥계리,1,1988-04-23
4887040022,경상남도,함양군,병곡면,연덕리,2,1988-04-23
4887040023,경상남도,함양군,병곡면,송평리,3,1988-04-23
4887040024,경상남도,함양군,병곡면,도천리,4,1988-04-23
4887040025,경상남도,함양군,병곡면,월암리,5,1988-04-23
4887040026,경상남도,함양군,병곡면,광평리,6,1988-04-23
4887040027,경상남도,함양군,병곡면,원산리,7,1988-04-23
4888000000,경상남도,거창군,,,21,1988-04-23
4888025000,경상남도,거창군,거창읍,,1,1988-04-23
4888025021,경상남도,거창군,거창읍,상림리,1,1988-10-01
4888025022,경상남도,거창군,거창읍,중앙리,2,1988-10-01
4888025023,경상남도,거창군,거창읍,대동리,3,1988-10-01
4888025024,경상남도,거창군,거창읍,대평리,4,1988-10-01
4888025025,경상남도,거창군,거창읍,김천리,5,1988-10-01
4888025026,경상남도,거창군,거창읍,송정리,6,1988-04-23
4888025027,경상남도,거창군,거창읍,장팔리,7,1988-04-23
4888025028,경상남도,거창군,거창읍,정장리,8,1988-04-23
4888025029,경상남도,거창군,거창읍,동변리,9,1988-04-23
4888025030,경상남도,거창군,거창읍,서변리,10,1988-04-23
4888025031,경상남도,거창군,거창읍,가지리,11,1988-04-23
4888025032,경상남도,거창군,거창읍,양평리,12,1988-04-23
4888025033,경상남도,거창군,거창읍,학리,13,1988-04-23
4888031000,경상남도,거창군,주상면,,2,1988-04-23
4888031021,경상남도,거창군,주상면,성기리,1,1988-04-23
4888031022,경상남도,거창군,주상면,남산리,2,1988-04-23
4888031023,경상남도,거창군,주상면,거기리,3,1988-04-23
4888031024,경상남도,거창군,주상면,도평리,4,1988-04-23
4888031025,경상남도,거창군,주상면,연교리,5,1988-04-23
4888031026,경상남도,거창군,주상면,완대리,6,1988-04-23
4888031027,경상남도,거창군,주상면,내오리,7,1988-04-23
4888032000,경상남도,거창군,웅양면,,3,1988-04-23
4888032021,경상남도,거창군,웅양면,신촌리,1,1988-04-23
4888032022,경상남도,거창군,웅양면,한기리,2,1988-04-23
4888032023,경상남도,거창군,웅양면,죽림리,3,1988-04-23
4888032024,경상남도,거창군,웅양면,군암리,4,1988-04-23
4888032025,경상남도,거창군,웅양면,동호리,5,1988-04-23
4888032026,경상남도,거창군,웅양면,산포리,6,1988-04-23
4888032027,경상남도,거창군,웅양면,노현리,7,1988-04-23
4888033000,경상남도,거창군,고제면,,4,1988-04-23
4888033021,경상남도,거창군,고제면,개명리,1,1988-04-23
4888033022,경상남도,거창군,고제면,봉산리,2,1988-04-23
4888033023,경상남도,거창군,고제면,봉계리,3,1988-04-23
4888033024,경상남도,거창군,고제면,농산리,4,1988-04-23
4888033025,경상남도,거창군,고제면,궁항리,5,1988-04-23
4888034000,경상남도,거창군,북상면,,5,1988-04-23
4888034021,경상남도,거창군,북상면,병곡리,1,1988-04-23
4888034022,경상남도,거창군,북상면,갈계리,2,1988-04-23
4888034023,경상남도,거창군,북상면,농산리,3,1988-04-23
4888034024,경상남도,거창군,북상면,월성리,4,1988-04-23
4888034025,경상남도,거창군,북상면,소정리,5,1988-04-23
4888034026,경상남도,거창군,북상면,산수리,6,1988-04-23
4888034027,경상남도,거창군,북상면,창선리,7,1988-04-23
4888035000,경상남도,거창군,위천면,,6,1988-04-23
4888035021,경상남도,거창군,위천면,장기리,1,1988-04-23
4888035022,경상남도,거창군,위천면,남산리,2,1988-04-23
4888035023,경상남도,거창군,위천면,상천리,3,1988-04-23
4888035024,경상남도,거창군,위천면,당산리,4,1988-04-23
4888035025,경상남도,거창군,위천면,강천리,5,1988-04-23
4888035026,경상남도,거창군,위천면,모동리,6,1988-04-23
4888035028,경상남도,거창군,위천면,황산리,7,1995-08-18
4888036000,경상남도,거창군,마리면,,7,1988-04-23
4888036021,경상남도,거창군,마리면,말흘리,1,1988-04-23
4888036022,경상남도,거창군,마리면,영승리,2,1988-04-23
4888036023,경상남도,거창군,마리면,고학리,3,1988-04-23
4888036024,경상남도,거창군,마리면,율리,4,1988-04-23
4888036025,경상남도,거창군,마리면,대동리,5,1988-04-23
4888036026,경상남도,거창군,마리면,하고리,6,1988-04-23
4888036027,경상남도,거창군,마리면,월계리,7,1988-04-23
4888037000,경상남도,거창군,남상면,,8,1988-04-23
4888037021,경상남도,거창군,남상면,무촌리,1,1988-04-23
4888037022,경상남도,거창군,남상면,대산리,2,1988-04-23
4888037023,경상남도,거창군,남상면,둔동리,3,1988-04-23
4888037024,경상남도,거창군,남상면,월평리,4,1988-04-23
4888037025,경상남도,거창군,남상면,송변리,5,1988-04-23
4888037026,경상남도,거창군,남상면,전척리,6,1988-04-23
4888037027,경상남도,거창군,남상면,오계리,7,1988-04-23
4888037028,경상남도,거창군,남상면,임불리,8,1988-04-23
4888037029,경상남도,거창군,남상면,춘전리,9,1988-04-23
4888037030,경상남도,거창군,남상면,진목리,10,1988-04-23
4888038000,경상남도,거창군,남하면,,9,1988-04-23
4888038021,경상남도,거창군,남하면,무릉리,1,1988-04-23
4888038022,경상남도,거창군,남하면,양항리,2,1988-04-23
4888038023,경상남도,거창군,남하면,둔마리,3,1988-04-23
4888038024,경상남도,거창군,남하면,지산리,4,1988-04-23
4888038025,경상남도,거창군,남하면,대야리,5,1988-04-23
4888039000,경상남도,거창군,신원면,,10,1988-04-23
4888039021,경상남도,거창군,신원면,수원리,1,1988-04-23
4888039022,경상남도,거창군,신원면,와룡리,2,1988-04-23
4888039023,경상남도,거창군,신원면,청수리,3,1988-04-23
4888039024,경상남도,거창군,신원면,대현리,4,1988-04-23
4888039025,경상남도,거창군,신원면,구사리,5,1988-04-23
4888039026,경상남도,거창군,신원면,과정리,6,1988-04-23
4888039027,경상남도,거창군,신원면,양지리,7,1988-04-23
4888039028,경상남도,거창군,신원면,덕산리,8,1988-04-23
4888039029,경상남도,거창군,신원면,중유리,9,1988-04-23
4888040000,경상남도,거창군,가조면,,11,1988-04-23
4888040021,경상남도,거창군,가조면,대초리,1,1988-04-23
4888040022,경상남도,거창군,가조면,기리,2,1988-04-23
4888040023,경상남도,거창군,가조면,석강리,3,1988-04-23
4888040024,경상남도,거창군,가조면,사병리,4,1988-04-23
4888040025,경상남도,거창군,가조면,일부리,5,1988-04-23
4888040026,경상남도,거창군,가조면,도리,6,1988-04-23
4888040027,경상남도,거창군,가조면,장기리,7,1988-04-23
4888040028,경상남도,거창군,가조면,마상리,8,1988-04-23
4888040029,경상남도,거창군,가조면,수월리,9,1988-04-23
4888040030,경상남도,거창군,가조면,동례리,10,1988-04-23
4888041000,경상남도,거창군,가북면,,12,1988-04-23
4888041021,경상남도,거창군,가북면,용산리,1,1988-04-23
4888041022,경상남도,거창군,가북면,우혜리,2,1988-04-23
4888041023,경상남도,거창군,가북면,중촌리,3,1988-04-23
4888041024,경상남도,거창군,가북면,해평리,4,1988-04-23
4888041025,경상남도,거창군,가북면,용암리,5,1988-04-23
4888041026,경상남도,거창군,가북면,몽석리,6,1988-04-23
4888041027,경상남도,거창군,가북면,박암리,7,1988-04-23
4889000000,경상남도,합천군,,,22,1988-04-23
4889025000,경상남도,합천군,합천읍,,1,1988-04-23
4889025021,경상남도,합천군,합천읍,합천리,1,1988-04-23
4889025022,경상남도,합천군,합천읍,금양리,2,1988-04-23
4889025023,경상남도,합천군,합천읍,영창리,3,1988-04-23
4889025024,경상남도,합천군,합천읍,내곡리,4,1988-04-23
4889025025,경상남도,합천군,합천읍,서산리,5,1988-04-23
4889025026,경상남도,합천군,합천읍,용계리,6,1988-04-23
4889025027,경상남도,합천군,합천읍,외곡리,7,1988-04-23
4889025028,경상남도,합천군,합천읍,장계리,8,1988-04-23
4889025029,경상남도,합천군,합천읍,인곡리,9,1988-04-23
4889031000,경상남도,합천군,봉산면,,2,1988-04-23
4889031021,경상남도,합천군,봉산면,압곡리,1,1988-04-23
4889031022,경상남도,합천군,봉산면,권빈리,2,1988-04-23
4889031023,경상남도,합천군,봉산면,상현리,3,1988-04-23
4889031025,경상남도,합천군,봉산면,김봉리,5,1988-04-23
4889031026,경상남도,합천군,봉산면,봉계리,6,1988-04-23
4889031027,경상남도,합천군,봉산면,송림리,7,1988-04-23
4889031028,경상남도,합천군,봉산면,계산리,8,1988-04-23
4889031029,경상남도,합천군,봉산면,고삼리,9,1988-04-23
4889031030,경상남도,합천군,봉산면,양지리,10,1988-04-23
4889031031,경상남도,합천군,봉산면,노곡리,11,1988-04-23
4889031032,경상남도,합천군,봉산면,술곡리,12,1988-04-23
4889031033,경상남도,합천군,봉산면,도곡리,4,2014-12-09
4889032000,경상남도,합천군,묘산면,,3,1988-04-23
4889032021,경상남도,합천군,묘산면,반포리,1,1988-04-23
4889032022,경상남도,합천군,묘산면,팔심리,2,1988-04-23
4889032023,경상남도,합천군,묘산면,안성리,3,1988-04-23
4889032025,경상남도,합천군,묘산면,관기리,5,1988-04-23
4889032026,경상남도,합천군,묘산면,광산리,6,1988-04-23
4889032027,경상남도,합천군,묘산면,도옥리,7,1988-04-23
4889032028,경상남도,합천군,묘산면,산제리,8,1988-04-23
4889032029,경상남도,합천군,묘산면,가산리,9,1988-04-23
4889032030,경상남도,합천군,묘산면,화양리,10,1988-04-23
4889032031,경상남도,합천군,묘산면,거산리,11,1988-04-23
4889032032,경상남도,합천군,묘산면,봉곡리,4,2012-07-25
4889033000,경상남도,합천군,가야면,,4,1988-04-23
4889033021,경상남도,합천군,가야면,죽전리,1,1988-04-23
4889033022,경상남도,합천군,가야면,대전리,2,1988-04-23
4889033023,경상남도,합천군,가야면,가천리,3,1988-04-23
4889033024,경상남도,합천군,가야면,구미리,4,1988-04-23
4889033025,경상남도,합천군,가야면,성기리,5,1988-04-23
4889033026,경상남도,합천군,가야면,매안리,6,1988-04-23
4889033027,경상남도,합천군,가야면,매화리,7,1988-04-23
4889033028,경상남도,합천군,가야면,청현리,8,1988-04-23
4889033029,경상남도,합천군,가야면,이천리,9,1988-04-23
4889033030,경상남도,합천군,가야면,사촌리,10,1988-04-23
4889033031,경상남도,합천군,가야면,황산리,11,1988-04-23
4889033032,경상남도,합천군,가야면,야천리,12,1988-04-23
4889033033,경상남도,합천군,가야면,구원리,13,1988-04-23
4889033034,경상남도,합천군,가야면,치인리,14,1988-04-23
4889034000,경상남도,합천군,야로면,,5,1988-04-23
4889034021,경상남도,합천군,야로면,덕암리,1,1988-04-23
4889034022,경상남도,합천군,야로면,청계리,2,1988-04-23
4889034023,경상남도,합천군,야로면,정대리,3,1988-04-23
4889034024,경상남도,합천군,야로면,월광리,4,1988-04-23
4889034025,경상남도,합천군,야로면,묵촌리,5,1988-04-23
4889034026,경상남도,합천군,야로면,구정리,6,1988-04-23
4889034027,경상남도,합천군,야로면,금평리,7,1988-04-23
4889034028,경상남도,합천군,야로면,하빈리,8,1988-04-23
4889034029,경상남도,합천군,야로면,매촌리,9,1988-04-23
4889034030,경상남도,합천군,야로면,야로리,10,1988-04-23
4889034031,경상남도,합천군,야로면,하림리,11,1988-04-23
4889034032,경상남도,합천군,야로면,나대리,12,1988-04-23
4889035000,경상남도,합천군,율곡면,,6,1988-04-23
4889035021,경상남도,합천군,율곡면,기리,1,1988-04-23
4889035022,경상남도,합천군,율곡면,내천리,2,1988-04-23
4889035023,경상남도,합천군,율곡면,두사리,3,1988-04-23
4889035024,경상남도,합천군,율곡면,갑산리,4,1988-04-23
4889035025,경상남도,합천군,율곡면,낙민리,5,1988-04-23
4889035026,경상남도,합천군,율곡면,노양리,6,1988-04-23
4889035027,경상남도,합천군,율곡면,와리,7,1988-04-23
4889035028,경상남도,합천군,율곡면,율진리,8,1988-04-23
4889035029,경상남도,합천군,율곡면,항곡리,9,1988-04-23
4889035030,경상남도,합천군,율곡면,문림리,10,1988-04-23
4889035031,경상남도,합천군,율곡면,본천리,11,1988-04-23
4889035032,경상남도,합천군,율곡면,영전리,12,1988-04-23
4889035033,경상남도,합천군,율곡면,제내리,13,1988-04-23
4889035034,경상남도,합천군,율곡면,임북리,14,1988-04-23
4889036000,경상남도,합천군,초계면,,7,1988-04-23
4889036021,경상남도,합천군,초계면,아막리,1,1988-04-23
4889036022,경상남도,합천군,초계면,초계리,2,1988-04-23
4889036023,경상남도,합천군,초계면,중리,3,1988-04-23
4889036024,경상남도,합천군,초계면,대동리,4,1988-04-23
4889036025,경상남도,합천군,초계면,상대리,5,1988-04-23
4889036026,경상남도,합천군,초계면,택리,6,1988-04-23
4889036027,경상남도,합천군,초계면,원당리,7,1988-04-23
4889036028,경상남도,합천군,초계면,관평리,8,1988-04-23
4889036029,경상남도,합천군,초계면,대평리,9,1988-04-23
4889036030,경상남도,합천군,초계면,유하리,10,1988-04-23
4889036031,경상남도,합천군,초계면,신촌리,11,1988-04-23
4889037000,경상남도,합천군,쌍책면,,8,1988-04-23
4889037021,경상남도,합천군,쌍책면,상신리,1,1988-04-23
4889037022,경상남도,합천군,쌍책면,하신리,2,1988-04-23
4889037023,경상남도,합천군,쌍책면,건태리,3,1988-04-23
4889037024,경상남도,합천군,쌍책면,사양리,4,1988-04-23
4889037025,경상남도,합천군,쌍책면,덕봉리,5,1988-04-23
4889037026,경상남도,합천군,쌍책면,상포리,6,1988-04-23
4889037027,경상남도,합천군,쌍책면,성산리,7,1988-04-23
4889037028,경상남도,합천군,쌍책면,진정리,8,1988-04-23
4889037029,경상남도,합천군,쌍책면,다라리,9,1988-04-23
4889037030,경상남도,합천군,쌍책면,오서리,10,1988-04-23
4889038000,경상남도,합천군,덕곡면,,9,1988-04-23
4889038021,경상남도,합천군,덕곡면,포두리,1,1988-04-23
4889038022,경상남도,합천군,덕곡면,장리,2,1988-04-23
4889038023,경상남도,합천군,덕곡면,병배리,3,1988-04-23
4889038024,경상남도,합천군,덕곡면,학리,4,1988-04-23
4889038025,경상남도,합천군,덕곡면,율지리,5,1988-04-23
4889038026,경상남도,합천군,덕곡면,율원리,6,1988-04-23
4889038027,경상남도,합천군,덕곡면,본곡리,7,1988-04-23
4889039000,경상남도,합천군,청덕면,,10,1988-04-23
4889039022,경상남도,합천군,청덕면,적포리,1,1988-04-23
4889039023,경상남도,합천군,청덕면,두곡리,2,1988-04-23
4889039024,경상남도,합천군,청덕면,대부리,3,1988-04-23
4889039025,경상남도,합천군,청덕면,앙진리,4,1988-04-23
4889039026,경상남도,합천군,청덕면,모리,5,1988-04-23
4889039027,경상남도,합천군,청덕면,미곡리,6,1988-04-23
4889039028,경상남도,합천군,청덕면,성태리,7,1988-04-23
4889039029,경상남도,합천군,청덕면,삼학리,8,1988-04-23
4889039030,경상남도,합천군,청덕면,소례리,9,1988-04-23
4889039031,경상남도,합천군,청덕면,운봉리,10,1988-04-23
4889039032,경상남도,합천군,청덕면,초곡리,11,1988-04-23
4889039033,경상남도,합천군,청덕면,가현리,12,1995-12-07
4889040000,경상남도,합천군,적중면,,11,1988-04-23
4889040021,경상남도,합천군,적중면,죽고리,1,1988-04-23
4889040022,경상남도,합천군,적중면,황정리,2,1988-04-23
4889040023,경상남도,합천군,적중면,정토리,3,1988-04-23
4889040024,경상남도,합천군,적중면,옥두리,4,1988-04-23
4889040026,경상남도,합천군,적중면,부수리,5,1988-04-23
4889040027,경상남도,합천군,적중면,누하리,6,1988-04-23
4889040028,경상남도,합천군,적중면,상부리,7,1988-04-23
4889040029,경상남도,합천군,적중면,양림리,8,1988-04-23
4889040030,경상남도,합천군,적중면,두방리,9,1995-12-07
4889041000,경상남도,합천군,대양면,,12,1988-04-23
4889041021,경상남도,합천군,대양면,정양리,1,1988-04-23
4889041022,경상남도,합천군,대양면,아천리,2,1988-04-23
4889041023,경상남도,합천군,대양면,대목리,3,1988-04-23
4889041024,경상남도,합천군,대양면,무곡리,4,1988-04-23
4889041025,경상남도,합천군,대양면,덕정리,5,1988-04-23
4889041026,경상남도,합천군,대양면,도리,6,1988-04-23
4889041027,경상남도,합천군,대양면,함지리,7,1988-04-23
4889041028,경상남도,합천군,대양면,양산리,8,1988-04-23
4889041029,경상남도,합천군,대양면,안금리,9,1988-04-23
4889041030,경상남도,합천군,대양면,백암리,10,1988-04-23
4889041031,경상남도,합천군,대양면,오산리,11,1988-04-23
4889042000,경상남도,합천군,쌍백면,,13,1988-04-23
4889042021,경상남도,합천군,쌍백면,대곡리,1,1988-04-23
4889042022,경상남도,합천군,쌍백면,육리,2,1988-04-23
4889042023,경상남도,합천군,쌍백면,평구리,3,1988-04-23
4889042024,경상남도,합천군,쌍백면,평지리,4,1988-04-23
4889042025,경상남도,합천군,쌍백면,안계리,5,1988-04-23
4889042026,경상남도,합천군,쌍백면,대현리,6,1988-04-23
4889042027,경상남도,합천군,쌍백면,외초리,7,1988-04-23
4889042028,경상남도,합천군,쌍백면,장전리,8,1988-04-23
4889042029,경상남도,합천군,쌍백면,운곡리,9,1988-04-23
4889042030,경상남도,합천군,쌍백면,백역리,10,1988-04-23
4889042031,경상남도,합천군,쌍백면,하신리,11,1988-04-23
4889042032,경상남도,합천군,쌍백면,삼리,12,1988-04-23
4889042033,경상남도,합천군,쌍백면,죽전리,13,1988-04-23
4889043000,경상남도,합천군,삼가면,,14,1988-04-23
4889043021,경상남도,합천군,삼가면,동리,1,1988-04-23
4889043022,경상남도,합천군,삼가면,용흥리,2,1988-04-23
4889043023,경상남도,합천군,삼가면,외토리,3,1988-04-23
4889043024,경상남도,합천군,삼가면,일부리,4,1988-04-23
4889043025,경상남도,합천군,삼가면,어전리,5,1988-04-23
4889043026,경상남도,합천군,삼가면,양전리,6,1988-04-23
4889043027,경상남도,합천군,삼가면,금리,7,1988-04-23
4889043028,경상남도,합천군,삼가면,두모리,8,1988-04-23
4889043029,경상남도,합천군,삼가면,소오리,9,1988-04-23
4889043030,경상남도,합천군,삼가면,하판리,10,1988-04-23
4889043031,경상남도,합천군,삼가면,문송리,11,1988-04-23
4889043032,경상남도,합천군,삼가면,덕진리,12,1988-04-23
4889043033,경상남도,합천군,삼가면,학리,13,1988-04-23
4889044000,경상남도,합천군,가회면,,15,1988-04-23
4889044021,경상남도,합천군,가회면,월계리,1,1988-04-23
4889044022,경상남도,합천군,가회면,도탄리,2,1988-04-23
4889044023,경상남도,합천군,가회면,오도리,3,1988-04-23
4889044024,경상남도,합천군,가회면,둔내리,4,1988-04-23
4889044025,경상남도,합천군,가회면,중촌리,5,1988-04-23
4889044026,경상남도,합천군,가회면,덕촌리,6,1988-04-23
4889044027,경상남도,합천군,가회면,함방리,7,1988-04-23
4889044028,경상남도,합천군,가회면,장대리,8,1988-04-23
4889044029,경상남도,합천군,가회면,외사리,9,1988-04-23
4889045000,경상남도,합천군,대병면,,16,1988-04-23
4889045021,경상남도,합천군,대병면,상천리,1,1988-04-23
4889045022,경상남도,합천군,대병면,역평리,2,1988-04-23
4889045023,경상남도,합천군,대병면,회양리,3,1988-04-23
4889045024,경상남도,합천군,대병면,유전리,4,1988-04-23
4889045025,경상남도,합천군,대병면,양리,5,1988-04-23
4889045026,경상남도,합천군,대병면,하금리,6,1988-04-23
4889045027,경상남도,합천군,대병면,장단리,7,1988-04-23
4889045028,경상남도,합천군,대병면,대지리,8,1988-04-23
4889045029,경상남도,합천군,대병면,성리,9,1988-04-23
4889046000,경상남도,합천군,용주면,,17,1988-04-23
4889046021,경상남도,합천군,용주면,공암리,1,1988-04-23
4889046022,경상남도,합천군,용주면,황계리,2,1988-04-23
4889046023,경상남도,합천군,용주면,장전리,3,1988-04-23
4889046024,경상남도,합천군,용주면,노리,4,1988-04-23
4889046025,경상남도,합천군,용주면,평산리,5,1988-04-23
4889046026,경상남도,합천군,용주면,손목리,6,1988-04-23
4889046027,경상남도,합천군,용주면,팔산리,7,1988-04-23
4889046028,경상남도,합천군,용주면,용지리,8,1988-04-23
4889046029,경상남도,합천군,용주면,성산리,9,1988-04-23
4889046030,경상남도,합천군,용주면,월평리,10,1988-04-23
4889046031,경상남도,합천군,용주면,방곡리,11,1988-04-23
4889046032,경상남도,합천군,용주면,고품리,12,1988-04-23
4889046033,경상남도,합천군,용주면,봉기리,13,1988-04-23
4889046035,경상남도,합천군,용주면,우곡리,14,1988-04-23
4889046036,경상남도,합천군,용주면,죽죽리,15,1988-04-23
4889046037,경상남도,합천군,용주면,가호리,16,1995-12-07
5000000000,제주특별자치도,,,,0,2006-07-01
5011000000,제주특별자치도,제주시,,,0,2006-07-01
5011010100,제주특별자치도,제주시,일도일동,,0,2006-07-01
5011010200,제주특별자치도,제주시,일도이동,,0,2006-07-01
5011010300,제주특별자치도,제주시,이도일동,,0,2006-07-01
5011010400,제주특별자치도,제주시,이도이동,,0,2006-07-01
5011010500,제주특별자치도,제주시,삼도일동,,0,2006-07-01
5011010600,제주특별자치도,제주시,삼도이동,,0,2006-07-01
5011010700,제주특별자치도,제주시,건입동,,0,2006-07-01
5011010800,제주특별자치도,제주시,용담일동,,0,2006-07-01
5011010900,제주특별자치도,제주시,용담이동,,0,2006-07-01
5011011000,제주특별자치도,제주시,용담삼동,,0,2006-07-01
5011011100,제주특별자치도,제주시,화북일동,,0,2006-07-01
5011011200,제주특별자치도,제주시,화북이동,,0,2006-07-01
5011011300,제주특별자치도,제주시,삼양일동,,0,2006-07-01
5011011400,제주특별자치도,제주시,삼양이동,,0,2006-07-01
5011011500,제주특별자치도,제주시,삼양삼동,,0,2006-07-01
5011011600,제주특별자치도,제주시,봉개동,,0,2006-07-01
5011011700,제주특별자치도,제주시,아라일동,,0,2006-07-01
5011011800,제주특별자치도,제주시,아라이동,,0,2006-07-01
5011011900,제주특별자치도,제주시,오라일동,,0,2006-07-01
5011012000,제주특별자치도,제주시,오라이동,,0,2006-07-01
5011012100,제주특별자치도,제주시,오라삼동,,0,2006-07-01
5011012200,제주특별자치도,제주시,노형동,,0,2006-07-01
5011012300,제주특별자치도,제주시,외도일동,,0,2006-07-01
5011012400,제주특별자치도,제주시,외도이동,,0,2006-07-01
5011012500,제주특별자치도,제주시,이호일동,,0,2006-07-01
5011012600,제주특별자치도,제주시,이호이동,,0,2006-07-01
5011012700,제주특별자치도,제주시,도두일동,,0,2006-07-01
5011012800,제주특별자치도,제주시,도두이동,,0,2006-07-01
5011012900,제주특별자치도,제주시,도남동,,0,2006-07-01
5011013000,제주특별자치도,제주시,도련일동,,0,2006-07-01
5011013100,제주특별자치도,제주시,도련이동,,0,2006-07-01
5011013200,제주특별자치도,제주시,용강동,,0,2006-07-01
5011013300,제주특별자치도,제주시,회천동,,0,2006-07-01
5011013400,제주특별자치도,제주시,오등동,,0,2006-07-01
5011013500,제주특별자치도,제주시,월평동,,0,2006-07-01
5011013600,제주특별자치도,제주시,영평동,,0,2006-07-01
5011013700,제주특별자치도,제주시,연동,,0,2006-07-01
5011013800,제주특별자치도,제주시,도평동,,0,2006-07-01
5011013900,제주특별자치도,제주시,해안동,,0,2006-07-01
5011014000,제주특별자치도,제주시,내도동,,0,2006-07-01
5011025000,제주특별자치도,제주시,한림읍,,0,2006-07-01
5011025021,제주특별자치도,제주시,한림읍,귀덕리,0,2006-07-01
5011025022,제주특별자치도,제주시,한림읍,수원리,0,2006-07-01
5011025023,제주특별자치도,제주시,한림읍,대림리,0,2006-07-01
5011025024,제주특별자치도,제주시,한림읍,한림리,0,2006-07-01
5011025025,제주특별자치도,제주시,한림읍,금악리,0,2006-07-01
5011025026,제주특별자치도,제주시,한림읍,동명리,0,2006-07-01
5011025027,제주특별자치도,제주시,한림읍,명월리,0,2006-07-01
5011025028,제주특별자치도,제주시,한림읍,옹포리,0,2006-07-01
5011025029,제주특별자치도,제주시,한림읍,상대리,0,2006-07-01
5011025030,제주특별자치도,제주시,한림읍,상명리,0,2006-07-01
5011025031,제주특별자치도,제주시,한림읍,협재리,0,2006-07-01
5011025032,제주특별자치도,제주시,한림읍,월령리,0,2006-07-01
5011025033,제주특별자치도,제주시,한림읍,금능리,0,2006-07-01
5011025034,제주특별자치도,제주시,한림읍,월림리,0,2006-07-01
5011025035,제주특별자치도,제주시,한림읍,한수리,0,2006-07-01
5011025300,제주특별자치도,제주시,애월읍,,0,2006-07-01
5011025301,제주특별자치도,제주시,애월읍,용흥리,0,2006-07-01
5011025302,제주특별자치도,제주시,애월읍,중엄리,0,2006-07-01
5011025303,제주특별자치도,제주시,애월읍,어음1리,0,2006-07-01
5011025304,제주특별자치도,제주시,애월읍,어음2리,0,2006-07-01
5011025321,제주특별자치도,제주시,애월읍,광령리,0,2006-07-01
5011025323,제주특별자치도,제주시,애월읍,상귀리,0,2006-07-01
5011025324,제주특별자치도,제주시,애월읍,구엄리,0,2006-07-01
5011025325,제주특별자치도,제주시,애월읍,수산리,0,2006-07-01
5011025326,제주특별자치도,제주시,애월읍,신엄리,0,2006-07-01
5011025327,제주특별자치도,제주시,애월읍,장전리,0,2006-07-01
5011025328,제주특별자치도,제주시,애월읍,소길리,0,2006-07-01
5011025329,제주특별자치도,제주시,애월읍,고성리,0,2006-07-01
5011025330,제주특별자치도,제주시,애월읍,하가리,0,2006-07-01
5011025331,제주특별자치도,제주시,애월읍,상가리,0,2006-07-01
5011025333,제주특별자치도,제주시,애월읍,고내리,0,2006-07-01
5011025334,제주특별자치도,제주시,애월읍,애월리,0,2006-07-01
5011025335,제주특별자치도,제주시,애월읍,납읍리,0,2006-07-01
5011025336,제주특별자치도,제주시,애월읍,어음리,0,2006-07-01
5011025337,제주특별자치도,제주시,애월읍,곽지리,0,2006-07-01
5011025338,제주특별자치도,제주시,애월읍,금성리,0,2006-07-01
5011025339,제주특별자치도,제주시,애월읍,봉성리,0,2006-07-01
5011025340,제주특별자치도,제주시,애월읍,하귀1리,0,2006-07-01
5011025341,제주특별자치도,제주시,애월읍,하귀2리,0,2006-07-01
5011025342,제주특별자치도,제주시,애월읍,유수암리,0,2006-07-01
5011025391,제주특별자치도,제주시,애월읍,광령1리,0,2006-07-01
5011025392,제주특별자치도,제주시,애월읍,광령2리,0,2006-07-01
5011025393,제주특별자치도,제주시,애월읍,광령3리,0,2006-07-01
5011025600,제주특별자치도,제주시,구좌읍,,0,2006-07-01
5011025621,제주특별자치도,제주시,구좌읍,동복리,0,2006-07-01
5011025624,제주특별자치도,제주시,구좌읍,덕천리,0,2006-07-01
5011025625,제주특별자치도,제주시,구좌읍,송당리,0,2006-07-01
5011025626,제주특별자치도,제주시,구좌읍,월정리,0,2006-07-01
5011025627,제주특별자치도,제주시,구좌읍,행원리,0,2006-07-01
5011025628,제주특별자치도,제주시,구좌읍,세화리,0,2006-07-01
5011025629,제주특별자치도,제주시,구좌읍,상도리,0,2006-07-01
5011025630,제주특별자치도,제주시,구좌읍,한동리,0,2006-07-01
5011025631,제주특별자치도,제주시,구좌읍,하도리,0,2006-07-01
5011025632,제주특별자치도,제주시,구좌읍,종달리,0,2006-07-01
5011025633,제주특별자치도,제주시,구좌읍,평대리,0,2006-07-01
5011025634,제주특별자치도,제주시,구좌읍,김녕리,0,2006-07-01
5011025900,제주특별자치도,제주시,조천읍,,0,2006-07-01
5011025921,제주특별자치도,제주시,조천읍,신촌리,0,2006-07-01
5011025922,제주특별자치도,제주시,조천읍,와흘리,0,2006-07-01
5011025923,제주특별자치도,제주시,조천읍,조천리,0,2006-07-01
5011025924,제주특별자치도,제주시,조천읍,함덕리,0,2006-07-01
5011025925,제주특별자치도,제주시,조천읍,신흥리,0,2006-07-01
5011025926,제주특별자치도,제주시,조천읍,대흘리,0,2006-07-01
5011025927,제주특별자치도,제주시,조천읍,북촌리,0,2006-07-01
5011025928,제주특별자치도,제주시,조천읍,와산리,0,2006-07-01
5011025929,제주특별자치도,제주시,조천읍,교래리,0,2006-07-01
5011025930,제주특별자치도,제주시,조천읍,선흘리,0,2006-07-01
5011031000,제주특별자치도,제주시,한경면,,0,2006-07-01
5011031021,제주특별자치도,제주시,한경면,청수리,0,2006-07-01
5011031022,제주특별자치도,제주시,한경면,용수리,0,2006-07-01
5011031023,제주특별자치도,제주시,한경면,고산리,0,2006-07-01
5011031024,제주특별자치도,제주시,한경면,판포리,0,2006-07-01
5011031025,제주특별자치도,제주시,한경면,금등리,0,2006-07-01
5011031026,제주특별자치도,제주시,한경면,조수리,0,2006-07-01
5011031027,제주특별자치도,제주시,한경면,두모리,0,2006-07-01
5011031028,제주특별자치도,제주시,한경면,신창리,0,2006-07-01
5011031029,제주특별자치도,제주시,한경면,낙천리,0,2006-07-01
5011031030,제주특별자치도,제주시,한경면,저지리,0,2006-07-01
5011031031,제주특별자치도,제주시,한경면,산양리,0,2006-07-01
5011031032,제주특별자치도,제주시,한경면,한원리,0,2006-07-01
5011031033,제주특별자치도,제주시,한경면,용당리,0,2006-07-01
5011032000,제주특별자치도,제주시,추자면,,0,2006-07-01
5011032021,제주특별자치도,제주시,추자면,대서리,0,2006-07-01
5011032022,제주특별자치도,제주시,추자면,영흥리,0,2006-07-01
5011032023,제주특별자치도,제주시,추자면,묵리,0,2006-07-01
5011032024,제주특별자치도,제주시,추자면,예초리,0,2006-07-01
5011032025,제주특별자치도,제주시,추자면,신양리,0,2006-07-01
5011033000,제주특별자치도,제주시,우도면,,0,2006-07-01
5011033021,제주특별자치도,제주시,우도면,연평리,0,2006-07-01
5011033022,제주특별자치도,제주시,우도면,서광리,0,2006-07-01
5011033023,제주특별자치도,제주시,우도면,천진리,0,2006-07-01
5011033024,제주특별자치도,제주시,우도면,조일리,0,2006-07-01
5011033025,제주특별자치도,제주시,우도면,오봉리,0,2006-07-01
5013000000,제주특별자치도,서귀포시,,,0,2006-07-01
5013010100,제주특별자치도,서귀포시,서귀동,,0,2006-07-01
5013010200,제주특별자치도,서귀포시,법환동,,0,2006-07-01
5013010300,제주특별자치도,서귀포시,서호동,,0,2006-07-01
5013010400,제주특별자치도,서귀포시,호근동,,0,2006-07-01
5013010500,제주특별자치도,서귀포시,동홍동,,0,2006-07-01
5013010600,제주특별자치도,서귀포시,서홍동,,0,2006-07-01
5013010700,제주특별자치도,서귀포시,상효동,,0,2006-07-01
5013010800,제주특별자치도,서귀포시,하효동,,0,2006-07-01
5013010900,제주특별자치도,서귀포시,신효동,,0,2006-07-01
5013011000,제주특별자치도,서귀포시,보목동,,0,2006-07-01
5013011100,제주특별자치도,서귀포시,토평동,,0,2006-07-01
5013011200,제주특별자치도,서귀포시,중문동,,0,2006-07-01
5013011300,제주특별자치도,서귀포시,회수동,,0,2006-07-01
5013011400,제주특별자치도,서귀포시,대포동,,0,2006-07-01
5013011500,제주특별자치도,서귀포시,월평동,,0,2006-07-01
5013011600,제주특별자치도,서귀포시,강정동,,0,2006-07-01
5013011700,제주특별자치도,서귀포시,도순동,,0,2006-07-01
5013011800,제주특별자치도,서귀포시,하원동,,0,2006-07-01
5013011900,제주특별자치도,서귀포시,색달동,,0,2006-07-01
5013012000,제주특별자치도,서귀포시,상예동,,0,2006-07-01
5013012100,제주특별자치도,서귀포시,하예동,,0,2006-07-01
5013012200,제주특별자치도,서귀포시,영남동,,0,2006-07-01
5013025000,제주특별자치도,서귀포시,대정읍,,0,2006-07-01
5013025021,제주특별자치도,서귀포시,대정읍,상모리,0,2006-07-01
5013025022,제주특별자치도,서귀포시,대정읍,하모리,0,2006-07-01
5013025023,제주특별자치도,서귀포시,대정읍,안성리,0,2006-07-01
5013025024,제주특별자치도,서귀포시,대정읍,인성리,0,2006-07-01
5013025025,제주특별자치도,서귀포시,대정읍,일과리,0,2006-07-01
5013025026,제주특별자치도,서귀포시,대정읍,가파리,0,2006-07-01
5013025027,제주특별자치도,서귀포시,대정읍,신평리,0,2006-07-01
5013025028,제주특별자치도,서귀포시,대정읍,동일리,0,2006-07-01
5013025029,제주특별자치도,서귀포시,대정읍,보성리,0,2006-07-01
5013025030,제주특별자치도,서귀포시,대정읍,구억리,0,2006-07-01
5013025031,제주특별자치도,서귀포시,대정읍,무릉리,0,2006-07-01
5013025032,제주특별자치도,서귀포시,대정읍,영락리,0,2006-07-01
5013025033,제주특별자치도,서귀포시,대정읍,신도리,0,2006-07-01
5013025300,제주특별자치도,서귀포시,남원읍,,0,2006-07-01
5013025321,제주특별자치도,서귀포시,남원읍,남원리,0,2006-07-01
5013025322,제주특별자치도,서귀포시,남원읍,태흥리,0,2006-07-01
5013025323,제주특별자치도,서귀포시,남원읍,한남리,0,2006-07-01
5013025324,제주특별자치도,서귀포시,남원읍,수망리,0,2006-07-01
5013025325,제주특별자치도,서귀포시,남원읍,의귀리,0,2006-07-01
5013025326,제주특별자치도,서귀포시,남원읍,신흥리,0,2006-07-01
5013025327,제주특별자치도,서귀포시,남원읍,위미리,0,2006-07-01
5013025328,제주특별자치도,서귀포시,남원읍,하례리,0,2006-07-01
5013025329,제주특별자치도,서귀포시,남원읍,신례리,0,2006-07-01
5013025900,제주특별자치도,서귀포시,성산읍,,0,2006-07-01
5013025901,제주특별자치도,서귀포시,성산읍,신양리,0,2006-07-01
5013025921,제주특별자치도,서귀포시,성산읍,성산리,0,2006-07-01
5013025922,제주특별자치도,서귀포시,성산읍,오조리,0,2006-07-01
5013025923,제주특별자치도,서귀포시,성산읍,시흥리,0,2006-07-01
5013025924,제주특별자치도,서귀포시,성산읍,고성리,0,2006-07-01
5013025925,제주특별자치도,서귀포시,성산읍,수산리,0,2006-07-01
5013025926,제주특별자치도,서귀포시,성산읍,온평리,0,2006-07-01
5013025927,제주특별자치도,서귀포시,성산읍,신산리,0,2006-07-01
5013025928,제주특별자치도,서귀포시,성산읍,삼달리,0,2006-07-01
5013025929,제주특별자치도,서귀포시,성산읍,신풍리,0,2006-07-01
5013025930,제주특별자치도,서귀포시,성산읍,신천리,0,2006-07-01
5013025931,제주특별자치도,서귀포시,성산읍,난산리,0,2006-07-01
5013031000,제주특별자치도,서귀포시,안덕면,,0,2006-07-01
5013031001,제주특별자치도,서귀포시,안덕면,대평리,0,2006-07-01
5013031021,제주특별자치도,서귀포시,안덕면,화순리,0,2006-07-01
5013031022,제주특별자치도,서귀포시,안덕면,창천리,0,2006-07-01
5013031023,제주특별자치도,서귀포시,안덕면,감산리,0,2006-07-01
5013031024,제주특별자치도,서귀포시,안덕면,상창리,0,2006-07-01
5013031025,제주특별자치도,서귀포시,안덕면,사계리,0,2006-07-01
5013031026,제주특별자치도,서귀포시,안덕면,덕수리,0,2006-07-01
5013031027,제주특별자치도,서귀포시,안덕면,서광리,0,2006-07-01
5013031028,제주특별자치도,서귀포시,안덕면,동광리,0,2006-07-01
5013031029,제주특별자치도,서귀포시,안덕면,광평리,0,2006-07-01
5013031030,제주특별자치도,서귀포시,안덕면,상천리,0,2006-07-01
5013032000,제주특별자치도,서귀포시,표선면,,0,2006-07-01
5013032021,제주특별자치도,서귀포시,표선면,표선리,0,2006-07-01
5013032022,제주특별자치도,서귀포시,표선면,하천리,0,2006-07-01
5013032023,제주특별자치도,서귀포시,표선면,성읍리,0,2006-07-01
5013032024,제주특별자치도,서귀포시,표선면,가시리,0,2006-07-01
5013032025,제주특별자치도,서귀포시,표선면,세화리,0,2006-07-01
5013032026,제주특별자치도,서귀포시,표선면,토산리,0,2006-07-01
5100000000,강원특별자치도,,,,9,2023-06-09
5111000000,강원특별자치도,춘천시,,,1,2023-06-09
5111010100,강원특별자치도,춘천시,봉의동,,1,2023-06-09
5111010200,강원특별자치도,춘천시,요선동,,2,2023-06-09
5111010300,강원특별자치도,춘천시,낙원동,,3,2023-06-09
5111010400,강원특별자치도,춘천시,중앙로1가,,4,2023-06-09
5111010500,강원특별자치도,춘천시,중앙로2가,,5,2023-06-09
5111010600,강원특별자치도,춘천시,중앙로3가,,6,2023-06-09
5111010700,강원특별자치도,춘천시,옥천동,,7,2023-06-09
5111010800,강원특별자치도,춘천시,조양동,,8,2023-06-09
5111010900,강원특별자치도,춘천시,죽림동,,9,2023-06-09
5111011000,강원특별자치도,춘천시,운교동,,10,2023-06-09
5111011100,강원특별자치도,춘천시,약사동,,11,2023-06-09
5111011200,강원특별자치도,춘천시,효자동,,12,2023-06-09
5111011300,강원특별자치도,춘천시,소양로1가,,13,2023-06-09
5111011400,강원특별자치도,춘천시,소양로2가,,14,2023-06-09
5111011500,강원특별자치도,춘천시,소양로3가,,15,2023-06-09
5111011600,강원특별자치도,춘천시,소양로4가,,16,2023-06-09
5111011700,강원특별자치도,춘천시,근화동,,17,2023-06-09
5111011800,강원특별자치도,춘천시,우두동,,18,2023-06-09
5111011900,강원특별자치도,춘천시,사농동,,19,2023-06-09
5111012000,강원특별자치도,춘천시,후평동,,20,2023-06-09
5111012100,강원특별자치도,춘천시,온의동,,21,2023-06-09
5111012200,강원특별자치도,춘천시,교동,,22,2023-06-09
5111012300,강원특별자치도,춘천시,퇴계동,,23,2023-06-09
5111012400,강원특별자치도,춘천시,석사동,,24,2023-06-09
5111012500,강원특별자치도,춘천시,삼천동,,25,2023-06-09
5111012600,강원특별자치도,춘천시,칠전동,,26,2023-06-09
5111012700,강원특별자치도,춘천시,송암동,,27,2023-06-09
5111012800,강원특별자치도,춘천시,신동,,28,2023-06-09
5111012900,강원특별자치도,춘천시,중도동,,29,2023-06-09
5111025000,강원특별자치도,춘천시,신북읍,,30,2023-06-09
5111025021,강원특별자치도,춘천시,신북읍,율문리,1,2023-06-09
5111025022,강원특별자치도,춘천시,신북읍,천전리,2,2023-06-09
5111025023,강원특별자치도,춘천시,신북읍,유포리,3,2023-06-09
5111025024,강원특별자치도,춘천시,신북읍,산천리,4,2023-06-09
5111025025,강원특별자치도,춘천시,신북읍,발산리,5,2023-06-09
5111025026,강원특별자치도,춘천시,신북읍,지내리,6,2023-06-09
5111025027,강원특별자치도,춘천시,신북읍,용산리,7,2023-06-09
5111031000,강원특별자치도,춘천시,동면,,31,2023-06-09
5111031021,강원특별자치도,춘천시,동면,지내리,1,2023-06-09
5111031022,강원특별자치도,춘천시,동면,만천리,2,2023-06-09
5111031023,강원특별자치도,춘천시,동면,장학리,3,2023-06-09
5111031024,강원특별자치도,춘천시,동면,감정리,4,2023-06-09
5111031025,강원특별자치도,춘천시,동면,월곡리,5,2023-06-09
5111031026,강원특별자치도,춘천시,동면,품안리,6,2023-06-09
5111031027,강원특별자치도,춘천시,동면,품걸리,7,2023-06-09
5111031028,강원특별자치도,춘천시,동면,신이리,8,2023-06-09
5111031029,강원특별자치도,춘천시,동면,평촌리,9,2023-06-09
5111031030,강원특별자치도,춘천시,동면,상걸리,10,2023-06-09
5111032000,강원특별자치도,춘천시,동산면,,32,2023-06-09
5111032021,강원특별자치도,춘천시,동산면,조양리,1,2023-06-09
5111032022,강원특별자치도,춘천시,동산면,봉명리,2,2023-06-09
5111032023,강원특별자치도,춘천시,동산면,원창리,3,2023-06-09
5111032024,강원특별자치도,춘천시,동산면,군자리,4,2023-06-09
5111033000,강원특별자치도,춘천시,신동면,,33,2023-06-09
5111033021,강원특별자치도,춘천시,신동면,의암리,1,2023-06-09
5111033022,강원특별자치도,춘천시,신동면,팔미리,2,2023-06-09
5111033023,강원특별자치도,춘천시,신동면,혈동리,3,2023-06-09
5111033024,강원특별자치도,춘천시,신동면,증리,4,2023-06-09
5111033025,강원특별자치도,춘천시,신동면,정족리,5,2023-06-09
5111034000,강원특별자치도,춘천시,남면,,34,2023-06-09
5111034021,강원특별자치도,춘천시,남면,관천리,1,2023-06-09
5111034022,강원특별자치도,춘천시,남면,박암리,2,2023-06-09
5111034023,강원특별자치도,춘천시,남면,가정리,3,2023-06-09
5111034024,강원특별자치도,춘천시,남면,발산리,4,2023-06-09
5111034025,강원특별자치도,춘천시,남면,후동리,5,2023-06-09
5111034026,강원특별자치도,춘천시,남면,추곡리,6,2023-06-09
5111034027,강원특별자치도,춘천시,남면,한덕리,7,2023-06-09
5111035000,강원특별자치도,춘천시,서면,,35,2023-06-09
5111035021,강원특별자치도,춘천시,서면,현암리,1,2023-06-09
5111035022,강원특별자치도,춘천시,서면,금산리,2,2023-06-09
5111035023,강원특별자치도,춘천시,서면,신매리,3,2023-06-09
5111035024,강원특별자치도,춘천시,서면,서상리,4,2023-06-09
5111035025,강원특별자치도,춘천시,서면,오월리,5,2023-06-09
5111035026,강원특별자치도,춘천시,서면,월송리,6,2023-06-09
5111035027,강원특별자치도,춘천시,서면,방동리,7,2023-06-09
5111035028,강원특별자치도,춘천시,서면,덕두원리,8,2023-06-09
5111035029,강원특별자치도,춘천시,서면,당림리,9,2023-06-09
5111035030,강원특별자치도,춘천시,서면,안보리,10,2023-06-09
5111036000,강원특별자치도,춘천시,사북면,,36,2023-06-09
5111036021,강원특별자치도,춘천시,사북면,신포리,1,2023-06-09
5111036022,강원특별자치도,춘천시,사북면,지촌리,2,2023-06-09
5111036023,강원특별자치도,춘천시,사북면,오탄리,3,2023-06-09
5111036024,강원특별자치도,춘천시,사북면,가일리,4,2023-06-09
5111036025,강원특별자치도,춘천시,사북면,원평리,5,2023-06-09
5111036026,강원특별자치도,춘천시,사북면,지암리,6,2023-06-09
5111036027,강원특별자치도,춘천시,사북면,고탄리,7,2023-06-09
5111036028,강원특별자치도,춘천시,사북면,고성리,8,2023-06-09
5111036029,강원특별자치도,춘천시,사북면,송암리,9,2023-06-09
5111036030,강원특별자치도,춘천시,사북면,인람리,10,2023-06-09
5111038000,강원특별자치도,춘천시,북산면,,37,2023-06-09
5111038021,강원특별자치도,춘천시,북산면,내평리,1,2023-06-09
5111038022,강원특별자치도,춘천시,북산면,청평리,2,2023-06-09
5111038023,강원특별자치도,춘천시,북산면,부귀리,3,2023-06-09
5111038024,강원특별자치도,춘천시,북산면,추곡리,4,2023-06-09
5111038025,강원특별자치도,춘천시,북산면,오항리,5,2023-06-09
5111038026,강원특별자치도,춘천시,북산면,물로리,6,2023-06-09
5111038027,강원특별자치도,춘천시,북산면,조교리,7,2023-06-09
5111038028,강원특별자치도,춘천시,북산면,대동리,8,2023-06-09
5111038029,강원특별자치도,춘천시,북산면,대곡리,9,2023-06-09
5111038030,강원특별자치도,춘천시,북산면,추전리,10,2023-06-09
5111039000,강원특별자치도,춘천시,동내면,,38,2023-06-09
5111039021,강원특별자치도,춘천시,동내면,거두리,1,2023-06-09
5111039022,강원특별자치도,춘천시,동내면,신촌리,2,2023-06-09
5111039023,강원특별자치도,춘천시,동내면,고은리,3,2023-06-09
5111039024,강원특별자치도,춘천시,동내면,사암리,4,2023-06-09
5111039025,강원특별자치도,춘천시,동내면,학곡리,5,2023-06-09
5111040000,강원특별자치도,춘천시,남산면,,39,2023-06-09
5111040022,강원특별자치도,춘천시,남산면,광판리,2,2023-06-09
5111040023,강원특별자치도,춘천시,남산면,행촌리,3,2023-06-09
5111040024,강원특별자치도,춘천시,남산면,수동리,4,2023-06-09
5111040025,강원특별자치도,춘천시,남산면,창촌리,5,2023-06-09
5111040026,강원특별자치도,춘천시,남산면,방곡리,6,2023-06-09
5111040027,강원특별자치도,춘천시,남산면,강촌리,7,2023-06-09
5111040028,강원특별자치도,춘천시,남산면,서천리,8,2023-06-09
5111040029,강원특별자치도,춘천시,남산면,백양리,9,2023-06-09
5111040030,강원특별자치도,춘천시,남산면,방하리,10,2023-06-09
5111040031,강원특별자치도,춘천시,남산면,산수리,0,2023-06-09
5113000000,강원특별자치도,원주시,,,2,2023-06-09
5113010100,강원특별자치도,원주시,중앙동,,1,2023-06-09
5113010200,강원특별자치도,원주시,평원동,,2,2023-06-09
5113010300,강원특별자치도,원주시,원동,,3,2023-06-09
5113010400,강원특별자치도,원주시,인동,,4,2023-06-09
5113010500,강원특별자치도,원주시,개운동,,5,2023-06-09
5113010600,강원특별자치도,원주시,명륜동,,6,2023-06-09
5113010700,강원특별자치도,원주시,단구동,,7,2023-06-09
5113010800,강원특별자치도,원주시,일산동,,8,2023-06-09
5113010900,강원특별자치도,원주시,학성동,,9,2023-06-09
5113011000,강원특별자치도,원주시,단계동,,10,2023-06-09
5113011100,강원특별자치도,원주시,우산동,,11,2023-06-09
5113011200,강원특별자치도,원주시,태장동,,12,2023-06-09
5113011300,강원특별자치도,원주시,봉산동,,13,2023-06-09
5113011400,강원특별자치도,원주시,행구동,,14,2023-06-09
5113011500,강원특별자치도,원주시,무실동,,15,2023-06-09
5113011600,강원특별자치도,원주시,관설동,,16,2023-06-09
5113011700,강원특별자치도,원주시,반곡동,,17,2023-06-09
5113011800,강원특별자치도,원주시,가현동,,18,2023-06-09
5113025000,강원특별자치도,원주시,문막읍,,19,2023-06-09
5113025021,강원특별자치도,원주시,문막읍,문막리,1,2023-06-09
5113025022,강원특별자치도,원주시,문막읍,동화리,2,2023-06-09
5113025023,강원특별자치도,원주시,문막읍,비두리,3,2023-06-09
5113025024,강원특별자치도,원주시,문막읍,취병리,4,2023-06-09
5113025025,강원특별자치도,원주시,문막읍,궁촌리,5,2023-06-09
5113025026,강원특별자치도,원주시,문막읍,건등리,6,2023-06-09
5113025027,강원특별자치도,원주시,문막읍,후용리,7,2023-06-09
5113025028,강원특별자치도,원주시,문막읍,포진리,8,2023-06-09
5113025029,강원특별자치도,원주시,문막읍,반계리,9,2023-06-09
5113025030,강원특별자치도,원주시,문막읍,대둔리,10,2023-06-09
5113031000,강원특별자치도,원주시,소초면,,20,2023-06-09
5113031021,강원특별자치도,원주시,소초면,평장리,1,2023-06-09
5113031022,강원특별자치도,원주시,소초면,의관리,2,2023-06-09
5113031023,강원특별자치도,원주시,소초면,장양리,3,2023-06-09
5113031024,강원특별자치도,원주시,소초면,흥양리,4,2023-06-09
5113031025,강원특별자치도,원주시,소초면,수암리,5,2023-06-09
5113031026,강원특별자치도,원주시,소초면,교항리,6,2023-06-09
5113031027,강원특별자치도,원주시,소초면,둔둔리,7,2023-06-09
5113031028,강원특별자치도,원주시,소초면,학곡리,8,2023-06-09
5113032000,강원특별자치도,원주시,호저면,,21,2023-06-09
5113032021,강원특별자치도,원주시,호저면,주산리,1,2023-06-09
5113032022,강원특별자치도,원주시,호저면,고산리,2,2023-06-09
5113032023,강원특별자치도,원주시,호저면,대덕리,3,2023-06-09
5113032024,강원특별자치도,원주시,호저면,광격리,4,2023-06-09
5113032025,강원특별자치도,원주시,호저면,만종리,5,2023-06-09
5113032026,강원특별자치도,원주시,호저면,옥산리,6,2023-06-09
5113032027,강원특별자치도,원주시,호저면,무장리,7,2023-06-09
5113032028,강원특별자치도,원주시,호저면,용곡리,8,2023-06-09
5113032029,강원특별자치도,원주시,호저면,산현리,9,2023-06-09
5113032030,강원특별자치도,원주시,호저면,매호리,10,2023-06-09
5113033000,강원특별자치도,원주시,지정면,,22,2023-06-09
5113033021,강원특별자치도,원주시,지정면,간현리,1,2023-06-09
5113033022,강원특별자치도,원주시,지정면,안창리,2,2023-06-09
5113033023,강원특별자치도,원주시,지정면,가곡리,3,2023-06-09
5113033024,강원특별자치도,원주시,지정면,판대리,4,2023-06-09
5113033025,강원특별자치도,원주시,지정면,신평리,5,2023-06-09
5113033026,강원특별자치도,원주시,지정면,월송리,6,2023-06-09
5113033027,강원특별자치도,원주시,지정면,보통리,7,2023-06-09
5113035000,강원특별자치도,원주시,부론면,,23,2023-06-09
5113035021,강원특별자치도,원주시,부론면,법천리,1,2023-06-09
5113035022,강원특별자치도,원주시,부론면,손곡리,2,2023-06-09
5113035023,강원특별자치도,원주시,부론면,정산리,3,2023-06-09
5113035024,강원특별자치도,원주시,부론면,흥호리,4,2023-06-09
5113035025,강원특별자치도,원주시,부론면,노림리,5,2023-06-09
5113035026,강원특별자치도,원주시,부론면,단강리,6,2023-06-09
5113036000,강원특별자치도,원주시,귀래면,,24,2023-06-09
5113036021,강원특별자치도,원주시,귀래면,운남리,1,2023-06-09
5113036022,강원특별자치도,원주시,귀래면,귀래리,2,2023-06-09
5113036023,강원특별자치도,원주시,귀래면,운계리,3,2023-06-09
5113036024,강원특별자치도,원주시,귀래면,주포리,4,2023-06-09
5113036025,강원특별자치도,원주시,귀래면,용암리,5,2023-06-09
5113037000,강원특별자치도,원주시,흥업면,,25,2023-06-09
5113037021,강원특별자치도,원주시,흥업면,흥업리,1,2023-06-09
5113037022,강원특별자치도,원주시,흥업면,매지리,2,2023-06-09
5113037023,강원특별자치도,원주시,흥업면,사제리,3,2023-06-09
5113037024,강원특별자치도,원주시,흥업면,대안리,4,2023-06-09
5113038000,강원특별자치도,원주시,판부면,,26,2023-06-09
5113038021,강원특별자치도,원주시,판부면,금대리,1,2023-06-09
5113038022,강원특별자치도,원주시,판부면,서곡리,2,2023-06-09
5113038023,강원특별자치도,원주시,판부면,신촌리,3,2023-06-09
5113039000,강원특별자치도,원주시,신림면,,27,2023-06-09
5113039021,강원특별자치도,원주시,신림면,신림리,1,2023-06-09
5113039022,강원특별자치도,원주시,신림면,금창리,2,2023-06-09
5113039023,강원특별자치도,원주시,신림면,구학리,3,2023-06-09
5113039024,강원특별자치도,원주시,신림면,용암리,4,2023-06-09
5113039025,강원특별자치도,원주시,신림면,성남리,5,2023-06-09
5113039026,강원특별자치도,원주시,신림면,황둔리,6,2023-06-09
5113039027,강원특별자치도,원주시,신림면,송계리,7,2023-06-09
5115000000,강원특별자치도,강릉시,,,3,2023-06-09
5115010100,강원특별자치도,강릉시,홍제동,,1,2023-06-09
5115010200,강원특별자치도,강릉시,남문동,,2,2023-06-09
5115010300,강원특별자치도,강릉시,명주동,,3,2023-06-09
5115010400,강원특별자치도,강릉시,성내동,,4,2023-06-09
5115010500,강원특별자치도,강릉시,임당동,,5,2023-06-09
5115010600,강원특별자치도,강릉시,금학동,,6,2023-06-09
5115010700,강원특별자치도,강릉시,용강동,,7,2023-06-09
5115010800,강원특별자치도,강릉시,성남동,,8,2023-06-09
5115010900,강원특별자치도,강릉시,옥천동,,9,2023-06-09
5115011000,강원특별자치도,강릉시,교동,,10,2023-06-09
5115011100,강원특별자치도,강릉시,포남동,,11,2023-06-09
5115011200,강원특별자치도,강릉시,초당동,,12,2023-06-09
5115011300,강원특별자치도,강릉시,강문동,,13,2023-06-09
5115011400,강원특별자치도,강릉시,송정동,,0,2023-06-09
5115011500,강원특별자치도,강릉시,견소동,,14,2023-06-09
5115011600,강원특별자치도,강릉시,내곡동,,15,2023-06-09
5115011700,강원특별자치도,강릉시,회산동,,16,2023-06-09
5115011800,강원특별자치도,강릉시,장현동,,17,2023-06-09
5115011900,강원특별자치도,강릉시,박월동,,18,2023-06-09
5115012000,강원특별자치도,강릉시,담산동,,19,2023-06-09
5115012100,강원특별자치도,강릉시,노암동,,20,2023-06-09
5115012200,강원특별자치도,강릉시,유산동,,21,2023-06-09
5115012300,강원특별자치도,강릉시,월호평동,,22,2023-06-09
5115012400,강원특별자치도,강릉시,신석동,,23,2023-06-09
5115012500,강원특별자치도,강릉시,입암동,,24,2023-06-09
5115012600,강원특별자치도,강릉시,청량동,,25,2023-06-09
5115012700,강원특별자치도,강릉시,두산동,,26,2023-06-09
5115012800,강원특별자치도,강릉시,학동,,27,2023-06-09
5115012900,강원특별자치도,강릉시,병산동,,28,2023-06-09
5115013000,강원특별자치도,강릉시,남항진동,,29,2023-06-09
5115013100,강원특별자치도,강릉시,유천동,,30,2023-06-09
5115013200,강원특별자치도,강릉시,지변동,,31,2023-06-09
5115013300,강원특별자치도,강릉시,죽헌동,,32,2023-06-09
5115013400,강원특별자치도,강릉시,대전동,,33,2023-06-09
5115013500,강원특별자치도,강릉시,운정동,,34,2023-06-09
5115013600,강원특별자치도,강릉시,난곡동,,35,2023-06-09
5115013700,강원특별자치도,강릉시,저동,,36,2023-06-09
5115013800,강원특별자치도,강릉시,안현동,,37,2023-06-09
5115013900,강원특별자치도,강릉시,운산동,,38,2023-06-09
5115025000,강원특별자치도,강릉시,주문진읍,,39,2023-06-09
5115025021,강원특별자치도,강릉시,주문진읍,주문리,1,2023-06-09
5115025022,강원특별자치도,강릉시,주문진읍,교항리,2,2023-06-09
5115025023,강원특별자치도,강릉시,주문진읍,장덕리,3,2023-06-09
5115025024,강원특별자치도,강릉시,주문진읍,삼교리,4,2023-06-09
5115025025,강원특별자치도,강릉시,주문진읍,향호리,5,2023-06-09
5115031000,강원특별자치도,강릉시,성산면,,40,2023-06-09
5115031021,강원특별자치도,강릉시,성산면,구산리,1,2023-06-09
5115031022,강원특별자치도,강릉시,성산면,관음리,2,2023-06-09
5115031023,강원특별자치도,강릉시,성산면,금산리,3,2023-06-09
5115031024,강원특별자치도,강릉시,성산면,위촌리,4,2023-06-09
5115031025,강원특별자치도,강릉시,성산면,송암리,5,2023-06-09
5115031026,강원특별자치도,강릉시,성산면,보광리,6,2023-06-09
5115031027,강원특별자치도,강릉시,성산면,어흘리,7,2023-06-09
5115031028,강원특별자치도,강릉시,성산면,오봉리,8,2023-06-09
5115031029,강원특별자치도,강릉시,성산면,산북리,9,2023-06-09
5115032000,강원특별자치도,강릉시,왕산면,,41,2023-06-09
5115032021,강원특별자치도,강릉시,왕산면,도마리,1,2023-06-09
5115032022,강원특별자치도,강릉시,왕산면,목계리,2,2023-06-09
5115032023,강원특별자치도,강릉시,왕산면,왕산리,3,2023-06-09
5115032024,강원특별자치도,강릉시,왕산면,고단리,4,2023-06-09
5115032025,강원특별자치도,강릉시,왕산면,송현리,5,2023-06-09
5115032026,강원특별자치도,강릉시,왕산면,대기리,6,2023-06-09
5115033000,강원특별자치도,강릉시,구정면,,42,2023-06-09
5115033021,강원특별자치도,강릉시,구정면,여찬리,1,2023-06-09
5115033022,강원특별자치도,강릉시,구정면,학산리,2,2023-06-09
5115033023,강원특별자치도,강릉시,구정면,구정리,3,2023-06-09
5115033024,강원특별자치도,강릉시,구정면,금광리,4,2023-06-09
5115033025,강원특별자치도,강릉시,구정면,어단리,5,2023-06-09
5115033026,강원특별자치도,강릉시,구정면,덕현리,6,2023-06-09
5115033027,강원특별자치도,강릉시,구정면,제비리,7,2023-06-09
5115034000,강원특별자치도,강릉시,강동면,,43,2023-06-09
5115034021,강원특별자치도,강릉시,강동면,상시동리,1,2023-06-09
5115034022,강원특별자치도,강릉시,강동면,모전리,2,2023-06-09
5115034023,강원특별자치도,강릉시,강동면,안인리,3,2023-06-09
5115034024,강원특별자치도,강릉시,강동면,안인진리,4,2023-06-09
5115034025,강원특별자치도,강릉시,강동면,임곡리,5,2023-06-09
5115034026,강원특별자치도,강릉시,강동면,하시동리,6,2023-06-09
5115034028,강원특별자치도,강릉시,강동면,정동진리,7,2023-06-09
5115034029,강원특별자치도,강릉시,강동면,심곡리,8,2023-06-09
5115034030,강원특별자치도,강릉시,강동면,산성우리,9,2023-06-09
5115034031,강원특별자치도,강릉시,강동면,언별리,10,2023-06-09
5115035000,강원특별자치도,강릉시,옥계면,,44,2023-06-09
5115035021,강원특별자치도,강릉시,옥계면,현내리,1,2023-06-09
5115035022,강원특별자치도,강릉시,옥계면,천남리,2,2023-06-09
5115035023,강원특별자치도,강릉시,옥계면,주수리,3,2023-06-09
5115035024,강원특별자치도,강릉시,옥계면,도직리,4,2023-06-09
5115035025,강원특별자치도,강릉시,옥계면,조산리,5,2023-06-09
5115035026,강원특별자치도,강릉시,옥계면,남양리,6,2023-06-09
5115035027,강원특별자치도,강릉시,옥계면,북동리,7,2023-06-09
5115035028,강원특별자치도,강릉시,옥계면,낙풍리,8,2023-06-09
5115035029,강원특별자치도,강릉시,옥계면,금진리,9,2023-06-09
5115035030,강원특별자치도,강릉시,옥계면,산계리,10,2023-06-09
5115036000,강원특별자치도,강릉시,사천면,,45,2023-06-09
5115036021,강원특별자치도,강릉시,사천면,미노리,1,2023-06-09
5115036022,강원특별자치도,강릉시,사천면,노동리,2,2023-06-09
5115036023,강원특별자치도,강릉시,사천면,석교리,3,2023-06-09
5115036024,강원특별자치도,강릉시,사천면,판교리,4,2023-06-09
5115036025,강원특별자치도,강릉시,사천면,사천진리,5,2023-06-09
5115036026,강원특별자치도,강릉시,사천면,덕실리,6,2023-06-09
5115036027,강원특별자치도,강릉시,사천면,방동리,7,2023-06-09
5115036028,강원특별자치도,강릉시,사천면,산대월리,8,2023-06-09
5115036029,강원특별자치도,강릉시,사천면,사기막리,9,2023-06-09
5115037000,강원특별자치도,강릉시,연곡면,,46,2023-06-09
5115037021,강원특별자치도,강릉시,연곡면,방내리,1,2023-06-09
5115037022,강원특별자치도,강릉시,연곡면,영진리,2,2023-06-09
5115037023,강원특별자치도,강릉시,연곡면,동덕리,3,2023-06-09
5115037024,강원특별자치도,강릉시,연곡면,송림리,4,2023-06-09
5115037025,강원특별자치도,강릉시,연곡면,행정리,5,2023-06-09
5115037026,강원특별자치도,강릉시,연곡면,신왕리,6,2023-06-09
5115037027,강원특별자치도,강릉시,연곡면,유등리,7,2023-06-09
5115037028,강원특별자치도,강릉시,연곡면,삼산리,8,2023-06-09
5115037029,강원특별자치도,강릉시,연곡면,퇴곡리,9,2023-06-09
5117000000,강원특별자치도,동해시,,,4,2023-06-09
5117010100,강원특별자치도,동해시,천곡동,,1,2023-06-09
5117010200,강원특별자치도,동해시,평릉동,,2,2023-06-09
5117010300,강원특별자치도,동해시,송정동,,3,2023-06-09
5117010400,강원특별자치도,동해시,용정동,,4,2023-06-09
5117010500,강원특별자치도,동해시,지흥동,,5,2023-06-09
5117010600,강원특별자치도,동해시,효가동,,6,2023-06-09
5117010700,강원특별자치도,동해시,동회동,,7,2023-06-09
5117010800,강원특별자치도,동해시,나안동,,8,2023-06-09
5117010900,강원특별자치도,동해시,쇄운동,,9,2023-06-09
5117011000,강원특별자치도,동해시,부곡동,,10,2023-06-09
5117011100,강원특별자치도,동해시,발한동,,11,2023-06-09
5117011200,강원특별자치도,동해시,북평동,,12,2023-06-09
5117011300,강원특별자치도,동해시,구미동,,13,2023-06-09
5117011400,강원특별자치도,동해시,추암동,,14,2023-06-09
5117011500,강원특별자치도,동해시,구호동,,15,2023-06-09
5117011600,강원특별자치도,동해시,단봉동,,16,2023-06-09
5117011700,강원특별자치도,동해시,지가동,,17,2023-06-09
5117011800,강원특별자치도,동해시,이도동,,18,2023-06-09
5117011900,강원특별자치도,동해시,귀운동,,19,2023-06-09
5117012000,강원특별자치도,동해시,대구동,,20,2023-06-09
5117012100,강원특별자치도,동해시,호현동,,21,2023-06-09
5117012200,강원특별자치도,동해시,내동,,22,2023-06-09
5117012300,강원특별자치도,동해시,묵호진동,,23,2023-06-09
5117012400,강원특별자치도,동해시,삼화동,,24,2023-06-09
5117012500,강원특별자치도,동해시,이기동,,25,2023-06-09
5117012600,강원특별자치도,동해시,이로동,,26,2023-06-09
5117012700,강원특별자치도,동해시,어달동,,27,2023-06-09
5117012800,강원특별자치도,동해시,대진동,,28,2023-06-09
5117012900,강원특별자치도,동해시,망상동,,29,2023-06-09
5117013000,강원특별자치도,동해시,심곡동,,30,2023-06-09
5117013100,강원특별자치도,동해시,초구동,,31,2023-06-09
5117013200,강원특별자치도,동해시,괴란동,,32,2023-06-09
5117013300,강원특별자치도,동해시,만우동,,33,2023-06-09
5117013400,강원특별자치도,동해시,신흥동,,34,2023-06-09
5117013500,강원특별자치도,동해시,비천동,,35,2023-06-09
5117013600,강원특별자치도,동해시,달방동,,36,2023-06-09
5119000000,강원특별자치도,태백시,,,5,2023-06-09
5119010100,강원특별자치도,태백시,황지동,,1,2023-06-09
5119010200,강원특별자치도,태백시,장성동,,2,2023-06-09
5119010300,강원특별자치도,태백시,금천동,,3,2023-06-09
5119010400,강원특별자치도,태백시,철암동,,4,2023-06-09
5119010500,강원특별자치도,태백시,문곡동,,5,2023-06-09
5119010600,강원특별자치도,태백시,동점동,,6,2023-06-09
5119010700,강원특별자치도,태백시,소도동,,7,2023-06-09
5119010800,강원특별자치도,태백시,혈동,,8,2023-06-09
5119010900,강원특별자치도,태백시,화전동,,9,2023-06-09
5119011000,강원특별자치도,태백시,적각동,,10,2023-06-09
5119011100,강원특별자치도,태백시,창죽동,,11,2023-06-09
5119011200,강원특별자치도,태백시,통동,,12,2023-06-09
5119011300,강원특별자치도,태백시,백산동,,13,2023-06-09
5119011400,강원특별자치도,태백시,원동,,14,2023-06-09
5119011500,강원특별자치도,태백시,상사미동,,15,2023-06-09
5119011600,강원특별자치도,태백시,하사미동,,16,2023-06-09
5119011700,강원특별자치도,태백시,조탄동,,17,2023-06-09
5121000000,강원특별자치도,속초시,,,6,2023-06-09
5121010100,강원특별자치도,속초시,영랑동,,1,2023-06-09
5121010200,강원특별자치도,속초시,동명동,,2,2023-06-09
5121010300,강원특별자치도,속초시,중앙동,,3,2023-06-09
5121010400,강원특별자치도,속초시,금호동,,4,2023-06-09
5121010500,강원특별자치도,속초시,청학동,,5,2023-06-09
5121010600,강원특별자치도,속초시,교동,,6,2023-06-09
5121010700,강원특별자치도,속초시,노학동,,7,2023-06-09
5121010800,강원특별자치도,속초시,조양동,,8,2023-06-09
5121010900,강원특별자치도,속초시,청호동,,9,2023-06-09
5121011000,강원특별자치도,속초시,대포동,,10,2023-06-09
5121011100,강원특별자치도,속초시,도문동,,11,2023-06-09
5121011200,강원특별자치도,속초시,설악동,,12,2023-06-09
5121011300,강원특별자치도,속초시,장사동,,13,2023-06-09
5123000000,강원특별자치도,삼척시,,,7,2023-06-09
5123010100,강원특별자치도,삼척시,성내동,,1,2023-06-09
5123010200,강원특별자치도,삼척시,성북동,,2,2023-06-09
5123010300,강원특별자치도,삼척시,읍상동,,3,2023-06-09
5123010400,강원특별자치도,삼척시,읍중동,,4,2023-06-09
5123010500,강원특별자치도,삼척시,당저동,,5,2023-06-09
5123010600,강원특별자치도,삼척시,교동,,6,2023-06-09
5123010700,강원특별자치도,삼척시,갈천동,,7,2023-06-09
5123010800,강원특별자치도,삼척시,증산동,,8,2023-06-09
5123010900,강원특별자치도,삼척시,우지동,,9,2023-06-09
5123011000,강원특별자치도,삼척시,마달동,,10,2023-06-09
5123011100,강원특별자치도,삼척시,자원동,,11,2023-06-09
5123011200,강원특별자치도,삼척시,평전동,,12,2023-06-09
5123011300,강원특별자치도,삼척시,등봉동,,13,2023-06-09
5123011400,강원특별자치도,삼척시,도경동,,14,2023-06-09
5123011500,강원특별자치도,삼척시,마평동,,15,2023-06-09
5123011600,강원특별자치도,삼척시,오사동,,16,2023-06-09
5123011700,강원특별자치도,삼척시,건지동,,17,2023-06-09
5123011800,강원특별자치도,삼척시,원당동,,18,2023-06-09
5123011900,강원특별자치도,삼척시,성남동,,19,2023-06-09
5123012000,강원특별자치도,삼척시,남양동,,20,2023-06-09
5123012100,강원특별자치도,삼척시,사직동,,21,2023-06-09
5123012200,강원특별자치도,삼척시,오분동,,22,2023-06-09
5123012300,강원특별자치도,삼척시,적노동,,23,2023-06-09
5123012400,강원특별자치도,삼척시,조비동,,24,2023-06-09
5123012500,강원특별자치도,삼척시,정상동,,25,2023-06-09
5123012600,강원특별자치도,삼척시,정하동,,26,2023-06-09
5123012700,강원특별자치도,삼척시,근산동,,27,2023-06-09
5123025000,강원특별자치도,삼척시,도계읍,,28,2023-06-09
5123025021,강원특별자치도,삼척시,도계읍,발이리,1,2023-06-09
5123025022,강원특별자치도,삼척시,도계읍,차구리,2,2023-06-09
5123025023,강원특별자치도,삼척시,도계읍,고사리,3,2023-06-09
5123025024,강원특별자치도,삼척시,도계읍,산기리,4,2023-06-09
5123025025,강원특별자치도,삼척시,도계읍,무건리,5,2023-06-09
5123025026,강원특별자치도,삼척시,도계읍,한내리,6,2023-06-09
5123025027,강원특별자치도,삼척시,도계읍,늑구리,7,2023-06-09
5123025028,강원특별자치도,삼척시,도계읍,점리,8,2023-06-09
5123025029,강원특별자치도,삼척시,도계읍,마교리,9,2023-06-09
5123025030,강원특별자치도,삼척시,도계읍,도계리,10,2023-06-09
5123025031,강원특별자치도,삼척시,도계읍,상덕리,11,2023-06-09
5123025032,강원특별자치도,삼척시,도계읍,황조리,12,2023-06-09
5123025033,강원특별자치도,삼척시,도계읍,전두리,13,2023-06-09
5123025034,강원특별자치도,삼척시,도계읍,흥전리,14,2023-06-09
5123025035,강원특별자치도,삼척시,도계읍,심포리,15,2023-06-09
5123025036,강원특별자치도,삼척시,도계읍,구사리,16,2023-06-09
5123025037,강원특별자치도,삼척시,도계읍,신리,17,2023-06-09
5123025300,강원특별자치도,삼척시,원덕읍,,29,2023-06-09
5123025321,강원특별자치도,삼척시,원덕읍,갈남리,1,2023-06-09
5123025322,강원특별자치도,삼척시,원덕읍,임원리,2,2023-06-09
5123025323,강원특별자치도,삼척시,원덕읍,노곡리,3,2023-06-09
5123025324,강원특별자치도,삼척시,원덕읍,이천리,4,2023-06-09
5123025325,강원특별자치도,삼척시,원덕읍,옥원리,5,2023-06-09
5123025326,강원특별자치도,삼척시,원덕읍,호산리,6,2023-06-09
5123025327,강원특별자치도,삼척시,원덕읍,월천리,7,2023-06-09
5123025328,강원특별자치도,삼척시,원덕읍,노경리,8,2023-06-09
5123025330,강원특별자치도,삼척시,원덕읍,사곡리,9,2023-06-09
5123025331,강원특별자치도,삼척시,원덕읍,기곡리,10,2023-06-09
5123025332,강원특별자치도,삼척시,원덕읍,산양리,11,2023-06-09
5123031000,강원특별자치도,삼척시,근덕면,,30,2023-06-09
5123031021,강원특별자치도,삼척시,근덕면,상맹방리,1,2023-06-09
5123031022,강원특별자치도,삼척시,근덕면,하맹방리,2,2023-06-09
5123031023,강원특별자치도,삼척시,근덕면,금계리,3,2023-06-09
5123031024,강원특별자치도,삼척시,근덕면,교가리,4,2023-06-09
5123031025,강원특별자치도,삼척시,근덕면,교곡리,5,2023-06-09
5123031026,강원특별자치도,삼척시,근덕면,덕산리,6,2023-06-09
5123031027,강원특별자치도,삼척시,근덕면,부남리,7,2023-06-09
5123031028,강원특별자치도,삼척시,근덕면,광태리,8,2023-06-09
5123031029,강원특별자치도,삼척시,근덕면,동막리,9,2023-06-09
5123031030,강원특별자치도,삼척시,근덕면,궁촌리,10,2023-06-09
5123031031,강원특별자치도,삼척시,근덕면,매원리,11,2023-06-09
5123031032,강원특별자치도,삼척시,근덕면,초곡리,12,2023-06-09
5123031033,강원특별자치도,삼척시,근덕면,용화리,13,2023-06-09
5123031034,강원특별자치도,삼척시,근덕면,장호리,14,2023-06-09
5123032000,강원특별자치도,삼척시,하장면,,31,2023-06-09
5123032021,강원특별자치도,삼척시,하장면,중봉리,1,2023-06-09
5123032022,강원특별자치도,삼척시,하장면,번천리,2,2023-06-09
5123032023,강원특별자치도,삼척시,하장면,숙암리,3,2023-06-09
5123032024,강원특별자치도,삼척시,하장면,광동리,4,2023-06-09
5123032025,강원특별자치도,삼척시,하장면,장전리,5,2023-06-09
5123032026,강원특별자치도,삼척시,하장면,추동리,6,2023-06-09
5123032027,강원특별자치도,삼척시,하장면,한소리,7,2023-06-09
5123032028,강원특별자치도,삼척시,하장면,토산리,8,2023-06-09
5123032029,강원특별자치도,삼척시,하장면,갈전리,9,2023-06-09
5123032030,강원특별자치도,삼척시,하장면,공전리,10,2023-06-09
5123032031,강원특별자치도,삼척시,하장면,둔전리,11,2023-06-09
5123032032,강원특별자치도,삼척시,하장면,역둔리,12,2023-06-09
5123032033,강원특별자치도,삼척시,하장면,대전리,13,2023-06-09
5123032034,강원특별자치도,삼척시,하장면,어리,14,2023-06-09
5123032035,강원특별자치도,삼척시,하장면,판문리,15,2023-06-09
5123032036,강원특별자치도,삼척시,하장면,용연리,16,2023-06-09
5123033000,강원특별자치도,삼척시,노곡면,,32,2023-06-09
5123033021,강원특별자치도,삼척시,노곡면,여삼리,1,2023-06-09
5123033022,강원특별자치도,삼척시,노곡면,상천기리,2,2023-06-09
5123033023,강원특별자치도,삼척시,노곡면,하반천리,3,2023-06-09
5123033024,강원특별자치도,삼척시,노곡면,상반천리,4,2023-06-09
5123033025,강원특별자치도,삼척시,노곡면,우발리,5,2023-06-09
5123033026,강원특별자치도,삼척시,노곡면,고자리,6,2023-06-09
5123033027,강원특별자치도,삼척시,노곡면,하월산리,7,2023-06-09
5123033028,강원특별자치도,삼척시,노곡면,개산리,8,2023-06-09
5123033029,강원특별자치도,삼척시,노곡면,상월산리,9,2023-06-09
5123033030,강원특별자치도,삼척시,노곡면,하군천리,10,2023-06-09
5123033031,강원특별자치도,삼척시,노곡면,상군천리,11,2023-06-09
5123033032,강원특별자치도,삼척시,노곡면,둔달리,12,2023-06-09
5123033033,강원특별자치도,삼척시,노곡면,주지리,13,2023-06-09
5123033034,강원특별자치도,삼척시,노곡면,하마읍리,14,2023-06-09
5123033035,강원특별자치도,삼척시,노곡면,중마읍리,15,2023-06-09
5123033036,강원특별자치도,삼척시,노곡면,상마읍리,16,2023-06-09
5123034000,강원특별자치도,삼척시,미로면,,33,2023-06-09
5123034021,강원특별자치도,삼척시,미로면,무사리,1,2023-06-09
5123034022,강원특별자치도,삼척시,미로면,사둔리,2,2023-06-09
5123034023,강원특별자치도,삼척시,미로면,하거노리,3,2023-06-09
5123034024,강원특별자치도,삼척시,미로면,상거노리,4,2023-06-09
5123034025,강원특별자치도,삼척시,미로면,상정리,5,2023-06-09
5123034026,강원특별자치도,삼척시,미로면,하정리,6,2023-06-09
5123034027,강원특별자치도,삼척시,미로면,천기리,7,2023-06-09
5123034028,강원특별자치도,삼척시,미로면,활기리,8,2023-06-09
5123034029,강원특별자치도,삼척시,미로면,하사전리,9,2023-06-09
5123034030,강원특별자치도,삼척시,미로면,동산리,10,2023-06-09
5123034031,강원특별자치도,삼척시,미로면,상사전리,11,2023-06-09
5123034032,강원특별자치도,삼척시,미로면,삼거리,12,2023-06-09
5123034033,강원특별자치도,삼척시,미로면,고천리,13,2023-06-09
5123034034,강원특별자치도,삼척시,미로면,내미로리,14,2023-06-09
5123035000,강원특별자치도,삼척시,가곡면,,34,2023-06-09
5123035021,강원특별자치도,삼척시,가곡면,오목리,1,2023-06-09
5123035022,강원특별자치도,삼척시,가곡면,탕곡리,2,2023-06-09
5123035023,강원특별자치도,삼척시,가곡면,오저리,3,2023-06-09
5123035024,강원특별자치도,삼척시,가곡면,풍곡리,4,2023-06-09
5123035025,강원특별자치도,삼척시,가곡면,동활리,5,2023-06-09
5123036000,강원특별자치도,삼척시,신기면,,35,2023-06-09
5123036021,강원특별자치도,삼척시,신기면,신기리,1,2023-06-09
5123036022,강원특별자치도,삼척시,신기면,서하리,2,2023-06-09
5123036023,강원특별자치도,삼척시,신기면,고무릉리,3,2023-06-09
5123036024,강원특별자치도,삼척시,신기면,대이리,4,2023-06-09
5123036025,강원특별자치도,삼척시,신기면,대기리,5,2023-06-09
5123036026,강원특별자치도,삼척시,신기면,안의리,6,2023-06-09
5123036027,강원특별자치도,삼척시,신기면,대평리,7,2023-06-09
5123036028,강원특별자치도,삼척시,신기면,마차리,8,2023-06-09
5172000000,강원특별자치도,홍천군,,,8,2023-06-09
5172025000,강원특별자치도,홍천군,홍천읍,,1,2023-06-09
5172025021,강원특별자치도,홍천군,홍천읍,진리,1,2023-06-09
5172025022,강원특별자치도,홍천군,홍천읍,신장대리,2,2023-06-09
5172025023,강원특별자치도,홍천군,홍천읍,희망리,3,2023-06-09
5172025024,강원특별자치도,홍천군,홍천읍,갈마곡리,4,2023-06-09
5172025025,강원특별자치도,홍천군,홍천읍,검율리,5,2023-06-09
5172025026,강원특별자치도,홍천군,홍천읍,와동리,6,2023-06-09
5172025027,강원특별자치도,홍천군,홍천읍,결운리,7,2023-06-09
5172025028,강원특별자치도,홍천군,홍천읍,태학리,8,2023-06-09
5172025029,강원특별자치도,홍천군,홍천읍,연봉리,9,2023-06-09
5172025030,강원특별자치도,홍천군,홍천읍,하오안리,10,2023-06-09
5172025031,강원특별자치도,홍천군,홍천읍,장전평리,11,2023-06-09
5172025032,강원특별자치도,홍천군,홍천읍,삼마치리,12,2023-06-09
5172025033,강원특별자치도,홍천군,홍천읍,상오안리,13,2023-06-09
5172031000,강원특별자치도,홍천군,화촌면,,2,2023-06-09
5172031021,강원특별자치도,홍천군,화촌면,송정리,1,2023-06-09
5172031022,강원특별자치도,홍천군,화촌면,내삼포리,2,2023-06-09
5172031023,강원특별자치도,홍천군,화촌면,성산리,3,2023-06-09
5172031024,강원특별자치도,홍천군,화촌면,야시대리,4,2023-06-09
5172031025,강원특별자치도,홍천군,화촌면,주음치리,5,2023-06-09
5172031026,강원특별자치도,홍천군,화촌면,군업리,6,2023-06-09
5172031027,강원특별자치도,홍천군,화촌면,장평리,7,2023-06-09
5172031028,강원특별자치도,홍천군,화촌면,굴운리,8,2023-06-09
5172031029,강원특별자치도,홍천군,화촌면,구성포리,9,2023-06-09
5172031030,강원특별자치도,홍천군,화촌면,풍천리,10,2023-06-09
5172031031,강원특별자치도,홍천군,화촌면,외삼포리,11,2023-06-09
5172032000,강원특별자치도,홍천군,두촌면,,3,2023-06-09
5172032021,강원특별자치도,홍천군,두촌면,철정리,1,2023-06-09
5172032022,강원특별자치도,홍천군,두촌면,역내리,2,2023-06-09
5172032023,강원특별자치도,홍천군,두촌면,천현리,3,2023-06-09
5172032024,강원특별자치도,홍천군,두촌면,자은리,4,2023-06-09
5172032025,강원특별자치도,홍천군,두촌면,원동리,5,2023-06-09
5172032026,강원특별자치도,홍천군,두촌면,장남리,6,2023-06-09
5172032027,강원특별자치도,홍천군,두촌면,괘석리,7,2023-06-09
5172033000,강원특별자치도,홍천군,내촌면,,4,2023-06-09
5172033021,강원특별자치도,홍천군,내촌면,물걸리,1,2023-06-09
5172033022,강원특별자치도,홍천군,내촌면,와야리,2,2023-06-09
5172033023,강원특별자치도,홍천군,내촌면,서곡리,3,2023-06-09
5172033024,강원특별자치도,홍천군,내촌면,도관리,4,2023-06-09
5172033025,강원특별자치도,홍천군,내촌면,답풍리,5,2023-06-09
5172033026,강원특별자치도,홍천군,내촌면,화상대리,6,2023-06-09
5172033027,강원특별자치도,홍천군,내촌면,문현리,7,2023-06-09
5172033028,강원특별자치도,홍천군,내촌면,광암리,8,2023-06-09
5172034000,강원특별자치도,홍천군,서석면,,5,2023-06-09
5172034021,강원특별자치도,홍천군,서석면,풍암리,1,2023-06-09
5172034022,강원특별자치도,홍천군,서석면,검산리,2,2023-06-09
5172034023,강원특별자치도,홍천군,서석면,생곡리,3,2023-06-09
5172034024,강원특별자치도,홍천군,서석면,상군두리,4,2023-06-09
5172034025,강원특별자치도,홍천군,서석면,하군두리,5,2023-06-09
5172034026,강원특별자치도,홍천군,서석면,청량리,6,2023-06-09
5172034027,강원특별자치도,홍천군,서석면,어론리,7,2023-06-09
5172034028,강원특별자치도,홍천군,서석면,수하리,8,2023-06-09
5172035200,강원특별자치도,홍천군,영귀미면,,6,2023-06-09
5172035221,강원특별자치도,홍천군,영귀미면,속초리,1,2023-06-09
5172035222,강원특별자치도,홍천군,영귀미면,신봉리,2,2023-06-09
5172035223,강원특별자치도,홍천군,영귀미면,덕치리,3,2023-06-09
5172035224,강원특별자치도,홍천군,영귀미면,성수리,4,2023-06-09
5172035225,강원특별자치도,홍천군,영귀미면,삼현리,5,2023-06-09
5172035226,강원특별자치도,홍천군,영귀미면,방량리,6,2023-06-09
5172035227,강원특별자치도,홍천군,영귀미면,월운리,7,2023-06-09
5172035228,강원특별자치도,홍천군,영귀미면,후동리,8,2023-06-09
5172035229,강원특별자치도,홍천군,영귀미면,개운리,9,2023-06-09
5172035230,강원특별자치도,홍천군,영귀미면,노천리,10,2023-06-09
5172035231,강원특별자치도,홍천군,영귀미면,좌운리,11,2023-06-09
5172036000,강원특별자치도,홍천군,남면,,7,2023-06-09
5172036021,강원특별자치도,홍천군,남면,양덕원리,1,2023-06-09
5172036022,강원특별자치도,홍천군,남면,유목정리,2,2023-06-09
5172036023,강원특별자치도,홍천군,남면,신대리,3,2023-06-09
5172036024,강원특별자치도,홍천군,남면,시동리,4,2023-06-09
5172036025,강원특별자치도,홍천군,남면,유치리,5,2023-06-09
5172036026,강원특별자치도,홍천군,남면,월천리,6,2023-06-09
5172036027,강원특별자치도,홍천군,남면,명동리,7,2023-06-09
5172036028,강원특별자치도,홍천군,남면,제곡리,8,2023-06-09
5172036029,강원특별자치도,홍천군,남면,용수리,9,2023-06-09
5172036030,강원특별자치도,홍천군,남면,남노일리,10,2023-06-09
5172036031,강원특별자치도,홍천군,남면,화전리,11,2023-06-09
5172037000,강원특별자치도,홍천군,서면,,8,2023-06-09
5172037021,강원특별자치도,홍천군,서면,반곡리,1,2023-06-09
5172037022,강원특별자치도,홍천군,서면,어유포리,2,2023-06-09
5172037023,강원특별자치도,홍천군,서면,팔봉리,3,2023-06-09
5172037024,강원특별자치도,홍천군,서면,굴업리,4,2023-06-09
5172037025,강원특별자치도,홍천군,서면,대곡리,5,2023-06-09
5172037026,강원특별자치도,홍천군,서면,중방대리,6,2023-06-09
5172037027,강원특별자치도,홍천군,서면,길곡리,7,2023-06-09
5172037028,강원특별자치도,홍천군,서면,동막리,8,2023-06-09
5172037029,강원특별자치도,홍천군,서면,모곡리,9,2023-06-09
5172037030,강원특별자치도,홍천군,서면,마곡리,10,2023-06-09
5172037031,강원특별자치도,홍천군,서면,개야리,11,2023-06-09
5172037032,강원특별자치도,홍천군,서면,두미리,12,2023-06-09
5172038000,강원특별자치도,홍천군,북방면,,9,2023-06-09
5172038021,강원특별자치도,홍천군,북방면,상화계리,1,2023-06-09
5172038022,강원특별자치도,홍천군,북방면,화동리,2,2023-06-09
5172038023,강원특별자치도,홍천군,북방면,중화계리,3,2023-06-09
5172038024,강원특별자치도,홍천군,북방면,성동리,4,2023-06-09
5172038025,강원특별자치도,홍천군,북방면,북방리,5,2023-06-09
5172038026,강원특별자치도,홍천군,북방면,능평리,6,2023-06-09
5172038027,강원특별자치도,홍천군,북방면,부사원리,7,2023-06-09
5172038028,강원특별자치도,홍천군,북방면,본궁리,8,2023-06-09
5172038029,강원특별자치도,홍천군,북방면,역전평리,9,2023-06-09
5172038030,강원특별자치도,홍천군,북방면,원소리,10,2023-06-09
5172038031,강원특별자치도,홍천군,북방면,구만리,11,2023-06-09
5172038032,강원특별자치도,홍천군,북방면,노일리,12,2023-06-09
5172038033,강원특별자치도,홍천군,북방면,장항리,13,2023-06-09
5172038034,강원특별자치도,홍천군,북방면,굴지리,14,2023-06-09
5172038035,강원특별자치도,홍천군,북방면,도사곡리,15,2023-06-09
5172038036,강원특별자치도,홍천군,북방면,소매곡리,16,2023-06-09
5172038037,강원특별자치도,홍천군,북방면,하화계리,17,2023-06-09
5172038038,강원특별자치도,홍천군,북방면,전치곡리,18,2023-06-09
5172039000,강원특별자치도,홍천군,내면,,10,2023-06-09
5172039021,강원특별자치도,홍천군,내면,창촌리,1,2023-06-09
5172039022,강원특별자치도,홍천군,내면,광원리,2,2023-06-09
5172039023,강원특별자치도,홍천군,내면,명개리,3,2023-06-09
5172039024,강원특별자치도,홍천군,내면,율전리,4,2023-06-09
5172039025,강원특별자치도,홍천군,내면,자운리,5,2023-06-09
5172039026,강원특별자치도,홍천군,내면,방내리,6,2023-06-09
5173000000,강원특별자치도,횡성군,,,9,2023-06-09
5173025000,강원특별자치도,횡성군,횡성읍,,1,2023-06-09
5173025021,강원특별자치도,횡성군,횡성읍,읍상리,1,2023-06-09
5173025022,강원특별자치도,횡성군,횡성읍,읍하리,2,2023-06-09
5173025023,강원특별자치도,횡성군,횡성읍,북천리,3,2023-06-09
5173025024,강원특별자치도,횡성군,횡성읍,내지리,4,2023-06-09
5173025025,강원특별자치도,횡성군,횡성읍,마옥리,5,2023-06-09
5173025026,강원특별자치도,횡성군,횡성읍,송전리,6,2023-06-09
5173025027,강원특별자치도,횡성군,횡성읍,궁천리,7,2023-06-09
5173025028,강원특별자치도,횡성군,횡성읍,옥동리,8,2023-06-09
5173025029,강원특별자치도,횡성군,횡성읍,영영포리,9,2023-06-09
5173025030,강원특별자치도,횡성군,횡성읍,개전리,10,2023-06-09
5173025031,강원특별자치도,횡성군,횡성읍,마산리,11,2023-06-09
5173025032,강원특별자치도,횡성군,횡성읍,조곡리,12,2023-06-09
5173025033,강원특별자치도,횡성군,횡성읍,생운리,13,2023-06-09
5173025034,강원특별자치도,횡성군,횡성읍,남산리,14,2023-06-09
5173025035,강원특별자치도,횡성군,횡성읍,교항리,15,2023-06-09
5173025036,강원특별자치도,횡성군,횡성읍,입석리,16,2023-06-09
5173025037,강원특별자치도,횡성군,횡성읍,청용리,17,2023-06-09
5173025038,강원특별자치도,횡성군,횡성읍,묵계리,18,2023-06-09
5173025039,강원특별자치도,횡성군,횡성읍,곡교리,19,2023-06-09
5173025040,강원특별자치도,횡성군,횡성읍,모평리,20,2023-06-09
5173025041,강원특별자치도,횡성군,횡성읍,반곡리,21,2023-06-09
5173025042,강원특별자치도,횡성군,횡성읍,갈풍리,22,2023-06-09
5173025043,강원특별자치도,횡성군,횡성읍,학곡리,23,2023-06-09
5173025044,강원특별자치도,횡성군,횡성읍,가담리,24,2023-06-09
5173025045,강원특별자치도,횡성군,횡성읍,추동리,25,2023-06-09
5173025046,강원특별자치도,횡성군,횡성읍,정암리,26,2023-06-09
5173031000,강원특별자치도,횡성군,우천면,,2,2023-06-09
5173031021,강원특별자치도,횡성군,우천면,두곡리,1,2023-06-09
5173031022,강원특별자치도,횡성군,우천면,용둔리,2,2023-06-09
5173031023,강원특별자치도,횡성군,우천면,산전리,3,2023-06-09
5173031024,강원특별자치도,횡성군,우천면,상하가리,4,2023-06-09
5173031025,강원특별자치도,횡성군,우천면,정금리,5,2023-06-09
5173031026,강원특별자치도,횡성군,우천면,하궁리,6,2023-06-09
5173031027,강원특별자치도,횡성군,우천면,상대리,7,2023-06-09
5173031028,강원특별자치도,횡성군,우천면,하대리,8,2023-06-09
5173031029,강원특별자치도,횡성군,우천면,오원리,9,2023-06-09
5173031030,강원특별자치도,횡성군,우천면,백달리,10,2023-06-09
5173031031,강원특별자치도,횡성군,우천면,우항리,11,2023-06-09
5173031032,강원특별자치도,횡성군,우천면,양적리,12,2023-06-09
5173031033,강원특별자치도,횡성군,우천면,법주리,13,2023-06-09
5173031034,강원특별자치도,횡성군,우천면,문암리,14,2023-06-09
5173032000,강원특별자치도,횡성군,안흥면,,3,2023-06-09
5173032021,강원특별자치도,횡성군,안흥면,안흥리,1,2023-06-09
5173032022,강원특별자치도,횡성군,안흥면,가천리,2,2023-06-09
5173032023,강원특별자치도,횡성군,안흥면,송한리,3,2023-06-09
5173032024,강원특별자치도,횡성군,안흥면,상안리,4,2023-06-09
5173032025,강원특별자치도,횡성군,안흥면,지구리,5,2023-06-09
5173032026,강원특별자치도,횡성군,안흥면,소사리,6,2023-06-09
5173032027,강원특별자치도,횡성군,안흥면,성산리,7,2023-06-09
5173033000,강원특별자치도,횡성군,둔내면,,4,2023-06-09
5173033021,강원특별자치도,횡성군,둔내면,현천리,1,2023-06-09
5173033022,강원특별자치도,횡성군,둔내면,둔방내리,2,2023-06-09
5173033023,강원특별자치도,횡성군,둔내면,영랑리,3,2023-06-09
5173033024,강원특별자치도,횡성군,둔내면,조항리,4,2023-06-09
5173033025,강원특별자치도,횡성군,둔내면,우용리,5,2023-06-09
5173033026,강원특별자치도,횡성군,둔내면,두원리,6,2023-06-09
5173033027,강원특별자치도,횡성군,둔내면,자포곡리,7,2023-06-09
5173033028,강원특별자치도,횡성군,둔내면,석문리,8,2023-06-09
5173033029,강원특별자치도,횡성군,둔내면,삽교리,9,2023-06-09
5173033030,강원특별자치도,횡성군,둔내면,마암리,10,2023-06-09
5173033031,강원특별자치도,횡성군,둔내면,화동리,11,2023-06-09
5173033032,강원특별자치도,횡성군,둔내면,궁종리,12,2023-06-09
5173033033,강원특별자치도,횡성군,둔내면,태기리,13,2023-06-09
5173034000,강원특별자치도,횡성군,갑천면,,5,2023-06-09
5173034021,강원특별자치도,횡성군,갑천면,중금리,1,2023-06-09
5173034022,강원특별자치도,횡성군,갑천면,부동리,2,2023-06-09
5173034023,강원특별자치도,횡성군,갑천면,화전리,3,2023-06-09
5173034024,강원특별자치도,횡성군,갑천면,구방리,4,2023-06-09
5173034025,강원특별자치도,횡성군,갑천면,포동리,5,2023-06-09
5173034026,강원특별자치도,횡성군,갑천면,매일리,6,2023-06-09
5173034027,강원특별자치도,횡성군,갑천면,하대리,7,2023-06-09
5173034028,강원특별자치도,횡성군,갑천면,상대리,8,2023-06-09
5173034029,강원특별자치도,횡성군,갑천면,율동리,9,2023-06-09
5173034030,강원특별자치도,횡성군,갑천면,삼거리,10,2023-06-09
5173034031,강원특별자치도,횡성군,갑천면,전촌리,11,2023-06-09
5173034032,강원특별자치도,횡성군,갑천면,추동리,12,2023-06-09
5173034033,강원특별자치도,횡성군,갑천면,대관대리,13,2023-06-09
5173034034,강원특별자치도,횡성군,갑천면,병지방리,14,2023-06-09
5173035000,강원특별자치도,횡성군,청일면,,6,2023-06-09
5173035021,강원특별자치도,횡성군,청일면,봉명리,1,2023-06-09
5173035022,강원특별자치도,횡성군,청일면,속실리,2,2023-06-09
5173035023,강원특별자치도,횡성군,청일면,춘당리,3,2023-06-09
5173035024,강원특별자치도,횡성군,청일면,유동리,4,2023-06-09
5173035025,강원특별자치도,횡성군,청일면,초현리,5,2023-06-09
5173035026,강원특별자치도,횡성군,청일면,유평리,6,2023-06-09
5173035027,강원특별자치도,횡성군,청일면,갑천리,7,2023-06-09
5173035028,강원특별자치도,횡성군,청일면,고시리,8,2023-06-09
5173035029,강원특별자치도,횡성군,청일면,신대리,9,2023-06-09
5173036000,강원특별자치도,횡성군,공근면,,7,2023-06-09
5173036021,강원특별자치도,횡성군,공근면,상동리,1,2023-06-09
5173036022,강원특별자치도,횡성군,공근면,부창리,2,2023-06-09
5173036023,강원특별자치도,횡성군,공근면,어둔리,3,2023-06-09
5173036024,강원특별자치도,횡성군,공근면,공근리,4,2023-06-09
5173036025,강원특별자치도,횡성군,공근면,가곡리,5,2023-06-09
5173036026,강원특별자치도,횡성군,공근면,삼배리,6,2023-06-09
5173036027,강원특별자치도,횡성군,공근면,청곡리,7,2023-06-09
5173036028,강원특별자치도,횡성군,공근면,행정리,8,2023-06-09
5173036029,강원특별자치도,횡성군,공근면,상창봉리,9,2023-06-09
5173036030,강원특별자치도,횡성군,공근면,창봉리,10,2023-06-09
5173036031,강원특별자치도,횡성군,공근면,도곡리,11,2023-06-09
5173036032,강원특별자치도,횡성군,공근면,초원리,12,2023-06-09
5173036033,강원특별자치도,횡성군,공근면,학담리,13,2023-06-09
5173036034,강원특별자치도,횡성군,공근면,매곡리,14,2023-06-09
5173036035,강원특별자치도,횡성군,공근면,오산리,15,2023-06-09
5173036036,강원특별자치도,횡성군,공근면,수백리,16,2023-06-09
5173036037,강원특별자치도,횡성군,공근면,덕촌리,17,2023-06-09
5173036038,강원특별자치도,횡성군,공근면,신촌리,18,2023-06-09
5173037000,강원특별자치도,횡성군,서원면,,8,2023-06-09
5173037021,강원특별자치도,횡성군,서원면,창촌리,1,2023-06-09
5173037022,강원특별자치도,횡성군,서원면,압곡리,2,2023-06-09
5173037023,강원특별자치도,횡성군,서원면,옥계리,3,2023-06-09
5173037024,강원특별자치도,횡성군,서원면,석화리,4,2023-06-09
5173037025,강원특별자치도,횡성군,서원면,유현리,5,2023-06-09
5173037026,강원특별자치도,횡성군,서원면,금대리,6,2023-06-09
5173038000,강원특별자치도,횡성군,강림면,,9,2023-06-09
5173038021,강원특별자치도,횡성군,강림면,강림리,1,2023-06-09
5173038022,강원특별자치도,횡성군,강림면,부곡리,2,2023-06-09
5173038023,강원특별자치도,횡성군,강림면,월현리,3,2023-06-09
5175000000,강원특별자치도,영월군,,,10,2023-06-09
5175025000,강원특별자치도,영월군,영월읍,,1,2023-06-09
5175025021,강원특별자치도,영월군,영월읍,영흥리,1,2023-06-09
5175025022,강원특별자치도,영월군,영월읍,하송리,2,2023-06-09
5175025023,강원특별자치도,영월군,영월읍,방절리,3,2023-06-09
5175025024,강원특별자치도,영월군,영월읍,덕포리,4,2023-06-09
5175025025,강원특별자치도,영월군,영월읍,삼옥리,5,2023-06-09
5175025026,강원특별자치도,영월군,영월읍,거운리,6,2023-06-09
5175025027,강원특별자치도,영월군,영월읍,문산리,7,2023-06-09
5175025028,강원특별자치도,영월군,영월읍,연하리,8,2023-06-09
5175025029,강원특별자치도,영월군,영월읍,정양리,9,2023-06-09
5175025030,강원특별자치도,영월군,영월읍,팔괴리,10,2023-06-09
5175025031,강원특별자치도,영월군,영월읍,흥월리,11,2023-06-09
5175025300,강원특별자치도,영월군,상동읍,,2,2023-06-09
5175025321,강원특별자치도,영월군,상동읍,내덕리,1,2023-06-09
5175025322,강원특별자치도,영월군,상동읍,구래리,2,2023-06-09
5175025323,강원특별자치도,영월군,상동읍,천평리,3,2023-06-09
5175025324,강원특별자치도,영월군,상동읍,덕구리,4,2023-06-09
5175031200,강원특별자치도,영월군,산솔면,,3,2023-06-09
5175031221,강원특별자치도,영월군,산솔면,녹전리,1,2023-06-09
5175031222,강원특별자치도,영월군,산솔면,직동리,2,2023-06-09
5175031223,강원특별자치도,영월군,산솔면,이목리,3,2023-06-09
5175031224,강원특별자치도,영월군,산솔면,화원리,4,2023-06-09
5175031225,강원특별자치도,영월군,산솔면,연상리,5,2023-06-09
5175031226,강원특별자치도,영월군,산솔면,석항리,6,2023-06-09
5175032500,강원특별자치도,영월군,김삿갓면,,0,2023-06-09
5175032521,강원특별자치도,영월군,김삿갓면,진별리,0,2023-06-09
5175032522,강원특별자치도,영월군,김삿갓면,각동리,0,2023-06-09
5175032523,강원특별자치도,영월군,김삿갓면,대야리,0,2023-06-09
5175032524,강원특별자치도,영월군,김삿갓면,옥동리,0,2023-06-09
5175032525,강원특별자치도,영월군,김삿갓면,예밀리,0,2023-06-09
5175032526,강원특별자치도,영월군,김삿갓면,주문리,0,2023-06-09
5175032527,강원특별자치도,영월군,김삿갓면,와석리,0,2023-06-09
5175032528,강원특별자치도,영월군,김삿갓면,외룡리,0,2023-06-09
5175032529,강원특별자치도,영월군,김삿갓면,내리,0,2023-06-09
5175033000,강원특별자치도,영월군,북면,,5,2023-06-09
5175033021,강원특별자치도,영월군,북면,마차리,1,2023-06-09
5175033022,강원특별자치도,영월군,북면,문곡리,2,2023-06-09
5175033023,강원특별자치도,영월군,북면,연덕리,3,2023-06-09
5175033024,강원특별자치도,영월군,북면,공기리,4,2023-06-09
5175033025,강원특별자치도,영월군,북면,덕상리,5,2023-06-09
5175034000,강원특별자치도,영월군,남면,,6,2023-06-09
5175034021,강원특별자치도,영월군,남면,연당리,1,2023-06-09
5175034022,강원특별자치도,영월군,남면,창원리,2,2023-06-09
5175034023,강원특별자치도,영월군,남면,토교리,3,2023-06-09
5175034024,강원특별자치도,영월군,남면,광천리,4,2023-06-09
5175034025,강원특별자치도,영월군,남면,조전리,5,2023-06-09
5175034026,강원특별자치도,영월군,남면,북쌍리,6,2023-06-09
5175035500,강원특별자치도,영월군,한반도면,,0,2023-06-09
5175035521,강원특별자치도,영월군,한반도면,옹정리,0,2023-06-09
5175035522,강원특별자치도,영월군,한반도면,광전리,0,2023-06-09
5175035523,강원특별자치도,영월군,한반도면,신천리,0,2023-06-09
5175035524,강원특별자치도,영월군,한반도면,후탄리,0,2023-06-09
5175035525,강원특별자치도,영월군,한반도면,쌍용리,0,2023-06-09
5175036000,강원특별자치도,영월군,주천면,,8,2023-06-09
5175036021,강원특별자치도,영월군,주천면,주천리,1,2023-06-09
5175036022,강원특별자치도,영월군,주천면,판운리,2,2023-06-09
5175036023,강원특별자치도,영월군,주천면,도천리,3,2023-06-09
5175036024,강원특별자치도,영월군,주천면,신일리,4,2023-06-09
5175036025,강원특별자치도,영월군,주천면,금마리,5,2023-06-09
5175036026,강원특별자치도,영월군,주천면,용석리,6,2023-06-09
5175038000,강원특별자치도,영월군,무릉도원면,,9,2023-06-09
5175038021,강원특별자치도,영월군,무릉도원면,무릉리,1,2023-06-09
5175038022,강원특별자치도,영월군,무릉도원면,법흥리,2,2023-06-09
5175038023,강원특별자치도,영월군,무릉도원면,도원리,3,2023-06-09
5175038024,강원특별자치도,영월군,무릉도원면,운학리,4,2023-06-09
5175038025,강원특별자치도,영월군,무릉도원면,두산리,5,2023-06-09
5176000000,강원특별자치도,평창군,,,11,2023-06-09
5176025000,강원특별자치도,평창군,평창읍,,1,2023-06-09
5176025021,강원특별자치도,평창군,평창읍,상리,1,2023-06-09
5176025022,강원특별자치도,평창군,평창읍,중리,2,2023-06-09
5176025023,강원특별자치도,평창군,평창읍,하리,3,2023-06-09
5176025024,강원특별자치도,평창군,평창읍,천변리,4,2023-06-09
5176025025,강원특별자치도,평창군,평창읍,종부리,5,2023-06-09
5176025026,강원특별자치도,평창군,평창읍,노론리,6,2023-06-09
5176025027,강원특별자치도,평창군,평창읍,이곡리,7,2023-06-09
5176025028,강원특별자치도,평창군,평창읍,조동리,8,2023-06-09
5176025029,강원특별자치도,평창군,평창읍,고길리,9,2023-06-09
5176025030,강원특별자치도,평창군,평창읍,지동리,10,2023-06-09
5176025031,강원특별자치도,평창군,평창읍,유동리,11,2023-06-09
5176025032,강원특별자치도,평창군,평창읍,약수리,12,2023-06-09
5176025033,강원특별자치도,평창군,평창읍,조둔리,13,2023-06-09
5176025034,강원특별자치도,평창군,평창읍,천동리,14,2023-06-09
5176025035,강원특별자치도,평창군,평창읍,도돈리,15,2023-06-09
5176025036,강원특별자치도,평창군,평창읍,마지리,16,2023-06-09
5176025037,강원특별자치도,평창군,평창읍,응암리,17,2023-06-09
5176025038,강원특별자치도,평창군,평창읍,대상리,18,2023-06-09
5176025039,강원특별자치도,평창군,평창읍,대하리,19,2023-06-09
5176025040,강원특별자치도,평창군,평창읍,입탄리,20,2023-06-09
5176025041,강원특별자치도,평창군,평창읍,향동리,21,2023-06-09
5176025042,강원특별자치도,평창군,평창읍,여만리,22,2023-06-09
5176025043,강원특별자치도,평창군,평창읍,후평리,23,2023-06-09
5176025044,강원특별자치도,평창군,평창읍,주진리,24,2023-06-09
5176025045,강원특별자치도,평창군,평창읍,용항리,25,2023-06-09
5176025046,강원특별자치도,평창군,평창읍,임하리,26,2023-06-09
5176025047,강원특별자치도,평창군,평창읍,계장리,27,2023-06-09
5176025048,강원특별자치도,평창군,평창읍,다수리,28,2023-06-09
5176025049,강원특별자치도,평창군,평창읍,하일리,29,2023-06-09
5176025050,강원특별자치도,평창군,평창읍,원당리,30,2023-06-09
5176025051,강원특별자치도,평창군,평창읍,뇌운리,31,2023-06-09
5176031000,강원특별자치도,평창군,미탄면,,2,2023-06-09
5176031021,강원특별자치도,평창군,미탄면,창리,1,2023-06-09
5176031022,강원특별자치도,평창군,미탄면,율치리,2,2023-06-09
5176031023,강원특별자치도,평창군,미탄면,회동리,3,2023-06-09
5176031024,강원특별자치도,평창군,미탄면,평안리,4,2023-06-09
5176031025,강원특별자치도,평창군,미탄면,백운리,5,2023-06-09
5176031026,강원특별자치도,평창군,미탄면,한탄리,6,2023-06-09
5176031027,강원특별자치도,평창군,미탄면,기화리,7,2023-06-09
5176031028,강원특별자치도,평창군,미탄면,마하리,8,2023-06-09
5176031029,강원특별자치도,평창군,미탄면,수청리,9,2023-06-09
5176032000,강원특별자치도,평창군,방림면,,3,2023-06-09
5176032021,강원특별자치도,평창군,방림면,방림리,1,2023-06-09
5176032022,강원특별자치도,평창군,방림면,운교리,2,2023-06-09
5176032023,강원특별자치도,평창군,방림면,계촌리,3,2023-06-09
5176033000,강원특별자치도,평창군,대화면,,4,2023-06-09
5176033021,강원특별자치도,평창군,대화면,대화리,1,2023-06-09
5176033022,강원특별자치도,평창군,대화면,신리,2,2023-06-09
5176033023,강원특별자치도,평창군,대화면,개수리,3,2023-06-09
5176033024,강원특별자치도,평창군,대화면,상안미리,4,2023-06-09
5176033025,강원특별자치도,평창군,대화면,하안미리,5,2023-06-09
5176034000,강원특별자치도,평창군,봉평면,,5,2023-06-09
5176034021,강원특별자치도,평창군,봉평면,창동리,1,2023-06-09
5176034022,강원특별자치도,평창군,봉평면,평촌리,2,2023-06-09
5176034023,강원특별자치도,평창군,봉평면,유포리,3,2023-06-09
5176034024,강원특별자치도,평창군,봉평면,진조리,4,2023-06-09
5176034025,강원특별자치도,평창군,봉평면,면온리,5,2023-06-09
5176034026,강원특별자치도,평창군,봉평면,무이리,6,2023-06-09
5176034027,강원특별자치도,평창군,봉평면,흥정리,7,2023-06-09
5176034028,강원특별자치도,평창군,봉평면,원길리,8,2023-06-09
5176034029,강원특별자치도,평창군,봉평면,덕거리,9,2023-06-09
5176035000,강원특별자치도,평창군,용평면,,6,2023-06-09
5176035021,강원특별자치도,평창군,용평면,용전리,1,2023-06-09
5176035022,강원특별자치도,평창군,용평면,이목정리,2,2023-06-09
5176035023,강원특별자치도,평창군,용평면,속사리,3,2023-06-09
5176035024,강원특별자치도,평창군,용평면,노동리,4,2023-06-09
5176035025,강원특별자치도,평창군,용평면,도사리,5,2023-06-09
5176035026,강원특별자치도,평창군,용평면,백옥포리,6,2023-06-09
5176035027,강원특별자치도,평창군,용평면,장평리,7,2023-06-09
5176035028,강원특별자치도,평창군,용평면,재산리,8,2023-06-09
5176036000,강원특별자치도,평창군,진부면,,7,2023-06-09
5176036021,강원특별자치도,평창군,진부면,하진부리,1,2023-06-09
5176036022,강원특별자치도,평창군,진부면,상진부리,2,2023-06-09
5176036023,강원특별자치도,평창군,진부면,송정리,3,2023-06-09
5176036024,강원특별자치도,평창군,진부면,두일리,4,2023-06-09
5176036025,강원특별자치도,평창군,진부면,척천리,5,2023-06-09
5176036026,강원특별자치도,평창군,진부면,탑동리,6,2023-06-09
5176036027,강원특별자치도,평창군,진부면,동산리,7,2023-06-09
5176036028,강원특별자치도,평창군,진부면,간평리,8,2023-06-09
5176036029,강원특별자치도,평창군,진부면,상월오개리,9,2023-06-09
5176036030,강원특별자치도,평창군,진부면,거문리,10,2023-06-09
5176036031,강원특별자치도,평창군,진부면,신기리,11,2023-06-09
5176036032,강원특별자치도,평창군,진부면,봉산리,12,2023-06-09
5176036033,강원특별자치도,평창군,진부면,마평리,13,2023-06-09
5176036034,강원특별자치도,평창군,진부면,수항리,14,2023-06-09
5176036035,강원특별자치도,평창군,진부면,화의리,15,2023-06-09
5176036036,강원특별자치도,평창군,진부면,막동리,16,2023-06-09
5176036037,강원특별자치도,평창군,진부면,장전리,17,2023-06-09
5176036038,강원특별자치도,평창군,진부면,호명리,18,2023-06-09
5176038000,강원특별자치도,평창군,대관령면,,0,2023-06-09
5176038021,강원특별자치도,평창군,대관령면,유천리,0,2023-06-09
5176038022,강원특별자치도,평창군,대관령면,병내리,0,2023-06-09
5176038023,강원특별자치도,평창군,대관령면,차항리,0,2023-06-09
5176038024,강원특별자치도,평창군,대관령면,횡계리,0,2023-06-09
5176038025,강원특별자치도,평창군,대관령면,수하리,0,2023-06-09
5176038026,강원특별자치도,평창군,대관령면,용산리,0,2023-06-09
5177000000,강원특별자치도,정선군,,,12,2023-06-09
5177025000,강원특별자치도,정선군,정선읍,,1,2023-06-09
5177025021,강원특별자치도,정선군,정선읍,봉양리,1,2023-06-09
5177025022,강원특별자치도,정선군,정선읍,북실리,2,2023-06-09
5177025023,강원특별자치도,정선군,정선읍,덕송리,3,2023-06-09
5177025024,강원특별자치도,정선군,정선읍,애산리,4,2023-06-09
5177025025,강원특별자치도,정선군,정선읍,신월리,5,2023-06-09
5177025026,강원특별자치도,정선군,정선읍,덕우리,6,2023-06-09
5177025027,강원특별자치도,정선군,정선읍,여탄리,7,2023-06-09
5177025028,강원특별자치도,정선군,정선읍,회동리,8,2023-06-09
5177025029,강원특별자치도,정선군,정선읍,용탄리,9,2023-06-09
5177025030,강원특별자치도,정선군,정선읍,광하리,10,2023-06-09
5177025031,강원특별자치도,정선군,정선읍,귤암리,11,2023-06-09
5177025032,강원특별자치도,정선군,정선읍,가수리,12,2023-06-09
5177025300,강원특별자치도,정선군,고한읍,,2,2023-06-09
5177025321,강원특별자치도,정선군,고한읍,고한리,1,2023-06-09
5177025600,강원특별자치도,정선군,사북읍,,3,2023-06-09
5177025621,강원특별자치도,정선군,사북읍,직전리,1,2023-06-09
5177025622,강원특별자치도,정선군,사북읍,사북리,2,2023-06-09
5177025900,강원특별자치도,정선군,신동읍,,4,2023-06-09
5177025921,강원특별자치도,정선군,신동읍,예미리,1,2023-06-09
5177025922,강원특별자치도,정선군,신동읍,천포리,2,2023-06-09
5177025923,강원특별자치도,정선군,신동읍,조동리,3,2023-06-09
5177025924,강원특별자치도,정선군,신동읍,방제리,4,2023-06-09
5177025925,강원특별자치도,정선군,신동읍,가사리,5,2023-06-09
5177025926,강원특별자치도,정선군,신동읍,고성리,6,2023-06-09
5177025927,강원특별자치도,정선군,신동읍,덕천리,7,2023-06-09
5177025928,강원특별자치도,정선군,신동읍,운치리,8,2023-06-09
5177032000,강원특별자치도,정선군,남면,,6,2023-06-09
5177032021,강원특별자치도,정선군,남면,문곡리,1,2023-06-09
5177032022,강원특별자치도,정선군,남면,무릉리,2,2023-06-09
5177032023,강원특별자치도,정선군,남면,유평리,3,2023-06-09
5177032024,강원특별자치도,정선군,남면,낙동리,4,2023-06-09
5177032025,강원특별자치도,정선군,남면,광덕리,5,2023-06-09
5177034000,강원특별자치도,정선군,북평면,,8,2023-06-09
5177034021,강원특별자치도,정선군,북평면,장열리,1,2023-06-09
5177034022,강원특별자치도,정선군,북평면,북평리,2,2023-06-09
5177034023,강원특별자치도,정선군,북평면,남평리,3,2023-06-09
5177034024,강원특별자치도,정선군,북평면,문곡리,4,2023-06-09
5177034025,강원특별자치도,정선군,북평면,나전리,5,2023-06-09
5177034026,강원특별자치도,정선군,북평면,숙암리,6,2023-06-09
5177035000,강원특별자치도,정선군,임계면,,9,2023-06-09
5177035021,강원특별자치도,정선군,임계면,가목리,1,2023-06-09
5177035022,강원특별자치도,정선군,임계면,도전리,2,2023-06-09
5177035023,강원특별자치도,정선군,임계면,직원리,3,2023-06-09
5177035024,강원특별자치도,정선군,임계면,임계리,4,2023-06-09
5177035025,강원특별자치도,정선군,임계면,송계리,5,2023-06-09
5177035026,강원특별자치도,정선군,임계면,봉산리,6,2023-06-09
5177035027,강원특별자치도,정선군,임계면,낙천리,7,2023-06-09
5177035028,강원특별자치도,정선군,임계면,용산리,8,2023-06-09
5177035030,강원특별자치도,정선군,임계면,덕암리,10,2023-06-09
5177035031,강원특별자치도,정선군,임계면,고양리,11,2023-06-09
5177035032,강원특별자치도,정선군,임계면,반천리,12,2023-06-09
5177035034,강원특별자치도,정선군,임계면,문래리,0,2023-06-09
5177036000,강원특별자치도,정선군,화암면,,0,2023-06-09
5177036021,강원특별자치도,정선군,화암면,화암리,0,2023-06-09
5177036022,강원특별자치도,정선군,화암면,석곡리,0,2023-06-09
5177036023,강원특별자치도,정선군,화암면,북동리,0,2023-06-09
5177036024,강원특별자치도,정선군,화암면,몰운리,0,2023-06-09
5177036025,강원특별자치도,정선군,화암면,건천리,0,2023-06-09
5177036026,강원특별자치도,정선군,화암면,호촌리,0,2023-06-09
5177036027,강원특별자치도,정선군,화암면,백전리,0,2023-06-09
5177037000,강원특별자치도,정선군,여량면,,0,2023-06-09
5177037021,강원특별자치도,정선군,여량면,여량리,0,2023-06-09
5177037022,강원특별자치도,정선군,여량면,유천리,0,2023-06-09
5177037023,강원특별자치도,정선군,여량면,구절리,0,2023-06-09
5177037024,강원특별자치도,정선군,여량면,남곡리,0,2023-06-09
5177037025,강원특별자치도,정선군,여량면,고양리,0,2023-06-09
5177037026,강원특별자치도,정선군,여량면,봉정리,0,2023-06-09
5178000000,강원특별자치도,철원군,,,13,2023-06-09
5178025000,강원특별자치도,철원군,철원읍,,1,2023-06-09
5178025021,강원특별자치도,철원군,철원읍,화지리,1,2023-06-09
5178025022,강원특별자치도,철원군,철원읍,관전리,2,2023-06-09
5178025023,강원특별자치도,철원군,철원읍,월하리,3,2023-06-09
5178025024,강원특별자치도,철원군,철원읍,사요리,4,2023-06-09
5178025025,강원특별자치도,철원군,철원읍,외촌리,5,2023-06-09
5178025026,강원특별자치도,철원군,철원읍,율이리,6,2023-06-09
5178025027,강원특별자치도,철원군,철원읍,내포리,7,2023-06-09
5178025028,강원특별자치도,철원군,철원읍,중리,8,2023-06-09
5178025029,강원특별자치도,철원군,철원읍,대마리,9,2023-06-09
5178025030,강원특별자치도,철원군,철원읍,중세리,10,2023-06-09
5178025031,강원특별자치도,철원군,철원읍,산명리,11,2023-06-09
5178025032,강원특별자치도,철원군,철원읍,가단리,12,2023-06-09
5178025033,강원특별자치도,철원군,철원읍,유정리,13,2023-06-09
5178025034,강원특별자치도,철원군,철원읍,홍원리,14,2023-06-09
5178025035,강원특별자치도,철원군,철원읍,독검리,15,2023-06-09
5178025300,강원특별자치도,철원군,김화읍,,2,2023-06-09
5178025321,강원특별자치도,철원군,김화읍,학사리,1,2023-06-09
5178025322,강원특별자치도,철원군,김화읍,읍내리,2,2023-06-09
5178025323,강원특별자치도,철원군,김화읍,생창리,3,2023-06-09
5178025324,강원특별자치도,철원군,김화읍,암정리,4,2023-06-09
5178025325,강원특별자치도,철원군,김화읍,운장리,5,2023-06-09
5178025326,강원특별자치도,철원군,김화읍,용양리,6,2023-06-09
5178025327,강원특별자치도,철원군,김화읍,감봉리,7,2023-06-09
5178025328,강원특별자치도,철원군,김화읍,청양리,8,2023-06-09
5178025329,강원특별자치도,철원군,김화읍,도창리,9,2023-06-09
5178025600,강원특별자치도,철원군,갈말읍,,3,2023-06-09
5178025621,강원특별자치도,철원군,갈말읍,신철원리,1,2023-06-09
5178025622,강원특별자치도,철원군,갈말읍,지포리,2,2023-06-09
5178025623,강원특별자치도,철원군,갈말읍,강포리,3,2023-06-09
5178025624,강원특별자치도,철원군,갈말읍,군탄리,4,2023-06-09
5178025625,강원특별자치도,철원군,갈말읍,문혜리,5,2023-06-09
5178025626,강원특별자치도,철원군,갈말읍,내대리,6,2023-06-09
5178025627,강원특별자치도,철원군,갈말읍,지경리,7,2023-06-09
5178025628,강원특별자치도,철원군,갈말읍,토성리,8,2023-06-09
5178025629,강원특별자치도,철원군,갈말읍,상사리,9,2023-06-09
5178025630,강원특별자치도,철원군,갈말읍,동막리,10,2023-06-09
5178025631,강원특별자치도,철원군,갈말읍,정연리,11,2023-06-09
5178025900,강원특별자치도,철원군,동송읍,,4,2023-06-09
5178025921,강원특별자치도,철원군,동송읍,이평리,1,2023-06-09
5178025922,강원특별자치도,철원군,동송읍,오덕리,2,2023-06-09
5178025923,강원특별자치도,철원군,동송읍,장흥리,3,2023-06-09
5178025924,강원특별자치도,철원군,동송읍,오지리,4,2023-06-09
5178025925,강원특별자치도,철원군,동송읍,상노리,5,2023-06-09
5178025926,강원특별자치도,철원군,동송읍,대위리,6,2023-06-09
5178025927,강원특별자치도,철원군,동송읍,관우리,7,2023-06-09
5178025928,강원특별자치도,철원군,동송읍,양지리,8,2023-06-09
5178025929,강원특별자치도,철원군,동송읍,이길리,9,2023-06-09
5178025930,강원특별자치도,철원군,동송읍,하갈리,10,2023-06-09
5178025931,강원특별자치도,철원군,동송읍,중강리,11,2023-06-09
5178025932,강원특별자치도,철원군,동송읍,강산리,12,2023-06-09
5178031000,강원특별자치도,철원군,서면,,5,2023-06-09
5178031021,강원특별자치도,철원군,서면,자등리,1,2023-06-09
5178031022,강원특별자치도,철원군,서면,와수리,2,2023-06-09
5178032000,강원특별자치도,철원군,근남면,,6,2023-06-09
5178032021,강원특별자치도,철원군,근남면,육단리,1,2023-06-09
5178032022,강원특별자치도,철원군,근남면,잠곡리,2,2023-06-09
5178032023,강원특별자치도,철원군,근남면,사곡리,3,2023-06-09
5178032024,강원특별자치도,철원군,근남면,양지리,4,2023-06-09
5178032025,강원특별자치도,철원군,근남면,풍암리,5,2023-06-09
5178032026,강원특별자치도,철원군,근남면,마현리,6,2023-06-09
5178033000,강원특별자치도,철원군,근북면,,7,2023-06-09
5178033021,강원특별자치도,철원군,근북면,유곡리,1,2023-06-09
5178033022,강원특별자치도,철원군,근북면,백덕리,2,2023-06-09
5178033023,강원특별자치도,철원군,근북면,금곡리,3,2023-06-09
5178033024,강원특별자치도,철원군,근북면,율목리,4,2023-06-09
5178034000,강원특별자치도,철원군,근동면,,8,2023-06-09
5178034021,강원특별자치도,철원군,근동면,광삼리,1,2023-06-09
5178034022,강원특별자치도,철원군,근동면,방통리,2,2023-06-09
5178035000,강원특별자치도,철원군,원동면,,9,2023-06-09
5178035021,강원특별자치도,철원군,원동면,등대리,1,2023-06-09
5178035022,강원특별자치도,철원군,원동면,송실리,2,2023-06-09
5178035023,강원특별자치도,철원군,원동면,용연리,3,2023-06-09
5178035024,강원특별자치도,철원군,원동면,세현리,4,2023-06-09
5178036000,강원특별자치도,철원군,원남면,,10,2023-06-09
5178036021,강원특별자치도,철원군,원남면,개야리,1,2023-06-09
5178036022,강원특별자치도,철원군,원남면,경상리,2,2023-06-09
5178036023,강원특별자치도,철원군,원남면,죽대리,3,2023-06-09
5178036024,강원특별자치도,철원군,원남면,백양리,4,2023-06-09
5178036025,강원특별자치도,철원군,원남면,남둔리,5,2023-06-09
5178036026,강원특별자치도,철원군,원남면,월봉리,6,2023-06-09
5178036027,강원특별자치도,철원군,원남면,풍동리,7,2023-06-09
5178036028,강원특별자치도,철원군,원남면,주파리,8,2023-06-09
5178036029,강원특별자치도,철원군,원남면,구룡리,9,2023-06-09
5178036030,강원특별자치도,철원군,원남면,노동리,10,2023-06-09
5178036031,강원특별자치도,철원군,원남면,진현리,11,2023-06-09
5178037000,강원특별자치도,철원군,임남면,,11,2023-06-09
5178037021,강원특별자치도,철원군,임남면,달전리,1,2023-06-09
5178037022,강원특별자치도,철원군,임남면,과호리,2,2023-06-09
5178037023,강원특별자치도,철원군,임남면,좌패리,3,2023-06-09
5178037024,강원특별자치도,철원군,임남면,수동리,4,2023-06-09
5179000000,강원특별자치도,화천군,,,14,2023-06-09
5179025000,강원특별자치도,화천군,화천읍,,1,2023-06-09
5179025021,강원특별자치도,화천군,화천읍,아리,1,2023-06-09
5179025022,강원특별자치도,화천군,화천읍,하리,2,2023-06-09
5179025023,강원특별자치도,화천군,화천읍,중리,3,2023-06-09
5179025024,강원특별자치도,화천군,화천읍,상리,4,2023-06-09
5179025025,강원특별자치도,화천군,화천읍,신읍리,5,2023-06-09
5179025026,강원특별자치도,화천군,화천읍,풍산리,6,2023-06-09
5179025027,강원특별자치도,화천군,화천읍,동촌리,7,2023-06-09
5179025028,강원특별자치도,화천군,화천읍,대이리,8,2023-06-09
5179031000,강원특별자치도,화천군,간동면,,2,2023-06-09
5179031021,강원특별자치도,화천군,간동면,유촌리,1,2023-06-09
5179031022,강원특별자치도,화천군,간동면,용호리,2,2023-06-09
5179031023,강원특별자치도,화천군,간동면,간척리,3,2023-06-09
5179031024,강원특별자치도,화천군,간동면,오음리,4,2023-06-09
5179031025,강원특별자치도,화천군,간동면,방천리,5,2023-06-09
5179031026,강원특별자치도,화천군,간동면,도송리,6,2023-06-09
5179031027,강원특별자치도,화천군,간동면,구만리,7,2023-06-09
5179032000,강원특별자치도,화천군,하남면,,3,2023-06-09
5179032021,강원특별자치도,화천군,하남면,원천리,1,2023-06-09
5179032022,강원특별자치도,화천군,하남면,논미리,2,2023-06-09
5179032023,강원특별자치도,화천군,하남면,계성리,3,2023-06-09
5179032024,강원특별자치도,화천군,하남면,안평리,4,2023-06-09
5179032025,강원특별자치도,화천군,하남면,위라리,5,2023-06-09
5179032026,강원특별자치도,화천군,하남면,용암리,6,2023-06-09
5179032027,강원특별자치도,화천군,하남면,삼화리,7,2023-06-09
5179032028,강원특별자치도,화천군,하남면,거례리,8,2023-06-09
5179032029,강원특별자치도,화천군,하남면,서오지리,9,2023-06-09
5179033000,강원특별자치도,화천군,상서면,,4,2023-06-09
5179033021,강원특별자치도,화천군,상서면,신풍리,1,2023-06-09
5179033022,강원특별자치도,화천군,상서면,신대리,2,2023-06-09
5179033023,강원특별자치도,화천군,상서면,구운리,3,2023-06-09
5179033024,강원특별자치도,화천군,상서면,장촌리,4,2023-06-09
5179033025,강원특별자치도,화천군,상서면,파포리,5,2023-06-09
5179033026,강원특별자치도,화천군,상서면,노동리,6,2023-06-09
5179033027,강원특별자치도,화천군,상서면,부촌리,7,2023-06-09
5179033028,강원특별자치도,화천군,상서면,산양리,8,2023-06-09
5179033029,강원특별자치도,화천군,상서면,봉오리,9,2023-06-09
5179033030,강원특별자치도,화천군,상서면,다목리,10,2023-06-09
5179033031,강원특별자치도,화천군,상서면,마현리,11,2023-06-09
5179034000,강원특별자치도,화천군,사내면,,5,2023-06-09
5179034021,강원특별자치도,화천군,사내면,사창리,1,2023-06-09
5179034022,강원특별자치도,화천군,사내면,광덕리,2,2023-06-09
5179034023,강원특별자치도,화천군,사내면,명월리,3,2023-06-09
5179034024,강원특별자치도,화천군,사내면,용담리,4,2023-06-09
5179034025,강원특별자치도,화천군,사내면,삼일리,5,2023-06-09
5180000000,강원특별자치도,양구군,,,15,2023-06-09
5180025000,강원특별자치도,양구군,양구읍,,1,2023-06-09
5180025021,강원특별자치도,양구군,양구읍,상리,1,2023-06-09
5180025022,강원특별자치도,양구군,양구읍,중리,2,2023-06-09
5180025023,강원특별자치도,양구군,양구읍,하리,3,2023-06-09
5180025024,강원특별자치도,양구군,양구읍,송청리,4,2023-06-09
5180025025,강원특별자치도,양구군,양구읍,수인리,5,2023-06-09
5180025026,강원특별자치도,양구군,양구읍,웅진리,6,2023-06-09
5180025027,강원특별자치도,양구군,양구읍,석현리,7,2023-06-09
5180025028,강원특별자치도,양구군,양구읍,공리,8,2023-06-09
5180025029,강원특별자치도,양구군,양구읍,학조리,9,2023-06-09
5180025030,강원특별자치도,양구군,양구읍,이리,10,2023-06-09
5180025031,강원특별자치도,양구군,양구읍,안대리,11,2023-06-09
5180025032,강원특별자치도,양구군,양구읍,정림리,12,2023-06-09
5180025033,강원특별자치도,양구군,양구읍,동수리,13,2023-06-09
5180025034,강원특별자치도,양구군,양구읍,고대리,14,2023-06-09
5180025035,강원특별자치도,양구군,양구읍,죽곡리,15,2023-06-09
5180025036,강원특별자치도,양구군,양구읍,한전리,16,2023-06-09
5180025037,강원특별자치도,양구군,양구읍,도사리,17,2023-06-09
5180025038,강원특별자치도,양구군,양구읍,공수리,18,2023-06-09
5180025039,강원특별자치도,양구군,양구읍,군량리,19,2023-06-09
5180025040,강원특별자치도,양구군,양구읍,월명리,20,2023-06-09
5180025041,강원특별자치도,양구군,양구읍,상무룡리,21,2023-06-09
5180031500,강원특별자치도,양구군,국토정중앙면,,2,2023-06-09
5180031521,강원특별자치도,양구군,국토정중앙면,적리,1,2023-06-09
5180031522,강원특별자치도,양구군,국토정중앙면,가오작리,2,2023-06-09
5180031523,강원특별자치도,양구군,국토정중앙면,야촌리,3,2023-06-09
5180031524,강원특별자치도,양구군,국토정중앙면,용하리,4,2023-06-09
5180031525,강원특별자치도,양구군,국토정중앙면,청리,5,2023-06-09
5180031526,강원특별자치도,양구군,국토정중앙면,송우리,6,2023-06-09
5180031527,강원특별자치도,양구군,국토정중앙면,황강리,7,2023-06-09
5180031528,강원특별자치도,양구군,국토정중앙면,창리,8,2023-06-09
5180031529,강원특별자치도,양구군,국토정중앙면,도촌리,9,2023-06-09
5180031530,강원특별자치도,양구군,국토정중앙면,구암리,10,2023-06-09
5180031531,강원특별자치도,양구군,국토정중앙면,죽리,11,2023-06-09
5180031532,강원특별자치도,양구군,국토정중앙면,심포리,12,2023-06-09
5180031533,강원특별자치도,양구군,국토정중앙면,원리,13,2023-06-09
5180031534,강원특별자치도,양구군,국토정중앙면,두무리,14,2023-06-09
5180031535,강원특별자치도,양구군,국토정중앙면,명곶리,15,2023-06-09
5180032000,강원특별자치도,양구군,동면,,3,2023-06-09
5180032021,강원특별자치도,양구군,동면,후곡리,1,2023-06-09
5180032022,강원특별자치도,양구군,동면,지석리,2,2023-06-09
5180032023,강원특별자치도,양구군,동면,원당리,3,2023-06-09
5180032024,강원특별자치도,양구군,동면,덕곡리,4,2023-06-09
5180032025,강원특별자치도,양구군,동면,임당리,5,2023-06-09
5180032026,강원특별자치도,양구군,동면,팔랑리,6,2023-06-09
5180032027,강원특별자치도,양구군,동면,월운리,7,2023-06-09
5180032028,강원특별자치도,양구군,동면,비아리,8,2023-06-09
5180032029,강원특별자치도,양구군,동면,사태리,9,2023-06-09
5180033000,강원특별자치도,양구군,방산면,,4,2023-06-09
5180033021,강원특별자치도,양구군,방산면,현리,1,2023-06-09
5180033022,강원특별자치도,양구군,방산면,오미리,2,2023-06-09
5180033023,강원특별자치도,양구군,방산면,금악리,3,2023-06-09
5180033024,강원특별자치도,양구군,방산면,장평리,4,2023-06-09
5180033025,강원특별자치도,양구군,방산면,칠전리,5,2023-06-09
5180033026,강원특별자치도,양구군,방산면,송현리,6,2023-06-09
5180033027,강원특별자치도,양구군,방산면,고방산리,7,2023-06-09
5180033028,강원특별자치도,양구군,방산면,천미리,8,2023-06-09
5180033029,강원특별자치도,양구군,방산면,건솔리,9,2023-06-09
5180034000,강원특별자치도,양구군,해안면,,5,2023-06-09
5180034021,강원특별자치도,양구군,해안면,현리,1,2023-06-09
5180034022,강원특별자치도,양구군,해안면,오유리,2,2023-06-09
5180034023,강원특별자치도,양구군,해안면,만대리,3,2023-06-09
5180034024,강원특별자치도,양구군,해안면,월산리,4,2023-06-09
5180034025,강원특별자치도,양구군,해안면,이현리,5,2023-06-09
5180034026,강원특별자치도,양구군,해안면,후리,6,2023-06-09
5181000000,강원특별자치도,인제군,,,16,2023-06-09
5181025000,강원특별자치도,인제군,인제읍,,1,2023-06-09
5181025021,강원특별자치도,인제군,인제읍,상동리,1,2023-06-09
5181025022,강원특별자치도,인제군,인제읍,남북리,2,2023-06-09
5181025023,강원특별자치도,인제군,인제읍,합강리,3,2023-06-09
5181025024,강원특별자치도,인제군,인제읍,덕산리,4,2023-06-09
5181025025,강원특별자치도,인제군,인제읍,덕적리,5,2023-06-09
5181025026,강원특별자치도,인제군,인제읍,원대리,6,2023-06-09
5181025027,강원특별자치도,인제군,인제읍,귀둔리,7,2023-06-09
5181025028,강원특별자치도,인제군,인제읍,가아리,8,2023-06-09
5181025029,강원특별자치도,인제군,인제읍,가리산리,9,2023-06-09
5181025030,강원특별자치도,인제군,인제읍,하추리,10,2023-06-09
5181025031,강원특별자치도,인제군,인제읍,고사리,11,2023-06-09
5181031000,강원특별자치도,인제군,남면,,2,2023-06-09
5181031021,강원특별자치도,인제군,남면,신남리,1,2023-06-09
5181031022,강원특별자치도,인제군,남면,신풍리,2,2023-06-09
5181031023,강원특별자치도,인제군,남면,어론리,3,2023-06-09
5181031024,강원특별자치도,인제군,남면,부평리,4,2023-06-09
5181031025,강원특별자치도,인제군,남면,갑둔리,5,2023-06-09
5181031026,강원특별자치도,인제군,남면,정자리,6,2023-06-09
5181031027,강원특별자치도,인제군,남면,남전리,7,2023-06-09
5181031028,강원특별자치도,인제군,남면,관대리,8,2023-06-09
5181031029,강원특별자치도,인제군,남면,신월리,9,2023-06-09
5181031030,강원특별자치도,인제군,남면,상수내리,10,2023-06-09
5181031031,강원특별자치도,인제군,남면,하수내리,11,2023-06-09
5181031032,강원특별자치도,인제군,남면,수산리,12,2023-06-09
5181031033,강원특별자치도,인제군,남면,소치리,13,2023-06-09
5181032000,강원특별자치도,인제군,북면,,3,2023-06-09
5181032021,강원특별자치도,인제군,북면,원통리,1,2023-06-09
5181032022,강원특별자치도,인제군,북면,월학리,2,2023-06-09
5181032023,강원특별자치도,인제군,북면,한계리,3,2023-06-09
5181032024,강원특별자치도,인제군,북면,용대리,4,2023-06-09
5181033000,강원특별자치도,인제군,기린면,,4,2023-06-09
5181033021,강원특별자치도,인제군,기린면,현리,1,2023-06-09
5181033022,강원특별자치도,인제군,기린면,북리,2,2023-06-09
5181033023,강원특별자치도,인제군,기린면,서리,3,2023-06-09
5181033024,강원특별자치도,인제군,기린면,방동리,4,2023-06-09
5181033025,강원특별자치도,인제군,기린면,진동리,5,2023-06-09
5181034000,강원특별자치도,인제군,서화면,,5,2023-06-09
5181034021,강원특별자치도,인제군,서화면,천도리,1,2023-06-09
5181034022,강원특별자치도,인제군,서화면,서흥리,2,2023-06-09
5181034023,강원특별자치도,인제군,서화면,서화리,3,2023-06-09
5181034024,강원특별자치도,인제군,서화면,가전리,4,2023-06-09
5181034025,강원특별자치도,인제군,서화면,심적리,5,2023-06-09
5181034026,강원특별자치도,인제군,서화면,서희리,6,2023-06-09
5181034027,강원특별자치도,인제군,서화면,장승리,7,2023-06-09
5181035000,강원특별자치도,인제군,상남면,,6,2023-06-09
5181035021,강원특별자치도,인제군,상남면,상남리,1,2023-06-09
5181035022,강원특별자치도,인제군,상남면,하남리,2,2023-06-09
5181035023,강원특별자치도,인제군,상남면,미산리,3,2023-06-09
5181035024,강원특별자치도,인제군,상남면,김부리,4,2023-06-09
5182000000,강원특별자치도,고성군,,,17,2023-06-09
5182025000,강원특별자치도,고성군,간성읍,,1,2023-06-09
5182025021,강원특별자치도,고성군,간성읍,하리,1,2023-06-09
5182025022,강원특별자치도,고성군,간성읍,신안리,2,2023-06-09
5182025023,강원특별자치도,고성군,간성읍,동호리,3,2023-06-09
5182025024,강원특별자치도,고성군,간성읍,봉호리,4,2023-06-09
5182025025,강원특별자치도,고성군,간성읍,상리,5,2023-06-09
5182025026,강원특별자치도,고성군,간성읍,간촌리,6,2023-06-09
5182025027,강원특별자치도,고성군,간성읍,교동리,7,2023-06-09
5182025028,강원특별자치도,고성군,간성읍,해상리,8,2023-06-09
5182025029,강원특별자치도,고성군,간성읍,광산리,9,2023-06-09
5182025030,강원특별자치도,고성군,간성읍,어천리,10,2023-06-09
5182025031,강원특별자치도,고성군,간성읍,장신리,11,2023-06-09
5182025032,강원특별자치도,고성군,간성읍,진부리,12,2023-06-09
5182025033,강원특별자치도,고성군,간성읍,탑동리,13,2023-06-09
5182025034,강원특별자치도,고성군,간성읍,선유실리,14,2023-06-09
5182025035,강원특별자치도,고성군,간성읍,금수리,15,2023-06-09
5182025036,강원특별자치도,고성군,간성읍,탑현리,16,2023-06-09
5182025037,강원특별자치도,고성군,간성읍,흘리,17,2023-06-09
5182025300,강원특별자치도,고성군,거진읍,,2,2023-06-09
5182025321,강원특별자치도,고성군,거진읍,거진리,1,2023-06-09
5182025322,강원특별자치도,고성군,거진읍,화포리,2,2023-06-09
5182025323,강원특별자치도,고성군,거진읍,원당리,3,2023-06-09
5182025324,강원특별자치도,고성군,거진읍,송정리,4,2023-06-09
5182025325,강원특별자치도,고성군,거진읍,용하리,5,2023-06-09
5182025326,강원특별자치도,고성군,거진읍,산북리,6,2023-06-09
5182025327,강원특별자치도,고성군,거진읍,송강리,7,2023-06-09
5182025328,강원특별자치도,고성군,거진읍,석문리,8,2023-06-09
5182025329,강원특별자치도,고성군,거진읍,초계리,9,2023-06-09
5182025330,강원특별자치도,고성군,거진읍,대대리,10,2023-06-09
5182025331,강원특별자치도,고성군,거진읍,송죽리,11,2023-06-09
5182025332,강원특별자치도,고성군,거진읍,반암리,12,2023-06-09
5182025333,강원특별자치도,고성군,거진읍,송포리,13,2023-06-09
5182025334,강원특별자치도,고성군,거진읍,봉평리,14,2023-06-09
5182025335,강원특별자치도,고성군,거진읍,냉천리,15,2023-06-09
5182025336,강원특별자치도,고성군,거진읍,오정리,16,2023-06-09
5182025337,강원특별자치도,고성군,거진읍,자산리,17,2023-06-09
5182031000,강원특별자치도,고성군,현내면,,3,2023-06-09
5182031021,강원특별자치도,고성군,현내면,대진리,1,2023-06-09
5182031022,강원특별자치도,고성군,현내면,철통리,2,2023-06-09
5182031023,강원특별자치도,고성군,현내면,초도리,3,2023-06-09
5182031024,강원특별자치도,고성군,현내면,죽정리,4,2023-06-09
5182031025,강원특별자치도,고성군,현내면,산학리,5,2023-06-09
5182031026,강원특별자치도,고성군,현내면,화곡리,6,2023-06-09
5182031027,강원특별자치도,고성군,현내면,마달리,7,2023-06-09
5182031028,강원특별자치도,고성군,현내면,마차진리,8,2023-06-09
5182031029,강원특별자치도,고성군,현내면,명파리,9,2023-06-09
5182031030,강원특별자치도,고성군,현내면,배봉리,10,2023-06-09
5182031032,강원특별자치도,고성군,현내면,검장리,12,2023-06-09
5182031033,강원특별자치도,고성군,현내면,사천리,13,2023-06-09
5182031034,강원특별자치도,고성군,현내면,송현리,14,2023-06-09
5182031035,강원특별자치도,고성군,현내면,명호리,15,2023-06-09
5182031036,강원특별자치도,고성군,현내면,송도진리,16,2023-06-09
5182031037,강원특별자치도,고성군,현내면,제진리,17,2023-06-09
5182031038,강원특별자치도,고성군,현내면,대강리,0,2023-06-09
5182032000,강원특별자치도,고성군,죽왕면,,4,2023-06-09
5182032021,강원특별자치도,고성군,죽왕면,오호리,1,2023-06-09
5182032022,강원특별자치도,고성군,죽왕면,향목리,2,2023-06-09
5182032023,강원특별자치도,고성군,죽왕면,가진리,3,2023-06-09
5182032024,강원특별자치도,고성군,죽왕면,공현진리,4,2023-06-09
5182032025,강원특별자치도,고성군,죽왕면,오봉리,5,2023-06-09
5182032026,강원특별자치도,고성군,죽왕면,인정리,6,2023-06-09
5182032027,강원특별자치도,고성군,죽왕면,구성리,7,2023-06-09
5182032028,강원특별자치도,고성군,죽왕면,마좌리,8,2023-06-09
5182032029,강원특별자치도,고성군,죽왕면,삼포리,9,2023-06-09
5182032030,강원특별자치도,고성군,죽왕면,야촌리,10,2023-06-09
5182032031,강원특별자치도,고성군,죽왕면,문암진리,11,2023-06-09
5182032032,강원특별자치도,고성군,죽왕면,송암리,12,2023-06-09
5182033000,강원특별자치도,고성군,토성면,,5,2023-06-09
5182033021,강원특별자치도,고성군,토성면,천진리,1,2023-06-09
5182033022,강원특별자치도,고성군,토성면,청간리,2,2023-06-09
5182033023,강원특별자치도,고성군,토성면,아야진리,3,2023-06-09
5182033024,강원특별자치도,고성군,토성면,교암리,4,2023-06-09
5182033025,강원특별자치도,고성군,토성면,백촌리,5,2023-06-09
5182033026,강원특별자치도,고성군,토성면,운봉리,6,2023-06-09
5182033027,강원특별자치도,고성군,토성면,학야리,7,2023-06-09
5182033028,강원특별자치도,고성군,토성면,도원리,8,2023-06-09
5182033029,강원특별자치도,고성군,토성면,용암리,9,2023-06-09
5182033030,강원특별자치도,고성군,토성면,신평리,10,2023-06-09
5182033031,강원특별자치도,고성군,토성면,인흥리,11,2023-06-09
5182033032,강원특별자치도,고성군,토성면,성천리,12,2023-06-09
5182033033,강원특별자치도,고성군,토성면,원암리,13,2023-06-09
5182033034,강원특별자치도,고성군,토성면,용촌리,14,2023-06-09
5182033035,강원특별자치도,고성군,토성면,봉포리,15,2023-06-09
5182033036,강원특별자치도,고성군,토성면,성대리,16,2023-06-09
5182033037,강원특별자치도,고성군,토성면,금화정리,17,2023-06-09
5182034000,강원특별자치도,고성군,수동면,,6,2023-06-09
5182034021,강원특별자치도,고성군,수동면,신대리,1,2023-06-09
5182034022,강원특별자치도,고성군,수동면,외면리,2,2023-06-09
5182034023,강원특별자치도,고성군,수동면,덕산리,3,2023-06-09
5182034024,강원특별자치도,고성군,수동면,사비리,4,2023-06-09
5182034025,강원특별자치도,고성군,수동면,고미성리,5,2023-06-09
5182034026,강원특별자치도,고성군,수동면,신탄리,6,2023-06-09
5182034027,강원특별자치도,고성군,수동면,사천리,7,2023-06-09
5182034028,강원특별자치도,고성군,수동면,상원리,8,2023-06-09
5183000000,강원특별자치도,양양군,,,18,2023-06-09
5183025000,강원특별자치도,양양군,양양읍,,1,2023-06-09
5183025021,강원특별자치도,양양군,양양읍,남문리,1,2023-06-09
5183025022,강원특별자치도,양양군,양양읍,구교리,2,2023-06-09
5183025023,강원특별자치도,양양군,양양읍,성내리,3,2023-06-09
5183025024,강원특별자치도,양양군,양양읍,군행리,4,2023-06-09
5183025025,강원특별자치도,양양군,양양읍,연창리,5,2023-06-09
5183025026,강원특별자치도,양양군,양양읍,청곡리,6,2023-06-09
5183025027,강원특별자치도,양양군,양양읍,송암리,7,2023-06-09
5183025028,강원특별자치도,양양군,양양읍,월리,8,2023-06-09
5183025029,강원특별자치도,양양군,양양읍,조산리,9,2023-06-09
5183025030,강원특별자치도,양양군,양양읍,사천리,10,2023-06-09
5183025031,강원특별자치도,양양군,양양읍,포월리,11,2023-06-09
5183025032,강원특별자치도,양양군,양양읍,기리,12,2023-06-09
5183025033,강원특별자치도,양양군,양양읍,정손리,13,2023-06-09
5183025034,강원특별자치도,양양군,양양읍,감곡리,14,2023-06-09
5183025035,강원특별자치도,양양군,양양읍,서문리,15,2023-06-09
5183025036,강원특별자치도,양양군,양양읍,내곡리,16,2023-06-09
5183025037,강원특별자치도,양양군,양양읍,임천리,17,2023-06-09
5183025038,강원특별자치도,양양군,양양읍,거마리,18,2023-06-09
5183025039,강원특별자치도,양양군,양양읍,화일리,19,2023-06-09
5183031000,강원특별자치도,양양군,서면,,2,2023-06-09
5183031021,강원특별자치도,양양군,서면,갈천리,1,2023-06-09
5183031022,강원특별자치도,양양군,서면,수리,2,2023-06-09
5183031023,강원특별자치도,양양군,서면,논화리,3,2023-06-09
5183031024,강원특별자치도,양양군,서면,용소리,4,2023-06-09
5183031025,강원특별자치도,양양군,서면,내현리,5,2023-06-09
5183031026,강원특별자치도,양양군,서면,용천리,6,2023-06-09
5183031027,강원특별자치도,양양군,서면,북평리,7,2023-06-09
5183031028,강원특별자치도,양양군,서면,범부리,8,2023-06-09
5183031029,강원특별자치도,양양군,서면,상평리,9,2023-06-09
5183031030,강원특별자치도,양양군,서면,장승리,10,2023-06-09
5183031031,강원특별자치도,양양군,서면,서선리,11,2023-06-09
5183031032,강원특별자치도,양양군,서면,가라피리,12,2023-06-09
5183031033,강원특별자치도,양양군,서면,오색리,13,2023-06-09
5183031034,강원특별자치도,양양군,서면,영덕리,14,2023-06-09
5183031035,강원특별자치도,양양군,서면,서림리,15,2023-06-09
5183031036,강원특별자치도,양양군,서면,미천리,16,2023-06-09
5183031037,강원특별자치도,양양군,서면,북암리,17,2023-06-09
5183031038,강원특별자치도,양양군,서면,송천리,18,2023-06-09
5183031039,강원특별자치도,양양군,서면,송어리,19,2023-06-09
5183031040,강원특별자치도,양양군,서면,공수전리,20,2023-06-09
5183032000,강원특별자치도,양양군,손양면,,3,2023-06-09
5183032021,강원특별자치도,양양군,손양면,동호리,1,2023-06-09
5183032022,강원특별자치도,양양군,손양면,금강리,2,2023-06-09
5183032023,강원특별자치도,양양군,손양면,송전리,3,2023-06-09
5183032024,강원특별자치도,양양군,손양면,가평리,4,2023-06-09
5183032025,강원특별자치도,양양군,손양면,오산리,5,2023-06-09
5183032026,강원특별자치도,양양군,손양면,삽존리,6,2023-06-09
5183032027,강원특별자치도,양양군,손양면,석계리,7,2023-06-09
5183032028,강원특별자치도,양양군,손양면,학포리,8,2023-06-09
5183032029,강원특별자치도,양양군,손양면,수여리,9,2023-06-09
5183032030,강원특별자치도,양양군,손양면,상양혈리,10,2023-06-09
5183032031,강원특별자치도,양양군,손양면,하양혈리,11,2023-06-09
5183032032,강원특별자치도,양양군,손양면,부소치리,12,2023-06-09
5183032033,강원특별자치도,양양군,손양면,수산리,13,2023-06-09
5183032034,강원특별자치도,양양군,손양면,와리,14,2023-06-09
5183032035,강원특별자치도,양양군,손양면,간리,15,2023-06-09
5183032036,강원특별자치도,양양군,손양면,상왕도리,16,2023-06-09
5183032037,강원특별자치도,양양군,손양면,하왕도리,17,2023-06-09
5183032038,강원특별자치도,양양군,손양면,도화리,18,2023-06-09
5183032039,강원특별자치도,양양군,손양면,송현리,19,2023-06-09
5183032040,강원특별자치도,양양군,손양면,주리,20,2023-06-09
5183032041,강원특별자치도,양양군,손양면,여운포리,21,2023-06-09
5183032042,강원특별자치도,양양군,손양면,상운리,22,2023-06-09
5183032043,강원특별자치도,양양군,손양면,밀양리,23,2023-06-09
5183032044,강원특별자치도,양양군,손양면,우암리,24,2023-06-09
5183033000,강원특별자치도,양양군,현북면,,4,2023-06-09
5183033021,강원특별자치도,양양군,현북면,잔교리,1,2023-06-09
5183033022,강원특별자치도,양양군,현북면,기사문리,2,2023-06-09
5183033023,강원특별자치도,양양군,현북면,명지리,3,2023-06-09
5183033024,강원특별자치도,양양군,현북면,장리,4,2023-06-09
5183033025,강원특별자치도,양양군,현북면,도리,5,2023-06-09
5183033026,강원특별자치도,양양군,현북면,말곡리,6,2023-06-09
5183033027,강원특별자치도,양양군,현북면,대치리,7,2023-06-09
5183033028,강원특별자치도,양양군,현북면,상광정리,8,2023-06-09
5183033029,강원특별자치도,양양군,현북면,중광정리,9,2023-06-09
5183033030,강원특별자치도,양양군,현북면,하광정리,10,2023-06-09
5183033031,강원특별자치도,양양군,현북면,어성전리,11,2023-06-09
5183033032,강원특별자치도,양양군,현북면,원일전리,12,2023-06-09
5183033033,강원특별자치도,양양군,현북면,면옥치리,13,2023-06-09
5183033034,강원특별자치도,양양군,현북면,법수치리,14,2023-06-09
5183034000,강원특별자치도,양양군,현남면,,5,2023-06-09
5183034021,강원특별자치도,양양군,현남면,인구리,1,2023-06-09
5183034022,강원특별자치도,양양군,현남면,북분리,2,2023-06-09
5183034023,강원특별자치도,양양군,현남면,동산리,3,2023-06-09
5183034024,강원특별자치도,양양군,현남면,시변리,4,2023-06-09
5183034025,강원특별자치도,양양군,현남면,정자리,5,2023-06-09
5183034026,강원특별자치도,양양군,현남면,광진리,6,2023-06-09
5183034027,강원특별자치도,양양군,현남면,전포매리,7,2023-06-09
5183034028,강원특별자치도,양양군,현남면,후포매리,8,2023-06-09
5183034029,강원특별자치도,양양군,현남면,견불리,9,2023-06-09
5183034030,강원특별자치도,양양군,현남면,상월천리,10,2023-06-09
5183034031,강원특별자치도,양양군,현남면,하월천리,11,2023-06-09
5183034032,강원특별자치도,양양군,현남면,창리,12,2023-06-09
5183034033,강원특별자치도,양양군,현남면,임호정리,13,2023-06-09
5183034034,강원특별자치도,양양군,현남면,원포리,14,2023-06-09
5183034035,강원특별자치도,양양군,현남면,지리,15,2023-06-09
5183034036,강원특별자치도,양양군,현남면,지경리,16,2023-06-09
5183034037,강원특별자치도,양양군,현남면,입암리,17,2023-06-09
5183034038,강원특별자치도,양양군,현남면,남애리,18,2023-06-09
5183034039,강원특별자치도,양양군,현남면,주리,19,2023-06-09
5183034040,강원특별자치도,양양군,현남면,두리,20,2023-06-09
5183034041,강원특별자치도,양양군,현남면,죽리,21,2023-06-09
5183035000,강원특별자치도,양양군,강현면,,6,2023-06-09
5183035021,강원특별자치도,양양군,강현면,상복리,1,2023-06-09
5183035022,강원특별자치도,양양군,강현면,중복리,2,2023-06-09
5183035023,강원특별자치도,양양군,강현면,하복리,3,2023-06-09
5183035024,강원특별자치도,양양군,강현면,강선리,4,2023-06-09
5183035025,강원특별자치도,양양군,강현면,물치리,5,2023-06-09
5183035026,강원특별자치도,양양군,강현면,간곡리,6,2023-06-09
5183035027,강원특별자치도,양양군,강현면,둔전리,7,2023-06-09
5183035028,강원특별자치도,양양군,강현면,석교리,8,2023-06-09
5183035029,강원특별자치도,양양군,강현면,침교리,9,2023-06-09
5183035030,강원특별자치도,양양군,강현면,회룡리,10,2023-06-09
5183035031,강원특별자치도,양양군,강현면,금풍리,11,2023-06-09
5183035032,강원특별자치도,양양군,강현면,사교리,12,2023-06-09
5183035033,강원특별자치도,양양군,강현면,방축리,13,2023-06-09
5183035034,강원특별자치도,양양군,강현면,답리,14,2023-06-09
5183035035,강원특별자치도,양양군,강현면,광석리,15,2023-06-09
5183035036,강원특별자치도,양양군,강현면,정암리,16,2023-06-09
5183035037,강원특별자치도,양양군,강현면,용호리,17,2023-06-09
5183035038,강원특별자치도,양양군,강현면,장산리,18,2023-06-09
5183035039,강원특별자치도,양양군,강현면,전진리,19,2023-06-09
5183035040,강원특별자치도,양양군,강현면,주청리,20,2023-06-09
5183035041,강원특별자치도,양양군,강현면,적은리,21,2023-06-09
5183035042,강원특별자치도,양양군,강현면,물갑리,22,2023-06-09
5200000000,전북특별자치도,,,,12,2024-01-18
5211000000,전북특별자치도,전주시,,,1,2024-01-18
5211100000,전북특별자치도,전주시완산구,,,2,2024-01-18
5211110100,전북특별자치도,전주시완산구,중앙동1가,,1,2024-01-18
5211110200,전북특별자치도,전주시완산구,중앙동2가,,2,2024-01-18
5211110300,전북특별자치도,전주시완산구,중앙동3가,,3,2024-01-18
5211110400,전북특별자치도,전주시완산구,중앙동4가,,4,2024-01-18
5211110500,전북특별자치도,전주시완산구,경원동1가,,5,2024-01-18
5211110600,전북특별자치도,전주시완산구,경원동2가,,6,2024-01-18
5211110700,전북특별자치도,전주시완산구,경원동3가,,7,2024-01-18
5211110800,전북특별자치도,전주시완산구,풍남동1가,,8,2024-01-18
5211110900,전북특별자치도,전주시완산구,풍남동2가,,9,2024-01-18
5211111000,전북특별자치도,전주시완산구,풍남동3가,,10,2024-01-18
5211111100,전북특별자치도,전주시완산구,전동,,11,2024-01-18
5211111200,전북특별자치도,전주시완산구,전동3가,,12,2024-01-18
5211111300,전북특별자치도,전주시완산구,다가동1가,,13,2024-01-18
5211111400,전북특별자치도,전주시완산구,다가동2가,,14,2024-01-18
5211111500,전북특별자치도,전주시완산구,다가동3가,,15,2024-01-18
5211111600,전북특별자치도,전주시완산구,다가동4가,,16,2024-01-18
5211111700,전북특별자치도,전주시완산구,고사동,,17,2024-01-18
5211111800,전북특별자치도,전주시완산구,교동,,18,2024-01-18
5211111900,전북특별자치도,전주시완산구,태평동,,19,2024-01-18
5211112000,전북특별자치도,전주시완산구,중노송동,,20,2024-01-18
5211112100,전북특별자치도,전주시완산구,남노송동,,21,2024-01-18
5211112200,전북특별자치도,전주시완산구,동완산동,,22,2024-01-18
5211112300,전북특별자치도,전주시완산구,서완산동1가,,23,2024-01-18
5211112400,전북특별자치도,전주시완산구,서완산동2가,,24,2024-01-18
5211112500,전북특별자치도,전주시완산구,동서학동,,25,2024-01-18
5211112600,전북특별자치도,전주시완산구,서서학동,,26,2024-01-18
5211112700,전북특별자치도,전주시완산구,중화산동1가,,27,2024-01-18
5211112800,전북특별자치도,전주시완산구,중화산동2가,,28,2024-01-18
5211112900,전북특별자치도,전주시완산구,서신동,,29,2024-01-18
5211113000,전북특별자치도,전주시완산구,석구동,,30,2024-01-18
5211113100,전북특별자치도,전주시완산구,원당동,,31,2024-01-18
5211113200,전북특별자치도,전주시완산구,평화동1가,,32,2024-01-18
5211113300,전북특별자치도,전주시완산구,평화동2가,,33,2024-01-18
5211113400,전북특별자치도,전주시완산구,평화동3가,,34,2024-01-18
5211113500,전북특별자치도,전주시완산구,중인동,,35,2024-01-18
5211113600,전북특별자치도,전주시완산구,용복동,,36,2024-01-18
5211113700,전북특별자치도,전주시완산구,삼천동1가,,37,2024-01-18
5211113800,전북특별자치도,전주시완산구,삼천동2가,,38,2024-01-18
5211113900,전북특별자치도,전주시완산구,삼천동3가,,39,2024-01-18
5211114000,전북특별자치도,전주시완산구,효자동1가,,40,2024-01-18
5211114100,전북특별자치도,전주시완산구,효자동2가,,41,2024-01-18
5211114200,전북특별자치도,전주시완산구,효자동3가,,42,2024-01-18
5211114300,전북특별자치도,전주시완산구,대성동,,43,2024-01-18
5211114400,전북특별자치도,전주시완산구,색장동,,46,2024-01-18
5211114500,전북특별자치도,전주시완산구,상림동,,44,2024-01-18
5211114700,전북특별자치도,전주시완산구,서노송동,,1,2024-01-18
5211300000,전북특별자치도,전주시덕진구,,,3,2024-01-18
5211310200,전북특별자치도,전주시덕진구,진북동,,2,2024-01-18
5211310300,전북특별자치도,전주시덕진구,인후동1가,,3,2024-01-18
5211310400,전북특별자치도,전주시덕진구,인후동2가,,4,2024-01-18
5211310500,전북특별자치도,전주시덕진구,덕진동1가,,5,2024-01-18
5211310600,전북특별자치도,전주시덕진구,덕진동2가,,6,2024-01-18
5211310700,전북특별자치도,전주시덕진구,금암동,,7,2024-01-18
5211310800,전북특별자치도,전주시덕진구,팔복동1가,,8,2024-01-18
5211310900,전북특별자치도,전주시덕진구,팔복동2가,,9,2024-01-18
5211311000,전북특별자치도,전주시덕진구,팔복동3가,,10,2024-01-18
5211311100,전북특별자치도,전주시덕진구,산정동,,11,2024-01-18
5211311200,전북특별자치도,전주시덕진구,금상동,,12,2024-01-18
5211311300,전북특별자치도,전주시덕진구,우아동1가,,13,2024-01-18
5211311400,전북특별자치도,전주시덕진구,우아동2가,,14,2024-01-18
5211311500,전북특별자치도,전주시덕진구,우아동3가,,15,2024-01-18
5211311600,전북특별자치도,전주시덕진구,호성동1가,,16,2024-01-18
5211311700,전북특별자치도,전주시덕진구,호성동2가,,17,2024-01-18
5211311800,전북특별자치도,전주시덕진구,호성동3가,,18,2024-01-18
5211311900,전북특별자치도,전주시덕진구,전미동1가,,19,2024-01-18
5211312000,전북특별자치도,전주시덕진구,전미동2가,,20,2024-01-18
5211312100,전북특별자치도,전주시덕진구,송천동1가,,21,2024-01-18
5211312200,전북특별자치도,전주시덕진구,송천동2가,,22,2024-01-18
5211312300,전북특별자치도,전주시덕진구,반월동,,23,2024-01-18
5211312400,전북특별자치도,전주시덕진구,화전동,,24,2024-01-18
5211312500,전북특별자치도,전주시덕진구,용정동,,25,2024-01-18
5211312600,전북특별자치도,전주시덕진구,성덕동,,26,2024-01-18
5211312700,전북특별자치도,전주시덕진구,원동,,27,2024-01-18
5211312900,전북특별자치도,전주시덕진구,고랑동,,29,2024-01-18
5211313000,전북특별자치도,전주시덕진구,여의동,,30,2024-01-18
5211313100,전북특별자치도,전주시덕진구,만성동,,31,2024-01-18
5211313200,전북특별자치도,전주시덕진구,장동,,32,2024-01-18
5211313300,전북특별자치도,전주시덕진구,팔복동4가,,33,2024-01-18
5211313400,전북특별자치도,전주시덕진구,도도동,,34,2024-01-18
5211313500,전북특별자치도,전주시덕진구,강흥동,,35,2024-01-18
5211313600,전북특별자치도,전주시덕진구,도덕동,,36,2024-01-18
5211313700,전북특별자치도,전주시덕진구,남정동,,37,2024-01-18
5211313800,전북특별자치도,전주시덕진구,중동,,1,2024-01-18
5211313900,전북특별자치도,전주시덕진구,여의동2가,,28,2024-01-18
5213000000,전북특별자치도,군산시,,,4,2024-01-18
5213010100,전북특별자치도,군산시,해망동,,1,2024-01-18
5213010200,전북특별자치도,군산시,신흥동,,2,2024-01-18
5213010300,전북특별자치도,군산시,금동,,3,2024-01-18
5213010400,전북특별자치도,군산시,월명동,,4,2024-01-18
5213010500,전북특별자치도,군산시,신창동,,5,2024-01-18
5213010600,전북특별자치도,군산시,오룡동,,6,2024-01-18
5213010700,전북특별자치도,군산시,금광동,,7,2024-01-18
5213010800,전북특별자치도,군산시,신풍동,,8,2024-01-18
5213010900,전북특별자치도,군산시,송풍동,,9,2024-01-18
5213011000,전북특별자치도,군산시,문화동,,10,2024-01-18
5213011100,전북특별자치도,군산시,삼학동,,11,2024-01-18
5213011200,전북특별자치도,군산시,선양동,,12,2024-01-18
5213011300,전북특별자치도,군산시,둔율동,,13,2024-01-18
5213011400,전북특별자치도,군산시,창성동,,14,2024-01-18
5213011500,전북특별자치도,군산시,명산동,,15,2024-01-18
5213011600,전북특별자치도,군산시,송창동,,16,2024-01-18
5213011700,전북특별자치도,군산시,개복동,,17,2024-01-18
5213011800,전북특별자치도,군산시,중앙로1가,,18,2024-01-18
5213011900,전북특별자치도,군산시,영화동,,19,2024-01-18
5213012000,전북특별자치도,군산시,장미동,,20,2024-01-18
5213012100,전북특별자치도,군산시,중앙로2가,,21,2024-01-18
5213012200,전북특별자치도,군산시,영동,,22,2024-01-18
5213012300,전북특별자치도,군산시,신영동,,23,2024-01-18
5213012400,전북특별자치도,군산시,죽성동,,24,2024-01-18
5213012500,전북특별자치도,군산시,평화동,,25,2024-01-18
5213012600,전북특별자치도,군산시,중앙로3가,,26,2024-01-18
5213012700,전북특별자치도,군산시,대명동,,27,2024-01-18
5213012800,전북특별자치도,군산시,장재동,,28,2024-01-18
5213012900,전북특별자치도,군산시,미원동,,29,2024-01-18
5213013000,전북특별자치도,군산시,중동,,30,2024-01-18
5213013100,전북특별자치도,군산시,금암동,,31,2024-01-18
5213013200,전북특별자치도,군산시,동흥남동,,32,2024-01-18
5213013300,전북특별자치도,군산시,서흥남동,,33,2024-01-18
5213013400,전북특별자치도,군산시,조촌동,,34,2024-01-18
5213013500,전북특별자치도,군산시,경장동,,35,2024-01-18
5213013600,전북특별자치도,군산시,경암동,,36,2024-01-18
5213013700,전북특별자치도,군산시,구암동,,37,2024-01-18
5213013800,전북특별자치도,군산시,내흥동,,38,2024-01-18
5213013900,전북특별자치도,군산시,개정동,,39,2024-01-18
5213014000,전북특별자치도,군산시,사정동,,40,2024-01-18
5213014100,전북특별자치도,군산시,수송동,,41,2024-01-18
5213014200,전북특별자치도,군산시,미장동,,42,2024-01-18
5213014300,전북특별자치도,군산시,지곡동,,43,2024-01-18
5213014400,전북특별자치도,군산시,나운동,,44,2024-01-18
5213014500,전북특별자치도,군산시,미룡동,,45,2024-01-18
5213014600,전북특별자치도,군산시,소룡동,,46,2024-01-18
5213014700,전북특별자치도,군산시,오식도동,,47,2024-01-18
5213014800,전북특별자치도,군산시,비응도동,,48,2024-01-18
5213014900,전북특별자치도,군산시,신관동,,49,2024-01-18
5213015000,전북특별자치도,군산시,개사동,,50,2024-01-18
5213015100,전북특별자치도,군산시,산북동,,51,2024-01-18
5213015200,전북특별자치도,군산시,내초동,,52,2024-01-18
5213025000,전북특별자치도,군산시,옥구읍,,53,2024-01-18
5213025021,전북특별자치도,군산시,옥구읍,옥정리,1,2024-01-18
5213025022,전북특별자치도,군산시,옥구읍,상평리,2,2024-01-18
5213025023,전북특별자치도,군산시,옥구읍,이곡리,3,2024-01-18
5213025024,전북특별자치도,군산시,옥구읍,수산리,4,2024-01-18
5213025025,전북특별자치도,군산시,옥구읍,오곡리,5,2024-01-18
5213025026,전북특별자치도,군산시,옥구읍,선제리,6,2024-01-18
5213025027,전북특별자치도,군산시,옥구읍,어은리,7,2024-01-18
5213031000,전북특별자치도,군산시,옥산면,,54,2024-01-18
5213031021,전북특별자치도,군산시,옥산면,옥산리,1,2024-01-18
5213031022,전북특별자치도,군산시,옥산면,남내리,2,2024-01-18
5213031023,전북특별자치도,군산시,옥산면,쌍봉리,3,2024-01-18
5213031024,전북특별자치도,군산시,옥산면,당북리,4,2024-01-18
5213031025,전북특별자치도,군산시,옥산면,금성리,5,2024-01-18
5213032000,전북특별자치도,군산시,회현면,,55,2024-01-18
5213032021,전북특별자치도,군산시,회현면,월연리,1,2024-01-18
5213032022,전북특별자치도,군산시,회현면,금광리,2,2024-01-18
5213032023,전북특별자치도,군산시,회현면,대정리,3,2024-01-18
5213032024,전북특별자치도,군산시,회현면,세장리,4,2024-01-18
5213032025,전북특별자치도,군산시,회현면,고사리,5,2024-01-18
5213032026,전북특별자치도,군산시,회현면,학당리,6,2024-01-18
5213032027,전북특별자치도,군산시,회현면,원우리,7,2024-01-18
5213032028,전북특별자치도,군산시,회현면,증석리,8,2024-01-18
5213033000,전북특별자치도,군산시,임피면,,56,2024-01-18
5213033021,전북특별자치도,군산시,임피면,읍내리,1,2024-01-18
5213033022,전북특별자치도,군산시,임피면,축산리,2,2024-01-18
5213033023,전북특별자치도,군산시,임피면,미원리,3,2024-01-18
5213033024,전북특별자치도,군산시,임피면,보석리,4,2024-01-18
5213033025,전북특별자치도,군산시,임피면,술산리,5,2024-01-18
5213033026,전북특별자치도,군산시,임피면,월하리,6,2024-01-18
5213033027,전북특별자치도,군산시,임피면,영창리,7,2024-01-18
5213034000,전북특별자치도,군산시,서수면,,57,2024-01-18
5213034021,전북특별자치도,군산시,서수면,서수리,1,2024-01-18
5213034022,전북특별자치도,군산시,서수면,축동리,2,2024-01-18
5213034023,전북특별자치도,군산시,서수면,관원리,3,2024-01-18
5213034024,전북특별자치도,군산시,서수면,마룡리,4,2024-01-18
5213034025,전북특별자치도,군산시,서수면,화등리,5,2024-01-18
5213034026,전북특별자치도,군산시,서수면,금암리,6,2024-01-18
5213035000,전북특별자치도,군산시,대야면,,58,2024-01-18
5213035021,전북특별자치도,군산시,대야면,산월리,1,2024-01-18
5213035022,전북특별자치도,군산시,대야면,지경리,2,2024-01-18
5213035023,전북특별자치도,군산시,대야면,복교리,3,2024-01-18
5213035024,전북특별자치도,군산시,대야면,광교리,4,2024-01-18
5213035025,전북특별자치도,군산시,대야면,접산리,5,2024-01-18
5213035026,전북특별자치도,군산시,대야면,죽산리,6,2024-01-18
5213035027,전북특별자치도,군산시,대야면,보덕리,7,2024-01-18
5213036000,전북특별자치도,군산시,개정면,,59,2024-01-18
5213036021,전북특별자치도,군산시,개정면,아동리,1,2024-01-18
5213036022,전북특별자치도,군산시,개정면,운회리,2,2024-01-18
5213036023,전북특별자치도,군산시,개정면,아산리,3,2024-01-18
5213036024,전북특별자치도,군산시,개정면,발산리,4,2024-01-18
5213036025,전북특별자치도,군산시,개정면,통사리,5,2024-01-18
5213036026,전북특별자치도,군산시,개정면,옥석리,6,2024-01-18
5213037000,전북특별자치도,군산시,성산면,,60,2024-01-18
5213037021,전북특별자치도,군산시,성산면,성덕리,1,2024-01-18
5213037022,전북특별자치도,군산시,성산면,둔덕리,2,2024-01-18
5213037023,전북특별자치도,군산시,성산면,고봉리,3,2024-01-18
5213037024,전북특별자치도,군산시,성산면,도암리,4,2024-01-18
5213037025,전북특별자치도,군산시,성산면,여방리,5,2024-01-18
5213037026,전북특별자치도,군산시,성산면,대명리,6,2024-01-18
5213037027,전북특별자치도,군산시,성산면,창오리,7,2024-01-18
5213037028,전북특별자치도,군산시,성산면,산곡리,8,2024-01-18
5213038000,전북특별자치도,군산시,나포면,,61,2024-01-18
5213038021,전북특별자치도,군산시,나포면,나포리,1,2024-01-18
5213038022,전북특별자치도,군산시,나포면,장상리,2,2024-01-18
5213038023,전북특별자치도,군산시,나포면,옥곤리,3,2024-01-18
5213038024,전북특별자치도,군산시,나포면,주곡리,4,2024-01-18
5213038025,전북특별자치도,군산시,나포면,부곡리,5,2024-01-18
5213038026,전북특별자치도,군산시,나포면,서포리,6,2024-01-18
5213039000,전북특별자치도,군산시,옥도면,,62,2024-01-18
5213039021,전북특별자치도,군산시,옥도면,개야도리,1,2024-01-18
5213039022,전북특별자치도,군산시,옥도면,연도리,2,2024-01-18
5213039023,전북특별자치도,군산시,옥도면,어청도리,3,2024-01-18
5213039024,전북특별자치도,군산시,옥도면,선유도리,4,2024-01-18
5213039025,전북특별자치도,군산시,옥도면,무녀도리,5,2024-01-18
5213039026,전북특별자치도,군산시,옥도면,신시도리,6,2024-01-18
5213039027,전북특별자치도,군산시,옥도면,야미도리,7,2024-01-18
5213039028,전북특별자치도,군산시,옥도면,장자도리,8,2024-01-18
5213039029,전북특별자치도,군산시,옥도면,관리도리,9,2024-01-18
5213039030,전북특별자치도,군산시,옥도면,말도리,10,2024-01-18
5213039031,전북특별자치도,군산시,옥도면,비안도리,11,2024-01-18
5213039032,전북특별자치도,군산시,옥도면,죽도리,12,2024-01-18
5213039033,전북특별자치도,군산시,옥도면,대장도리,13,2024-01-18
5213039034,전북특별자치도,군산시,옥도면,두리도리,14,2024-01-18
5213040000,전북특별자치도,군산시,옥서면,,63,2024-01-18
5213040021,전북특별자치도,군산시,옥서면,옥봉리,1,2024-01-18
5213040022,전북특별자치도,군산시,옥서면,선연리,2,2024-01-18
5214000000,전북특별자치도,익산시,,,5,2024-01-18
5214010100,전북특별자치도,익산시,창인동1가,,1,2024-01-18
5214010200,전북특별자치도,익산시,창인동2가,,2,2024-01-18
5214010300,전북특별자치도,익산시,중앙동1가,,3,2024-01-18
5214010400,전북특별자치도,익산시,중앙동2가,,4,2024-01-18
5214010500,전북특별자치도,익산시,중앙동3가,,5,2024-01-18
5214010600,전북특별자치도,익산시,평화동,,6,2024-01-18
5214010700,전북특별자치도,익산시,갈산동,,7,2024-01-18
5214010800,전북특별자치도,익산시,주현동,,8,2024-01-18
5214010900,전북특별자치도,익산시,인화동1가,,9,2024-01-18
5214011000,전북특별자치도,익산시,인화동2가,,10,2024-01-18
5214011100,전북특별자치도,익산시,동산동,,11,2024-01-18
5214011200,전북특별자치도,익산시,마동,,12,2024-01-18
5214011300,전북특별자치도,익산시,남중동,,13,2024-01-18
5214011400,전북특별자치도,익산시,모현동1가,,14,2024-01-18
5214011500,전북특별자치도,익산시,모현동2가,,15,2024-01-18
5214011600,전북특별자치도,익산시,송학동,,16,2024-01-18
5214011700,전북특별자치도,익산시,목천동,,17,2024-01-18
5214011800,전북특별자치도,익산시,만석동,,18,2024-01-18
5214011900,전북특별자치도,익산시,현영동,,19,2024-01-18
5214012000,전북특별자치도,익산시,신용동,,20,2024-01-18
5214012100,전북특별자치도,익산시,신동,,21,2024-01-18
5214012200,전북특별자치도,익산시,영등동,,22,2024-01-18
5214012300,전북특별자치도,익산시,어양동,,23,2024-01-18
5214012400,전북특별자치도,익산시,신흥동,,24,2024-01-18
5214012500,전북특별자치도,익산시,금강동,,25,2024-01-18
5214012600,전북특별자치도,익산시,석탄동,,26,2024-01-18
5214012700,전북특별자치도,익산시,팔봉동,,27,2024-01-18
5214012800,전북특별자치도,익산시,덕기동,,28,2024-01-18
5214012900,전북특별자치도,익산시,석왕동,,29,2024-01-18
5214013000,전북특별자치도,익산시,은기동,,30,2024-01-18
5214013100,전북특별자치도,익산시,정족동,,31,2024-01-18
5214013200,전북특별자치도,익산시,임상동,,32,2024-01-18
5214013300,전북특별자치도,익산시,월성동,,33,2024-01-18
5214013400,전북특별자치도,익산시,부송동,,34,2024-01-18
5214013500,전북특별자치도,익산시,용제동,,35,2024-01-18
5214013600,전북특별자치도,익산시,석암동,,36,2024-01-18
5214025000,전북특별자치도,익산시,함열읍,,37,2024-01-18
5214025021,전북특별자치도,익산시,함열읍,와리,1,2024-01-18
5214025022,전북특별자치도,익산시,함열읍,남당리,2,2024-01-18
5214025023,전북특별자치도,익산시,함열읍,흘산리,3,2024-01-18
5214025024,전북특별자치도,익산시,함열읍,석매리,4,2024-01-18
5214025025,전북특별자치도,익산시,함열읍,용지리,5,2024-01-18
5214025026,전북특별자치도,익산시,함열읍,다송리,6,2024-01-18
5214031000,전북특별자치도,익산시,오산면,,38,2024-01-18
5214031021,전북특별자치도,익산시,오산면,송학리,1,2024-01-18
5214031022,전북특별자치도,익산시,오산면,장신리,2,2024-01-18
5214031023,전북특별자치도,익산시,오산면,영만리,3,2024-01-18
5214031024,전북특별자치도,익산시,오산면,오산리,4,2024-01-18
5214031025,전북특별자치도,익산시,오산면,신지리,5,2024-01-18
5214031026,전북특별자치도,익산시,오산면,남전리,6,2024-01-18
5214031027,전북특별자치도,익산시,오산면,목천리,7,2024-01-18
5214032000,전북특별자치도,익산시,황등면,,39,2024-01-18
5214032021,전북특별자치도,익산시,황등면,황등리,1,2024-01-18
5214032022,전북특별자치도,익산시,황등면,동연리,2,2024-01-18
5214032023,전북특별자치도,익산시,황등면,죽촌리,3,2024-01-18
5214032024,전북특별자치도,익산시,황등면,신성리,4,2024-01-18
5214032025,전북특별자치도,익산시,황등면,구자리,5,2024-01-18
5214032026,전북특별자치도,익산시,황등면,용산리,6,2024-01-18
5214032027,전북특별자치도,익산시,황등면,율촌리,7,2024-01-18
5214032028,전북특별자치도,익산시,황등면,신기리,8,2024-01-18
5214033000,전북특별자치도,익산시,함라면,,40,2024-01-18
5214033021,전북특별자치도,익산시,함라면,함열리,1,2024-01-18
5214033022,전북특별자치도,익산시,함라면,금성리,2,2024-01-18
5214033023,전북특별자치도,익산시,함라면,신대리,3,2024-01-18
5214033024,전북특별자치도,익산시,함라면,다망리,4,2024-01-18
5214033025,전북특별자치도,익산시,함라면,신등리,5,2024-01-18
5214033026,전북특별자치도,익산시,함라면,신목리,6,2024-01-18
5214034000,전북특별자치도,익산시,웅포면,,41,2024-01-18
5214034021,전북특별자치도,익산시,웅포면,입점리,1,2024-01-18
5214034022,전북특별자치도,익산시,웅포면,웅포리,2,2024-01-18
5214034023,전북특별자치도,익산시,웅포면,송천리,3,2024-01-18
5214034024,전북특별자치도,익산시,웅포면,고창리,4,2024-01-18
5214034025,전북특별자치도,익산시,웅포면,맹산리,5,2024-01-18
5214034026,전북특별자치도,익산시,웅포면,제성리,6,2024-01-18
5214034027,전북특별자치도,익산시,웅포면,대붕암리,7,2024-01-18
5214035000,전북특별자치도,익산시,성당면,,42,2024-01-18
5214035021,전북특별자치도,익산시,성당면,장선리,1,2024-01-18
5214035022,전북특별자치도,익산시,성당면,와초리,2,2024-01-18
5214035023,전북특별자치도,익산시,성당면,대선리,3,2024-01-18
5214035024,전북특별자치도,익산시,성당면,갈산리,4,2024-01-18
5214035025,전북특별자치도,익산시,성당면,두동리,5,2024-01-18
5214035026,전북특별자치도,익산시,성당면,성당리,6,2024-01-18
5214035027,전북특별자치도,익산시,성당면,부곡리,7,2024-01-18
5214036000,전북특별자치도,익산시,용안면,,43,2024-01-18
5214036021,전북특별자치도,익산시,용안면,교동리,1,2024-01-18
5214036022,전북특별자치도,익산시,용안면,덕용리,2,2024-01-18
5214036023,전북특별자치도,익산시,용안면,중신리,3,2024-01-18
5214036024,전북특별자치도,익산시,용안면,창리,4,2024-01-18
5214036025,전북특별자치도,익산시,용안면,용두리,5,2024-01-18
5214036026,전북특별자치도,익산시,용안면,법성리,6,2024-01-18
5214036027,전북특별자치도,익산시,용안면,석동리,7,2024-01-18
5214036028,전북특별자치도,익산시,용안면,난포리,8,2024-01-18
5214036029,전북특별자치도,익산시,용안면,송산리,9,2024-01-18
5214036030,전북특별자치도,익산시,용안면,동지산리,10,2024-01-18
5214036031,전북특별자치도,익산시,용안면,칠목리,11,2024-01-18
5214037000,전북특별자치도,익산시,낭산면,,44,2024-01-18
5214037021,전북특별자치도,익산시,낭산면,삼담리,1,2024-01-18
5214037022,전북특별자치도,익산시,낭산면,호암리,2,2024-01-18
5214037023,전북특별자치도,익산시,낭산면,석천리,3,2024-01-18
5214037024,전북특별자치도,익산시,낭산면,낭산리,4,2024-01-18
5214037025,전북특별자치도,익산시,낭산면,성남리,5,2024-01-18
5214037026,전북특별자치도,익산시,낭산면,구평리,6,2024-01-18
5214037027,전북특별자치도,익산시,낭산면,용기리,7,2024-01-18
5214038000,전북특별자치도,익산시,망성면,,45,2024-01-18
5214038021,전북특별자치도,익산시,망성면,신작리,1,2024-01-18
5214038022,전북특별자치도,익산시,망성면,화산리,2,2024-01-18
5214038023,전북특별자치도,익산시,망성면,장선리,3,2024-01-18
5214038024,전북특별자치도,익산시,망성면,어량리,4,2024-01-18
5214038025,전북특별자치도,익산시,망성면,내촌리,5,2024-01-18
5214038026,전북특별자치도,익산시,망성면,무형리,6,2024-01-18
5214039000,전북특별자치도,익산시,여산면,,46,2024-01-18
5214039021,전북특별자치도,익산시,여산면,여산리,1,2024-01-18
5214039022,전북특별자치도,익산시,여산면,제남리,2,2024-01-18
5214039023,전북특별자치도,익산시,여산면,원수리,3,2024-01-18
5214039024,전북특별자치도,익산시,여산면,호산리,4,2024-01-18
5214039025,전북특별자치도,익산시,여산면,태성리,5,2024-01-18
5214039026,전북특별자치도,익산시,여산면,두여리,6,2024-01-18
5214040000,전북특별자치도,익산시,금마면,,47,2024-01-18
5214040021,전북특별자치도,익산시,금마면,동고도리,1,2024-01-18
5214040022,전북특별자치도,익산시,금마면,서고도리,2,2024-01-18
5214040023,전북특별자치도,익산시,금마면,신용리,3,2024-01-18
5214040024,전북특별자치도,익산시,금마면,산북리,4,2024-01-18
5214040025,전북특별자치도,익산시,금마면,용순리,5,2024-01-18
5214040026,전북특별자치도,익산시,금마면,기양리,6,2024-01-18
5214040027,전북특별자치도,익산시,금마면,갈산리,7,2024-01-18
5214041000,전북특별자치도,익산시,왕궁면,,48,2024-01-18
5214041021,전북특별자치도,익산시,왕궁면,광암리,1,2024-01-18
5214041022,전북특별자치도,익산시,왕궁면,흥암리,2,2024-01-18
5214041023,전북특별자치도,익산시,왕궁면,구덕리,3,2024-01-18
5214041024,전북특별자치도,익산시,왕궁면,온수리,4,2024-01-18
5214041025,전북특별자치도,익산시,왕궁면,쌍제리,5,2024-01-18
5214041026,전북특별자치도,익산시,왕궁면,발산리,6,2024-01-18
5214041027,전북특별자치도,익산시,왕궁면,평장리,7,2024-01-18
5214041028,전북특별자치도,익산시,왕궁면,동촌리,8,2024-01-18
5214041029,전북특별자치도,익산시,왕궁면,도순리,9,2024-01-18
5214041030,전북특별자치도,익산시,왕궁면,용화리,10,2024-01-18
5214041031,전북특별자치도,익산시,왕궁면,동봉리,11,2024-01-18
5214041032,전북특별자치도,익산시,왕궁면,동용리,12,2024-01-18
5214041033,전북특별자치도,익산시,왕궁면,왕궁리,13,2024-01-18
5214042000,전북특별자치도,익산시,춘포면,,49,2024-01-18
5214042022,전북특별자치도,익산시,춘포면,덕실리,1,2024-01-18
5214042023,전북특별자치도,익산시,춘포면,삼포리,2,2024-01-18
5214042024,전북특별자치도,익산시,춘포면,오산리,3,2024-01-18
5214042025,전북특별자치도,익산시,춘포면,신동리,4,2024-01-18
5214042026,전북특별자치도,익산시,춘포면,창평리,5,2024-01-18
5214042027,전북특별자치도,익산시,춘포면,천서리,6,2024-01-18
5214042028,전북특별자치도,익산시,춘포면,천동리,7,2024-01-18
5214042029,전북특별자치도,익산시,춘포면,쌍정리,8,2024-01-18
5214042030,전북특별자치도,익산시,춘포면,인수리,9,2024-01-18
5214042031,전북특별자치도,익산시,춘포면,용연리,10,2024-01-18
5214042032,전북특별자치도,익산시,춘포면,춘포리,11,2024-01-18
5214043000,전북특별자치도,익산시,삼기면,,50,2024-01-18
5214043021,전북특별자치도,익산시,삼기면,간촌리,1,2024-01-18
5214043022,전북특별자치도,익산시,삼기면,서두리,2,2024-01-18
5214043023,전북특별자치도,익산시,삼기면,오룡리,3,2024-01-18
5214043024,전북특별자치도,익산시,삼기면,연동리,4,2024-01-18
5214043025,전북특별자치도,익산시,삼기면,기산리,5,2024-01-18
5214043026,전북특별자치도,익산시,삼기면,용연리,6,2024-01-18
5214044000,전북특별자치도,익산시,용동면,,51,2024-01-18
5214044021,전북특별자치도,익산시,용동면,흥왕리,1,2024-01-18
5214044022,전북특별자치도,익산시,용동면,구산리,2,2024-01-18
5214044023,전북특별자치도,익산시,용동면,용성리,3,2024-01-18
5214044024,전북특별자치도,익산시,용동면,대조리,4,2024-01-18
5214044025,전북특별자치도,익산시,용동면,화실리,5,2024-01-18
5214044026,전북특별자치도,익산시,용동면,화배리,6,2024-01-18
5218000000,전북특별자치도,정읍시,,,6,2024-01-18
5218010100,전북특별자치도,정읍시,수성동,,1,2024-01-18
5218010200,전북특별자치도,정읍시,장명동,,2,2024-01-18
5218010300,전북특별자치도,정읍시,상동,,3,2024-01-18
5218010400,전북특별자치도,정읍시,시기동,,4,2024-01-18
5218010500,전북특별자치도,정읍시,연지동,,5,2024-01-18
5218010600,전북특별자치도,정읍시,농소동,,6,2024-01-18
5218010700,전북특별자치도,정읍시,하모동,,7,2024-01-18
5218010800,전북특별자치도,정읍시,상평동,,8,2024-01-18
5218010900,전북특별자치도,정읍시,과교동,,9,2024-01-18
5218011000,전북특별자치도,정읍시,삼산동,,10,2024-01-18
5218011100,전북특별자치도,정읍시,진산동,,11,2024-01-18
5218011200,전북특별자치도,정읍시,금붕동,,12,2024-01-18
5218011300,전북특별자치도,정읍시,송산동,,13,2024-01-18
5218011400,전북특별자치도,정읍시,신월동,,14,2024-01-18
5218011500,전북특별자치도,정읍시,용산동,,15,2024-01-18
5218011600,전북특별자치도,정읍시,교암동,,16,2024-01-18
5218011700,전북특별자치도,정읍시,부전동,,17,2024-01-18
5218011800,전북특별자치도,정읍시,쌍암동,,18,2024-01-18
5218011900,전북특별자치도,정읍시,내장동,,19,2024-01-18
5218012000,전북특별자치도,정읍시,영파동,,20,2024-01-18
5218012100,전북특별자치도,정읍시,하북동,,21,2024-01-18
5218012200,전북특별자치도,정읍시,구룡동,,22,2024-01-18
5218012300,전북특별자치도,정읍시,흑암동,,23,2024-01-18
5218012400,전북특별자치도,정읍시,용계동,,24,2024-01-18
5218012500,전북특별자치도,정읍시,공평동,,25,2024-01-18
5218012600,전북특별자치도,정읍시,망제동,,26,2024-01-18
5218012700,전북특별자치도,정읍시,신정동,,27,2024-01-18
5218025000,전북특별자치도,정읍시,신태인읍,,28,2024-01-18
5218025021,전북특별자치도,정읍시,신태인읍,신태인리,1,2024-01-18
5218025022,전북특별자치도,정읍시,신태인읍,우령리,2,2024-01-18
5218025023,전북특별자치도,정읍시,신태인읍,신덕리,3,2024-01-18
5218025024,전북특별자치도,정읍시,신태인읍,청천리,4,2024-01-18
5218025025,전북특별자치도,정읍시,신태인읍,화호리,5,2024-01-18
5218025026,전북특별자치도,정읍시,신태인읍,육리,6,2024-01-18
5218025027,전북특별자치도,정읍시,신태인읍,연정리,7,2024-01-18
5218025028,전북특별자치도,정읍시,신태인읍,신용리,8,2024-01-18
5218025029,전북특별자치도,정읍시,신태인읍,양괴리,9,2024-01-18
5218025030,전북특별자치도,정읍시,신태인읍,구석리,10,2024-01-18
5218025031,전북특별자치도,정읍시,신태인읍,백산리,11,2024-01-18
5218031000,전북특별자치도,정읍시,북면,,29,2024-01-18
5218031021,전북특별자치도,정읍시,북면,한교리,1,2024-01-18
5218031022,전북특별자치도,정읍시,북면,승부리,2,2024-01-18
5218031023,전북특별자치도,정읍시,북면,신평리,3,2024-01-18
5218031024,전북특별자치도,정읍시,북면,복흥리,4,2024-01-18
5218031025,전북특별자치도,정읍시,북면,태곡리,5,2024-01-18
5218031026,전북특별자치도,정읍시,북면,보림리,6,2024-01-18
5218031027,전북특별자치도,정읍시,북면,마정리,7,2024-01-18
5218031028,전북특별자치도,정읍시,북면,화해리,8,2024-01-18
5218031029,전북특별자치도,정읍시,북면,남산리,9,2024-01-18
5218031030,전북특별자치도,정읍시,북면,장학리,10,2024-01-18
5218032000,전북특별자치도,정읍시,입암면,,30,2024-01-18
5218032021,전북특별자치도,정읍시,입암면,지선리,1,2024-01-18
5218032022,전북특별자치도,정읍시,입암면,단곡리,2,2024-01-18
5218032023,전북특별자치도,정읍시,입암면,연월리,3,2024-01-18
5218032024,전북특별자치도,정읍시,입암면,천원리,4,2024-01-18
5218032025,전북특별자치도,정읍시,입암면,등천리,5,2024-01-18
5218032026,전북특별자치도,정읍시,입암면,하부리,6,2024-01-18
5218032027,전북특별자치도,정읍시,입암면,접지리,7,2024-01-18
5218032028,전북특별자치도,정읍시,입암면,신면리,8,2024-01-18
5218032029,전북특별자치도,정읍시,입암면,마석리,9,2024-01-18
5218032030,전북특별자치도,정읍시,입암면,봉양리,10,2024-01-18
5218032031,전북특별자치도,정읍시,입암면,대흥리,11,2024-01-18
5218033000,전북특별자치도,정읍시,소성면,,31,2024-01-18
5218033021,전북특별자치도,정읍시,소성면,주천리,1,2024-01-18
5218033022,전북특별자치도,정읍시,소성면,보화리,2,2024-01-18
5218033023,전북특별자치도,정읍시,소성면,등계리,3,2024-01-18
5218033024,전북특별자치도,정읍시,소성면,용정리,4,2024-01-18
5218033025,전북특별자치도,정읍시,소성면,화룡리,5,2024-01-18
5218033026,전북특별자치도,정읍시,소성면,고교리,6,2024-01-18
5218033027,전북특별자치도,정읍시,소성면,애당리,7,2024-01-18
5218033028,전북특별자치도,정읍시,소성면,중광리,8,2024-01-18
5218033029,전북특별자치도,정읍시,소성면,신천리,9,2024-01-18
5218033030,전북특별자치도,정읍시,소성면,기린리,10,2024-01-18
5218034000,전북특별자치도,정읍시,고부면,,32,2024-01-18
5218034021,전북특별자치도,정읍시,고부면,관청리,1,2024-01-18
5218034022,전북특별자치도,정읍시,고부면,백운리,2,2024-01-18
5218034023,전북특별자치도,정읍시,고부면,만화리,3,2024-01-18
5218034024,전북특별자치도,정읍시,고부면,신중리,4,2024-01-18
5218034025,전북특별자치도,정읍시,고부면,고부리,5,2024-01-18
5218034026,전북특별자치도,정읍시,고부면,덕안리,6,2024-01-18
5218034027,전북특별자치도,정읍시,고부면,신흥리,7,2024-01-18
5218034028,전북특별자치도,정읍시,고부면,강고리,8,2024-01-18
5218034029,전북특별자치도,정읍시,고부면,남복리,9,2024-01-18
5218034030,전북특별자치도,정읍시,고부면,장문리,10,2024-01-18
5218034031,전북특별자치도,정읍시,고부면,용흥리,11,2024-01-18
5218034032,전북특별자치도,정읍시,고부면,입석리,12,2024-01-18
5218034033,전북특별자치도,정읍시,고부면,만수리,13,2024-01-18
5218035000,전북특별자치도,정읍시,영원면,,33,2024-01-18
5218035021,전북특별자치도,정읍시,영원면,은선리,1,2024-01-18
5218035022,전북특별자치도,정읍시,영원면,신영리,2,2024-01-18
5218035023,전북특별자치도,정읍시,영원면,장재리,3,2024-01-18
5218035024,전북특별자치도,정읍시,영원면,풍월리,4,2024-01-18
5218035025,전북특별자치도,정읍시,영원면,앵성리,5,2024-01-18
5218035026,전북특별자치도,정읍시,영원면,운학리,6,2024-01-18
5218035027,전북특별자치도,정읍시,영원면,후지리,7,2024-01-18
5218036000,전북특별자치도,정읍시,덕천면,,34,2024-01-18
5218036021,전북특별자치도,정읍시,덕천면,하학리,1,2024-01-18
5218036022,전북특별자치도,정읍시,덕천면,상학리,2,2024-01-18
5218036023,전북특별자치도,정읍시,덕천면,신월리,3,2024-01-18
5218036024,전북특별자치도,정읍시,덕천면,우덕리,4,2024-01-18
5218036025,전북특별자치도,정읍시,덕천면,달천리,5,2024-01-18
5218036026,전북특별자치도,정읍시,덕천면,도계리,6,2024-01-18
5218037000,전북특별자치도,정읍시,이평면,,35,2024-01-18
5218037021,전북특별자치도,정읍시,이평면,장내리,1,2024-01-18
5218037022,전북특별자치도,정읍시,이평면,청량리,2,2024-01-18
5218037023,전북특별자치도,정읍시,이평면,팔선리,3,2024-01-18
5218037024,전북특별자치도,정읍시,이평면,산매리,4,2024-01-18
5218037025,전북특별자치도,정읍시,이평면,두지리,5,2024-01-18
5218037026,전북특별자치도,정읍시,이평면,평령리,6,2024-01-18
5218037027,전북특별자치도,정읍시,이평면,창동리,7,2024-01-18
5218037028,전북특별자치도,정읍시,이평면,하송리,8,2024-01-18
5218037029,전북특별자치도,정읍시,이평면,마항리,9,2024-01-18
5218037030,전북특별자치도,정읍시,이평면,두전리,10,2024-01-18
5218037031,전북특별자치도,정읍시,이평면,오금리,11,2024-01-18
5218038000,전북특별자치도,정읍시,정우면,,36,2024-01-18
5218038021,전북특별자치도,정읍시,정우면,우일리,1,2024-01-18
5218038022,전북특별자치도,정읍시,정우면,산북리,2,2024-01-18
5218038023,전북특별자치도,정읍시,정우면,대사리,3,2024-01-18
5218038024,전북특별자치도,정읍시,정우면,화천리,4,2024-01-18
5218038025,전북특별자치도,정읍시,정우면,회룡리,5,2024-01-18
5218038026,전북특별자치도,정읍시,정우면,장순리,6,2024-01-18
5218038027,전북특별자치도,정읍시,정우면,초강리,7,2024-01-18
5218038028,전북특별자치도,정읍시,정우면,대산리,8,2024-01-18
5218038030,전북특별자치도,정읍시,정우면,수금리,9,2024-01-18
5218038031,전북특별자치도,정읍시,정우면,우산리,10,2024-01-18
5218039000,전북특별자치도,정읍시,태인면,,37,2024-01-18
5218039021,전북특별자치도,정읍시,태인면,박산리,1,2024-01-18
5218039022,전북특별자치도,정읍시,태인면,오봉리,2,2024-01-18
5218039023,전북특별자치도,정읍시,태인면,궁사리,3,2024-01-18
5218039024,전북특별자치도,정읍시,태인면,태성리,4,2024-01-18
5218039025,전북특별자치도,정읍시,태인면,거산리,5,2024-01-18
5218039026,전북특별자치도,정읍시,태인면,증산리,6,2024-01-18
5218039027,전북특별자치도,정읍시,태인면,태흥리,7,2024-01-18
5218039028,전북특별자치도,정읍시,태인면,고천리,8,2024-01-18
5218039029,전북특별자치도,정읍시,태인면,낙양리,9,2024-01-18
5218039030,전북특별자치도,정읍시,태인면,태창리,10,2024-01-18
5218039031,전북특별자치도,정읍시,태인면,태남리,11,2024-01-18
5218039032,전북특별자치도,정읍시,태인면,매계리,12,2024-01-18
5218039033,전북특별자치도,정읍시,태인면,오류리,13,2024-01-18
5218039034,전북특별자치도,정읍시,태인면,태서리,14,2024-01-18
5218040000,전북특별자치도,정읍시,감곡면,,38,2024-01-18
5218040021,전북특별자치도,정읍시,감곡면,승방리,1,2024-01-18
5218040022,전북특별자치도,정읍시,감곡면,계룡리,2,2024-01-18
5218040023,전북특별자치도,정읍시,감곡면,삼평리,3,2024-01-18
5218040024,전북특별자치도,정읍시,감곡면,방교리,4,2024-01-18
5218040025,전북특별자치도,정읍시,감곡면,오주리,5,2024-01-18
5218040026,전북특별자치도,정읍시,감곡면,진흥리,6,2024-01-18
5218040027,전북특별자치도,정읍시,감곡면,통석리,7,2024-01-18
5218040028,전북특별자치도,정읍시,감곡면,화봉리,8,2024-01-18
5218040029,전북특별자치도,정읍시,감곡면,용곽리,9,2024-01-18
5218040030,전북특별자치도,정읍시,감곡면,유정리,10,2024-01-18
5218040031,전북특별자치도,정읍시,감곡면,대신리,11,2024-01-18
5218041000,전북특별자치도,정읍시,옹동면,,39,2024-01-18
5218041021,전북특별자치도,정읍시,옹동면,비봉리,1,2024-01-18
5218041022,전북특별자치도,정읍시,옹동면,매정리,2,2024-01-18
5218041023,전북특별자치도,정읍시,옹동면,산성리,3,2024-01-18
5218041024,전북특별자치도,정읍시,옹동면,상산리,4,2024-01-18
5218041025,전북특별자치도,정읍시,옹동면,칠석리,5,2024-01-18
5218041026,전북특별자치도,정읍시,옹동면,용호리,6,2024-01-18
5218041027,전북특별자치도,정읍시,옹동면,오성리,7,2024-01-18
5218042000,전북특별자치도,정읍시,칠보면,,40,2024-01-18
5218042021,전북특별자치도,정읍시,칠보면,백암리,1,2024-01-18
5218042022,전북특별자치도,정읍시,칠보면,축현리,2,2024-01-18
5218042023,전북특별자치도,정읍시,칠보면,와우리,3,2024-01-18
5218042024,전북특별자치도,정읍시,칠보면,무성리,4,2024-01-18
5218042025,전북특별자치도,정읍시,칠보면,시산리,5,2024-01-18
5218042026,전북특별자치도,정읍시,칠보면,반곡리,6,2024-01-18
5218042027,전북특별자치도,정읍시,칠보면,수청리,7,2024-01-18
5218043000,전북특별자치도,정읍시,산내면,,41,2024-01-18
5218043021,전북특별자치도,정읍시,산내면,두월리,1,2024-01-18
5218043022,전북특별자치도,정읍시,산내면,장금리,2,2024-01-18
5218043023,전북특별자치도,정읍시,산내면,매죽리,3,2024-01-18
5218043024,전북특별자치도,정읍시,산내면,예덕리,4,2024-01-18
5218043025,전북특별자치도,정읍시,산내면,능교리,5,2024-01-18
5218043026,전북특별자치도,정읍시,산내면,종성리,6,2024-01-18
5218044000,전북특별자치도,정읍시,산외면,,42,2024-01-18
5218044021,전북특별자치도,정읍시,산외면,정량리,1,2024-01-18
5218044022,전북특별자치도,정읍시,산외면,평사리,2,2024-01-18
5218044023,전북특별자치도,정읍시,산외면,화죽리,3,2024-01-18
5218044024,전북특별자치도,정읍시,산외면,동곡리,4,2024-01-18
5218044025,전북특별자치도,정읍시,산외면,상두리,5,2024-01-18
5218044026,전북특별자치도,정읍시,산외면,오공리,6,2024-01-18
5218044027,전북특별자치도,정읍시,산외면,목욕리,7,2024-01-18
5218044028,전북특별자치도,정읍시,산외면,종산리,8,2024-01-18
5219000000,전북특별자치도,남원시,,,7,2024-01-18
5219010100,전북특별자치도,남원시,동충동,,1,2024-01-18
5219010200,전북특별자치도,남원시,하정동,,2,2024-01-18
5219010300,전북특별자치도,남원시,죽항동,,3,2024-01-18
5219010400,전북특별자치도,남원시,쌍교동,,4,2024-01-18
5219010500,전북특별자치도,남원시,천거동,,5,2024-01-18
5219010600,전북특별자치도,남원시,금동,,6,2024-01-18
5219010700,전북특별자치도,남원시,조산동,,7,2024-01-18
5219010800,전북특별자치도,남원시,왕정동,,8,2024-01-18
5219010900,전북특별자치도,남원시,신정동,,9,2024-01-18
5219011000,전북특별자치도,남원시,화정동,,10,2024-01-18
5219011100,전북특별자치도,남원시,향교동,,11,2024-01-18
5219011200,전북특별자치도,남원시,용정동,,12,2024-01-18
5219011300,전북특별자치도,남원시,광치동,,13,2024-01-18
5219011400,전북특별자치도,남원시,내척동,,14,2024-01-18
5219011500,전북특별자치도,남원시,산곡동,,15,2024-01-18
5219011600,전북특별자치도,남원시,도통동,,16,2024-01-18
5219011700,전북특별자치도,남원시,월락동,,17,2024-01-18
5219011800,전북특별자치도,남원시,고죽동,,18,2024-01-18
5219011900,전북특별자치도,남원시,식정동,,19,2024-01-18
5219012000,전북특별자치도,남원시,갈치동,,20,2024-01-18
5219012100,전북특별자치도,남원시,노암동,,21,2024-01-18
5219012200,전북특별자치도,남원시,어현동,,22,2024-01-18
5219012300,전북특별자치도,남원시,신촌동,,23,2024-01-18
5219025000,전북특별자치도,남원시,운봉읍,,24,2024-01-18
5219025021,전북특별자치도,남원시,운봉읍,주촌리,1,2024-01-18
5219025022,전북특별자치도,남원시,운봉읍,덕산리,2,2024-01-18
5219025023,전북특별자치도,남원시,운봉읍,공안리,3,2024-01-18
5219025024,전북특별자치도,남원시,운봉읍,행정리,4,2024-01-18
5219025025,전북특별자치도,남원시,운봉읍,산덕리,5,2024-01-18
5219025026,전북특별자치도,남원시,운봉읍,동천리,6,2024-01-18
5219025027,전북특별자치도,남원시,운봉읍,용산리,7,2024-01-18
5219025028,전북특별자치도,남원시,운봉읍,북천리,8,2024-01-18
5219025029,전북특별자치도,남원시,운봉읍,서천리,9,2024-01-18
5219025030,전북특별자치도,남원시,운봉읍,준향리,10,2024-01-18
5219025031,전북특별자치도,남원시,운봉읍,장교리,11,2024-01-18
5219025032,전북특별자치도,남원시,운봉읍,권포리,12,2024-01-18
5219025033,전북특별자치도,남원시,운봉읍,임리,13,2024-01-18
5219025034,전북특별자치도,남원시,운봉읍,신기리,14,2024-01-18
5219025035,전북특별자치도,남원시,운봉읍,매요리,15,2024-01-18
5219025036,전북특별자치도,남원시,운봉읍,가산리,16,2024-01-18
5219025037,전북특별자치도,남원시,운봉읍,화수리,17,2024-01-18
5219031000,전북특별자치도,남원시,주천면,,25,2024-01-18
5219031021,전북특별자치도,남원시,주천면,주천리,1,2024-01-18
5219031022,전북특별자치도,남원시,주천면,배덕리,2,2024-01-18
5219031023,전북특별자치도,남원시,주천면,송치리,3,2024-01-18
5219031024,전북특별자치도,남원시,주천면,용담리,4,2024-01-18
5219031025,전북특별자치도,남원시,주천면,호기리,5,2024-01-18
5219031026,전북특별자치도,남원시,주천면,장안리,6,2024-01-18
5219031027,전북특별자치도,남원시,주천면,은송리,7,2024-01-18
5219031028,전북특별자치도,남원시,주천면,호경리,8,2024-01-18
5219031029,전북특별자치도,남원시,주천면,용궁리,9,2024-01-18
5219031030,전북특별자치도,남원시,주천면,고기리,10,2024-01-18
5219031031,전북특별자치도,남원시,주천면,덕치리,11,2024-01-18
5219032000,전북특별자치도,남원시,수지면,,26,2024-01-18
5219032021,전북특별자치도,남원시,수지면,남창리,1,2024-01-18
5219032022,전북특별자치도,남원시,수지면,초리,2,2024-01-18
5219032023,전북특별자치도,남원시,수지면,산정리,3,2024-01-18
5219032024,전북특별자치도,남원시,수지면,유암리,4,2024-01-18
5219032025,전북특별자치도,남원시,수지면,호곡리,5,2024-01-18
5219032026,전북특별자치도,남원시,수지면,고평리,6,2024-01-18
5219033000,전북특별자치도,남원시,송동면,,27,2024-01-18
5219033021,전북특별자치도,남원시,송동면,신평리,1,2024-01-18
5219033022,전북특별자치도,남원시,송동면,송내리,2,2024-01-18
5219033023,전북특별자치도,남원시,송동면,사촌리,3,2024-01-18
5219033024,전북특별자치도,남원시,송동면,송상리,4,2024-01-18
5219033025,전북특별자치도,남원시,송동면,장국리,5,2024-01-18
5219033026,전북특별자치도,남원시,송동면,흑송리,6,2024-01-18
5219033027,전북특별자치도,남원시,송동면,송기리,7,2024-01-18
5219033028,전북특별자치도,남원시,송동면,장포리,8,2024-01-18
5219033029,전북특별자치도,남원시,송동면,영동리,9,2024-01-18
5219033030,전북특별자치도,남원시,송동면,연산리,10,2024-01-18
5219033031,전북특별자치도,남원시,송동면,양평리,11,2024-01-18
5219033032,전북특별자치도,남원시,송동면,두신리,12,2024-01-18
5219033033,전북특별자치도,남원시,송동면,세전리,13,2024-01-18
5219034000,전북특별자치도,남원시,주생면,,28,2024-01-18
5219034021,전북특별자치도,남원시,주생면,상동리,1,2024-01-18
5219034022,전북특별자치도,남원시,주생면,중동리,2,2024-01-18
5219034023,전북특별자치도,남원시,주생면,지당리,3,2024-01-18
5219034024,전북특별자치도,남원시,주생면,정송리,4,2024-01-18
5219034025,전북특별자치도,남원시,주생면,영천리,5,2024-01-18
5219034026,전북특별자치도,남원시,주생면,제천리,6,2024-01-18
5219034027,전북특별자치도,남원시,주생면,낙동리,7,2024-01-18
5219034028,전북특별자치도,남원시,주생면,내동리,8,2024-01-18
5219034029,전북특별자치도,남원시,주생면,도산리,9,2024-01-18
5219035000,전북특별자치도,남원시,금지면,,29,2024-01-18
5219035021,전북특별자치도,남원시,금지면,옹정리,1,2024-01-18
5219035022,전북특별자치도,남원시,금지면,입암리,2,2024-01-18
5219035023,전북특별자치도,남원시,금지면,서매리,3,2024-01-18
5219035024,전북특별자치도,남원시,금지면,방촌리,4,2024-01-18
5219035025,전북특별자치도,남원시,금지면,택내리,5,2024-01-18
5219035026,전북특별자치도,남원시,금지면,창산리,6,2024-01-18
5219035027,전북특별자치도,남원시,금지면,상신리,7,2024-01-18
5219035028,전북특별자치도,남원시,금지면,신월리,8,2024-01-18
5219035029,전북특별자치도,남원시,금지면,상귀리,9,2024-01-18
5219035030,전북특별자치도,남원시,금지면,귀석리,10,2024-01-18
5219035031,전북특별자치도,남원시,금지면,하도리,11,2024-01-18
5219036000,전북특별자치도,남원시,대강면,,30,2024-01-18
5219036021,전북특별자치도,남원시,대강면,풍산리,1,2024-01-18
5219036022,전북특별자치도,남원시,대강면,수홍리,2,2024-01-18
5219036023,전북특별자치도,남원시,대강면,옥택리,3,2024-01-18
5219036024,전북특별자치도,남원시,대강면,평촌리,4,2024-01-18
5219036025,전북특별자치도,남원시,대강면,입암리,5,2024-01-18
5219036026,전북특별자치도,남원시,대강면,송대리,6,2024-01-18
5219036027,전북특별자치도,남원시,대강면,강석리,7,2024-01-18
5219036028,전북특별자치도,남원시,대강면,사석리,8,2024-01-18
5219036029,전북특별자치도,남원시,대강면,방동리,9,2024-01-18
5219036030,전북특별자치도,남원시,대강면,월탄리,10,2024-01-18
5219036031,전북특별자치도,남원시,대강면,생암리,11,2024-01-18
5219036032,전북특별자치도,남원시,대강면,신덕리,12,2024-01-18
5219036033,전북특별자치도,남원시,대강면,방산리,13,2024-01-18
5219037000,전북특별자치도,남원시,대산면,,31,2024-01-18
5219037021,전북특별자치도,남원시,대산면,금성리,1,2024-01-18
5219037022,전북특별자치도,남원시,대산면,수덕리,2,2024-01-18
5219037023,전북특별자치도,남원시,대산면,대곡리,3,2024-01-18
5219037024,전북특별자치도,남원시,대산면,풍촌리,4,2024-01-18
5219037025,전북특별자치도,남원시,대산면,신계리,5,2024-01-18
5219037026,전북특별자치도,남원시,대산면,운교리,6,2024-01-18
5219037027,전북특별자치도,남원시,대산면,옥율리,7,2024-01-18
5219037028,전북특별자치도,남원시,대산면,길곡리,8,2024-01-18
5219038000,전북특별자치도,남원시,사매면,,32,2024-01-18
5219038021,전북특별자치도,남원시,사매면,서도리,1,2024-01-18
5219038022,전북특별자치도,남원시,사매면,계수리,2,2024-01-18
5219038023,전북특별자치도,남원시,사매면,인화리,3,2024-01-18
5219038024,전북특별자치도,남원시,사매면,화정리,4,2024-01-18
5219038025,전북특별자치도,남원시,사매면,대율리,5,2024-01-18
5219038026,전북특별자치도,남원시,사매면,월평리,6,2024-01-18
5219038027,전북특별자치도,남원시,사매면,오신리,7,2024-01-18
5219038028,전북특별자치도,남원시,사매면,관풍리,8,2024-01-18
5219038029,전북특별자치도,남원시,사매면,대신리,9,2024-01-18
5219039000,전북특별자치도,남원시,덕과면,,33,2024-01-18
5219039021,전북특별자치도,남원시,덕과면,만도리,1,2024-01-18
5219039022,전북특별자치도,남원시,덕과면,신양리,2,2024-01-18
5219039023,전북특별자치도,남원시,덕과면,사율리,3,2024-01-18
5219039024,전북특별자치도,남원시,덕과면,고정리,4,2024-01-18
5219039025,전북특별자치도,남원시,덕과면,덕촌리,5,2024-01-18
5219039026,전북특별자치도,남원시,덕과면,용산리,6,2024-01-18
5219040000,전북특별자치도,남원시,보절면,,34,2024-01-18
5219040021,전북특별자치도,남원시,보절면,서치리,1,2024-01-18
5219040022,전북특별자치도,남원시,보절면,괴양리,2,2024-01-18
5219040023,전북특별자치도,남원시,보절면,진기리,3,2024-01-18
5219040024,전북특별자치도,남원시,보절면,금다리,4,2024-01-18
5219040025,전북특별자치도,남원시,보절면,신파리,5,2024-01-18
5219040026,전북특별자치도,남원시,보절면,황벌리,6,2024-01-18
5219040027,전북특별자치도,남원시,보절면,도룡리,7,2024-01-18
5219040028,전북특별자치도,남원시,보절면,사촌리,8,2024-01-18
5219040029,전북특별자치도,남원시,보절면,성시리,9,2024-01-18
5219041000,전북특별자치도,남원시,산동면,,35,2024-01-18
5219041021,전북특별자치도,남원시,산동면,목동리,1,2024-01-18
5219041022,전북특별자치도,남원시,산동면,식련리,2,2024-01-18
5219041023,전북특별자치도,남원시,산동면,부절리,3,2024-01-18
5219041024,전북특별자치도,남원시,산동면,태평리,4,2024-01-18
5219041025,전북특별자치도,남원시,산동면,대기리,5,2024-01-18
5219041026,전북특별자치도,남원시,산동면,월석리,6,2024-01-18
5219041027,전북특별자치도,남원시,산동면,대상리,7,2024-01-18
5219042000,전북특별자치도,남원시,이백면,,36,2024-01-18
5219042021,전북특별자치도,남원시,이백면,초촌리,1,2024-01-18
5219042022,전북특별자치도,남원시,이백면,척문리,2,2024-01-18
5219042023,전북특별자치도,남원시,이백면,서곡리,3,2024-01-18
5219042024,전북특별자치도,남원시,이백면,내동리,4,2024-01-18
5219042025,전북특별자치도,남원시,이백면,남계리,5,2024-01-18
5219042026,전북특별자치도,남원시,이백면,강기리,6,2024-01-18
5219042027,전북특별자치도,남원시,이백면,양가리,7,2024-01-18
5219042028,전북특별자치도,남원시,이백면,평촌리,8,2024-01-18
5219042029,전북특별자치도,남원시,이백면,과립리,9,2024-01-18
5219042030,전북특별자치도,남원시,이백면,효기리,10,2024-01-18
5219045000,전북특별자치도,남원시,아영면,,37,2024-01-18
5219045021,전북특별자치도,남원시,아영면,아곡리,1,2024-01-18
5219045022,전북특별자치도,남원시,아영면,봉대리,2,2024-01-18
5219045023,전북특별자치도,남원시,아영면,인풍리,3,2024-01-18
5219045024,전북특별자치도,남원시,아영면,갈계리,4,2024-01-18
5219045025,전북특별자치도,남원시,아영면,청계리,5,2024-01-18
5219045026,전북특별자치도,남원시,아영면,월산리,6,2024-01-18
5219045027,전북특별자치도,남원시,아영면,성리,7,2024-01-18
5219045028,전북특별자치도,남원시,아영면,구상리,8,2024-01-18
5219045029,전북특별자치도,남원시,아영면,일대리,9,2024-01-18
5219045030,전북특별자치도,남원시,아영면,의지리,10,2024-01-18
5219045031,전북특별자치도,남원시,아영면,두락리,11,2024-01-18
5219046000,전북특별자치도,남원시,산내면,,38,2024-01-18
5219046021,전북특별자치도,남원시,산내면,중황리,1,2024-01-18
5219046022,전북특별자치도,남원시,산내면,백일리,2,2024-01-18
5219046023,전북특별자치도,남원시,산내면,대정리,3,2024-01-18
5219046024,전북특별자치도,남원시,산내면,장항리,4,2024-01-18
5219046025,전북특별자치도,남원시,산내면,입석리,5,2024-01-18
5219046026,전북특별자치도,남원시,산내면,내령리,6,2024-01-18
5219046027,전북특별자치도,남원시,산내면,부운리,7,2024-01-18
5219046028,전북특별자치도,남원시,산내면,덕동리,8,2024-01-18
5219047000,전북특별자치도,남원시,인월면,,39,2024-01-18
5219047021,전북특별자치도,남원시,인월면,중군리,1,2024-01-18
5219047022,전북특별자치도,남원시,인월면,인월리,2,2024-01-18
5219047023,전북특별자치도,남원시,인월면,서무리,3,2024-01-18
5219047024,전북특별자치도,남원시,인월면,취암리,4,2024-01-18
5219047025,전북특별자치도,남원시,인월면,건지리,5,2024-01-18
5219047026,전북특별자치도,남원시,인월면,유곡리,6,2024-01-18
5219047027,전북특별자치도,남원시,인월면,상우리,7,2024-01-18
5219047028,전북특별자치도,남원시,인월면,성산리,8,2024-01-18
5219047029,전북특별자치도,남원시,인월면,자래리,9,2024-01-18
5221000000,전북특별자치도,김제시,,,8,2024-01-18
5221010100,전북특별자치도,김제시,요촌동,,1,2024-01-18
5221010200,전북특별자치도,김제시,신풍동,,2,2024-01-18
5221010300,전북특별자치도,김제시,용동,,3,2024-01-18
5221010400,전북특별자치도,김제시,검산동,,4,2024-01-18
5221010500,전북특별자치도,김제시,순동,,5,2024-01-18
5221010600,전북특별자치도,김제시,백학동,,6,2024-01-18
5221010700,전북특별자치도,김제시,서암동,,7,2024-01-18
5221010800,전북특별자치도,김제시,신곡동,,8,2024-01-18
5221010900,전북특별자치도,김제시,교동,,9,2024-01-18
5221011000,전북특별자치도,김제시,옥산동,,10,2024-01-18
5221011100,전북특별자치도,김제시,갈공동,,11,2024-01-18
5221011200,전북특별자치도,김제시,하동,,12,2024-01-18
5221011300,전북특별자치도,김제시,흥사동,,13,2024-01-18
5221011400,전북특별자치도,김제시,상동동,,14,2024-01-18
5221011500,전북특별자치도,김제시,월성동,,15,2024-01-18
5221011600,전북특별자치도,김제시,황산동,,16,2024-01-18
5221011700,전북특별자치도,김제시,난봉동,,17,2024-01-18
5221011800,전북특별자치도,김제시,오정동,,18,2024-01-18
5221011900,전북특별자치도,김제시,복죽동,,19,2024-01-18
5221012000,전북특별자치도,김제시,입석동,,20,2024-01-18
5221012100,전북특별자치도,김제시,장화동,,21,2024-01-18
5221012200,전북특별자치도,김제시,신덕동,,22,2024-01-18
5221012300,전북특별자치도,김제시,월봉동,,23,2024-01-18
5221012400,전북특별자치도,김제시,신월동,,24,2024-01-18
5221012500,전북특별자치도,김제시,연정동,,25,2024-01-18
5221012600,전북특별자치도,김제시,명덕동,,26,2024-01-18
5221012700,전북특별자치도,김제시,제월동,,27,2024-01-18
5221012800,전북특별자치도,김제시,도장동,,28,2024-01-18
5221012900,전북특별자치도,김제시,서정동,,29,2024-01-18
5221013000,전북특별자치도,김제시,양전동,,30,2024-01-18
5221025000,전북특별자치도,김제시,만경읍,,31,2024-01-18
5221025021,전북특별자치도,김제시,만경읍,만경리,1,2024-01-18
5221025022,전북특별자치도,김제시,만경읍,장산리,2,2024-01-18
5221025023,전북특별자치도,김제시,만경읍,대동리,3,2024-01-18
5221025024,전북특별자치도,김제시,만경읍,송상리,4,2024-01-18
5221025025,전북특별자치도,김제시,만경읍,소토리,5,2024-01-18
5221025026,전북특별자치도,김제시,만경읍,화포리,6,2024-01-18
5221025027,전북특별자치도,김제시,만경읍,몽산리,7,2024-01-18
5221032000,전북특별자치도,김제시,죽산면,,32,2024-01-18
5221032021,전북특별자치도,김제시,죽산면,죽산리,1,2024-01-18
5221032022,전북특별자치도,김제시,죽산면,홍산리,2,2024-01-18
5221032023,전북특별자치도,김제시,죽산면,옥성리,3,2024-01-18
5221032024,전북특별자치도,김제시,죽산면,종신리,4,2024-01-18
5221032025,전북특별자치도,김제시,죽산면,대창리,5,2024-01-18
5221032026,전북특별자치도,김제시,죽산면,서포리,6,2024-01-18
5221032027,전북특별자치도,김제시,죽산면,연포리,7,2024-01-18
5221032028,전북특별자치도,김제시,죽산면,신흥리,8,2024-01-18
5221033000,전북특별자치도,김제시,백산면,,33,2024-01-18
5221033021,전북특별자치도,김제시,백산면,하정리,1,2024-01-18
5221033025,전북특별자치도,김제시,백산면,상정리,2,2024-01-18
5221033026,전북특별자치도,김제시,백산면,상리,3,2024-01-18
5221033027,전북특별자치도,김제시,백산면,조종리,4,2024-01-18
5221033028,전북특별자치도,김제시,백산면,수록리,5,2024-01-18
5221033029,전북특별자치도,김제시,백산면,부거리,6,2024-01-18
5221033030,전북특별자치도,김제시,백산면,석교리,7,2024-01-18
5221033031,전북특별자치도,김제시,백산면,하서리,8,2024-01-18
5221034000,전북특별자치도,김제시,용지면,,34,2024-01-18
5221034021,전북특별자치도,김제시,용지면,구암리,1,2024-01-18
5221034022,전북특별자치도,김제시,용지면,예촌리,2,2024-01-18
5221034023,전북특별자치도,김제시,용지면,송산리,3,2024-01-18
5221034024,전북특별자치도,김제시,용지면,봉의리,4,2024-01-18
5221034025,전북특별자치도,김제시,용지면,와룡리,5,2024-01-18
5221034026,전북특별자치도,김제시,용지면,효정리,6,2024-01-18
5221034027,전북특별자치도,김제시,용지면,반교리,7,2024-01-18
5221034028,전북특별자치도,김제시,용지면,용암리,8,2024-01-18
5221034029,전북특별자치도,김제시,용지면,부교리,9,2024-01-18
5221034030,전북특별자치도,김제시,용지면,신정리,10,2024-01-18
5221034031,전북특별자치도,김제시,용지면,용수리,11,2024-01-18
5221034032,전북특별자치도,김제시,용지면,장신리,12,2024-01-18
5221035000,전북특별자치도,김제시,백구면,,35,2024-01-18
5221035021,전북특별자치도,김제시,백구면,월봉리,1,2024-01-18
5221035022,전북특별자치도,김제시,백구면,부용리,2,2024-01-18
5221035023,전북특별자치도,김제시,백구면,유강리,3,2024-01-18
5221035024,전북특별자치도,김제시,백구면,삼정리,4,2024-01-18
5221035025,전북특별자치도,김제시,백구면,백구리,5,2024-01-18
5221035026,전북특별자치도,김제시,백구면,반월리,6,2024-01-18
5221035027,전북특별자치도,김제시,백구면,석담리,7,2024-01-18
5221035028,전북특별자치도,김제시,백구면,학동리,8,2024-01-18
5221035029,전북특별자치도,김제시,백구면,마산리,9,2024-01-18
5221035030,전북특별자치도,김제시,백구면,영상리,10,2024-01-18
5221036000,전북특별자치도,김제시,부량면,,36,2024-01-18
5221036021,전북특별자치도,김제시,부량면,대평리,1,2024-01-18
5221036022,전북특별자치도,김제시,부량면,월승리,2,2024-01-18
5221036023,전북특별자치도,김제시,부량면,신두리,3,2024-01-18
5221036024,전북특별자치도,김제시,부량면,신용리,4,2024-01-18
5221036025,전북특별자치도,김제시,부량면,용성리,5,2024-01-18
5221036026,전북특별자치도,김제시,부량면,금강리,6,2024-01-18
5221036027,전북특별자치도,김제시,부량면,옥정리,7,2024-01-18
5221038000,전북특별자치도,김제시,공덕면,,37,2024-01-18
5221038021,전북특별자치도,김제시,공덕면,마현리,1,2024-01-18
5221038022,전북특별자치도,김제시,공덕면,황산리,2,2024-01-18
5221038023,전북특별자치도,김제시,공덕면,공덕리,3,2024-01-18
5221038024,전북특별자치도,김제시,공덕면,동계리,4,2024-01-18
5221038025,전북특별자치도,김제시,공덕면,저산리,5,2024-01-18
5221038026,전북특별자치도,김제시,공덕면,제말리,6,2024-01-18
5221038027,전북특별자치도,김제시,공덕면,회룡리,7,2024-01-18
5221039000,전북특별자치도,김제시,청하면,,38,2024-01-18
5221039021,전북특별자치도,김제시,청하면,동지산리,1,2024-01-18
5221039022,전북특별자치도,김제시,청하면,장산리,2,2024-01-18
5221039023,전북특별자치도,김제시,청하면,대청리,3,2024-01-18
5221039024,전북특별자치도,김제시,청하면,관상리,4,2024-01-18
5221039025,전북특별자치도,김제시,청하면,월현리,5,2024-01-18
5221040000,전북특별자치도,김제시,성덕면,,39,2024-01-18
5221040021,전북특별자치도,김제시,성덕면,석동리,1,2024-01-18
5221040022,전북특별자치도,김제시,성덕면,대목리,2,2024-01-18
5221040023,전북특별자치도,김제시,성덕면,대석리,3,2024-01-18
5221040024,전북특별자치도,김제시,성덕면,묘라리,4,2024-01-18
5221040025,전북특별자치도,김제시,성덕면,성덕리,5,2024-01-18
5221040026,전북특별자치도,김제시,성덕면,남포리,6,2024-01-18
5221041000,전북특별자치도,김제시,진봉면,,40,2024-01-18
5221041021,전북특별자치도,김제시,진봉면,고사리,1,2024-01-18
5221041022,전북특별자치도,김제시,진봉면,정당리,2,2024-01-18
5221041023,전북특별자치도,김제시,진봉면,가실리,3,2024-01-18
5221041024,전북특별자치도,김제시,진봉면,상궐리,4,2024-01-18
5221041025,전북특별자치도,김제시,진봉면,심포리,5,2024-01-18
5221042000,전북특별자치도,김제시,금구면,,41,2024-01-18
5221042021,전북특별자치도,김제시,금구면,금구리,1,2024-01-18
5221042023,전북특별자치도,김제시,금구면,용복리,2,2024-01-18
5221042024,전북특별자치도,김제시,금구면,선암리,3,2024-01-18
5221042025,전북특별자치도,김제시,금구면,월전리,4,2024-01-18
5221042026,전북특별자치도,김제시,금구면,오봉리,5,2024-01-18
5221042027,전북특별자치도,김제시,금구면,대화리,6,2024-01-18
5221042028,전북특별자치도,김제시,금구면,산동리,7,2024-01-18
5221042029,전북특별자치도,김제시,금구면,낙성리,8,2024-01-18
5221042030,전북특별자치도,김제시,금구면,청운리,9,2024-01-18
5221042031,전북특별자치도,김제시,금구면,용지리,10,2024-01-18
5221042032,전북특별자치도,김제시,금구면,옥성리,11,2024-01-18
5221042033,전북특별자치도,김제시,금구면,하신리,12,2024-01-18
5221042034,전북특별자치도,김제시,금구면,서도리,13,2024-01-18
5221043000,전북특별자치도,김제시,봉남면,,42,2024-01-18
5221043021,전북특별자치도,김제시,봉남면,대송리,1,2024-01-18
5221043022,전북특별자치도,김제시,봉남면,평사리,2,2024-01-18
5221043023,전북특별자치도,김제시,봉남면,화봉리,3,2024-01-18
5221043024,전북특별자치도,김제시,봉남면,신호리,4,2024-01-18
5221043029,전북특별자치도,김제시,봉남면,신응리,5,2024-01-18
5221043030,전북특별자치도,김제시,봉남면,종덕리,6,2024-01-18
5221043031,전북특별자치도,김제시,봉남면,행촌리,7,2024-01-18
5221043032,전북특별자치도,김제시,봉남면,구정리,8,2024-01-18
5221043033,전북특별자치도,김제시,봉남면,회성리,9,2024-01-18
5221043034,전북특별자치도,김제시,봉남면,내광리,10,2024-01-18
5221043035,전북특별자치도,김제시,봉남면,용신리,11,2024-01-18
5221044000,전북특별자치도,김제시,황산면,,43,2024-01-18
5221044021,전북특별자치도,김제시,황산면,봉월리,1,2024-01-18
5221044022,전북특별자치도,김제시,황산면,용마리,2,2024-01-18
5221044023,전북특별자치도,김제시,황산면,홍정리,3,2024-01-18
5221044026,전북특별자치도,김제시,황산면,쌍감리,4,2024-01-18
5221044027,전북특별자치도,김제시,황산면,남산리,5,2024-01-18
5221044028,전북특별자치도,김제시,황산면,진흥리,6,2024-01-18
5221045000,전북특별자치도,김제시,금산면,,44,2024-01-18
5221045021,전북특별자치도,김제시,금산면,성계리,1,2024-01-18
5221045022,전북특별자치도,김제시,금산면,쌍용리,2,2024-01-18
5221045023,전북특별자치도,김제시,금산면,원평리,3,2024-01-18
5221045024,전북특별자치도,김제시,금산면,용호리,4,2024-01-18
5221045025,전북특별자치도,김제시,금산면,선동리,5,2024-01-18
5221045026,전북특별자치도,김제시,금산면,금성리,6,2024-01-18
5221045027,전북특별자치도,김제시,금산면,화율리,7,2024-01-18
5221045028,전북특별자치도,김제시,금산면,장흥리,8,2024-01-18
5221045029,전북특별자치도,김제시,금산면,금산리,9,2024-01-18
5221045030,전북특별자치도,김제시,금산면,청도리,10,2024-01-18
5221045031,전북특별자치도,김제시,금산면,삼봉리,11,2024-01-18
5221045032,전북특별자치도,김제시,금산면,용산리,12,2024-01-18
5221045033,전북특별자치도,김제시,금산면,구월리,13,2024-01-18
5221046000,전북특별자치도,김제시,광활면,,45,2024-01-18
5221046021,전북특별자치도,김제시,광활면,옥포리,1,2024-01-18
5221046022,전북특별자치도,김제시,광활면,은파리,2,2024-01-18
5221046023,전북특별자치도,김제시,광활면,창제리,3,2024-01-18
5271000000,전북특별자치도,완주군,,,9,2024-01-18
5271025000,전북특별자치도,완주군,삼례읍,,1,2024-01-18
5271025021,전북특별자치도,완주군,삼례읍,삼례리,1,2024-01-18
5271025022,전북특별자치도,완주군,삼례읍,후정리,2,2024-01-18
5271025023,전북특별자치도,완주군,삼례읍,어전리,3,2024-01-18
5271025024,전북특별자치도,완주군,삼례읍,해전리,4,2024-01-18
5271025025,전북특별자치도,완주군,삼례읍,신금리,5,2024-01-18
5271025026,전북특별자치도,완주군,삼례읍,석전리,6,2024-01-18
5271025027,전북특별자치도,완주군,삼례읍,구와리,7,2024-01-18
5271025028,전북특별자치도,완주군,삼례읍,신탁리,8,2024-01-18
5271025029,전북특별자치도,완주군,삼례읍,수계리,9,2024-01-18
5271025030,전북특별자치도,완주군,삼례읍,하리,10,2024-01-18
5271025300,전북특별자치도,완주군,봉동읍,,2,2024-01-18
5271025321,전북특별자치도,완주군,봉동읍,제내리,1,2024-01-18
5271025322,전북특별자치도,완주군,봉동읍,장구리,2,2024-01-18
5271025323,전북특별자치도,완주군,봉동읍,구암리,3,2024-01-18
5271025324,전북특별자치도,완주군,봉동읍,둔산리,4,2024-01-18
5271025325,전북특별자치도,완주군,봉동읍,용암리,5,2024-01-18
5271025326,전북특별자치도,완주군,봉동읍,은하리,6,2024-01-18
5271025327,전북특별자치도,완주군,봉동읍,율소리,7,2024-01-18
5271025328,전북특별자치도,완주군,봉동읍,장기리,8,2024-01-18
5271025329,전북특별자치도,완주군,봉동읍,낙평리,9,2024-01-18
5271025330,전북특별자치도,완주군,봉동읍,성덕리,10,2024-01-18
5271025331,전북특별자치도,완주군,봉동읍,구미리,11,2024-01-18
5271025332,전북특별자치도,완주군,봉동읍,고천리,12,2024-01-18
5271025333,전북특별자치도,완주군,봉동읍,신성리,13,2024-01-18
5271025334,전북특별자치도,완주군,봉동읍,구만리,14,2024-01-18
5271025600,전북특별자치도,완주군,용진읍,,3,2024-01-18
5271025621,전북특별자치도,완주군,용진읍,상삼리,1,2024-01-18
5271025622,전북특별자치도,완주군,용진읍,구억리,2,2024-01-18
5271025623,전북특별자치도,완주군,용진읍,상운리,3,2024-01-18
5271025624,전북특별자치도,완주군,용진읍,용흥리,4,2024-01-18
5271025625,전북특별자치도,완주군,용진읍,간중리,5,2024-01-18
5271025626,전북특별자치도,완주군,용진읍,운곡리,6,2024-01-18
5271025627,전북특별자치도,완주군,용진읍,신지리,7,2024-01-18
5271032000,전북특별자치도,완주군,상관면,,4,2024-01-18
5271032021,전북특별자치도,완주군,상관면,신리,1,2024-01-18
5271032022,전북특별자치도,완주군,상관면,죽림리,2,2024-01-18
5271032023,전북특별자치도,완주군,상관면,용암리,3,2024-01-18
5271032024,전북특별자치도,완주군,상관면,의암리,4,2024-01-18
5271032025,전북특별자치도,완주군,상관면,마치리,5,2024-01-18
5271033000,전북특별자치도,완주군,이서면,,5,2024-01-18
5271033023,전북특별자치도,완주군,이서면,금평리,1,2024-01-18
5271033024,전북특별자치도,완주군,이서면,갈산리,2,2024-01-18
5271033025,전북특별자치도,완주군,이서면,이성리,3,2024-01-18
5271033026,전북특별자치도,완주군,이서면,상개리,4,2024-01-18
5271033027,전북특별자치도,완주군,이서면,용서리,5,2024-01-18
5271033028,전북특별자치도,완주군,이서면,은교리,6,2024-01-18
5271033029,전북특별자치도,완주군,이서면,이문리,7,2024-01-18
5271033030,전북특별자치도,완주군,이서면,남계리,8,2024-01-18
5271033031,전북특별자치도,완주군,이서면,반교리,9,2024-01-18
5271033032,전북특별자치도,완주군,이서면,금계리,10,2024-01-18
5271034000,전북특별자치도,완주군,소양면,,6,2024-01-18
5271034021,전북특별자치도,완주군,소양면,신교리,1,2024-01-18
5271034022,전북특별자치도,완주군,소양면,명덕리,2,2024-01-18
5271034023,전북특별자치도,완주군,소양면,죽절리,3,2024-01-18
5271034024,전북특별자치도,완주군,소양면,황운리,4,2024-01-18
5271034025,전북특별자치도,완주군,소양면,대흥리,5,2024-01-18
5271034026,전북특별자치도,완주군,소양면,해월리,6,2024-01-18
5271034027,전북특별자치도,완주군,소양면,화심리,7,2024-01-18
5271034028,전북특별자치도,완주군,소양면,신원리,8,2024-01-18
5271034029,전북특별자치도,완주군,소양면,신촌리,9,2024-01-18
5271035000,전북특별자치도,완주군,구이면,,7,2024-01-18
5271035021,전북특별자치도,완주군,구이면,평촌리,1,2024-01-18
5271035022,전북특별자치도,완주군,구이면,광곡리,2,2024-01-18
5271035023,전북특별자치도,완주군,구이면,덕천리,3,2024-01-18
5271035024,전북특별자치도,완주군,구이면,두현리,4,2024-01-18
5271035025,전북특별자치도,완주군,구이면,원기리,5,2024-01-18
5271035026,전북특별자치도,완주군,구이면,항가리,6,2024-01-18
5271035027,전북특별자치도,완주군,구이면,계곡리,7,2024-01-18
5271035028,전북특별자치도,완주군,구이면,백여리,8,2024-01-18
5271035029,전북특별자치도,완주군,구이면,안덕리,9,2024-01-18
5271036000,전북특별자치도,완주군,고산면,,8,2024-01-18
5271036021,전북특별자치도,완주군,고산면,읍내리,1,2024-01-18
5271036022,전북특별자치도,완주군,고산면,서봉리,2,2024-01-18
5271036023,전북특별자치도,완주군,고산면,율곡리,3,2024-01-18
5271036024,전북특별자치도,완주군,고산면,어우리,4,2024-01-18
5271036025,전북특별자치도,완주군,고산면,남봉리,5,2024-01-18
5271036026,전북특별자치도,완주군,고산면,화정리,6,2024-01-18
5271036027,전북특별자치도,완주군,고산면,양야리,7,2024-01-18
5271036028,전북특별자치도,완주군,고산면,성재리,8,2024-01-18
5271036029,전북특별자치도,완주군,고산면,오산리,9,2024-01-18
5271036030,전북특별자치도,완주군,고산면,삼기리,10,2024-01-18
5271036031,전북특별자치도,완주군,고산면,소향리,11,2024-01-18
5271037000,전북특별자치도,완주군,비봉면,,9,2024-01-18
5271037021,전북특별자치도,완주군,비봉면,봉산리,1,2024-01-18
5271037022,전북특별자치도,완주군,비봉면,소농리,2,2024-01-18
5271037023,전북특별자치도,완주군,비봉면,내월리,3,2024-01-18
5271037024,전북특별자치도,완주군,비봉면,대치리,4,2024-01-18
5271037025,전북특별자치도,완주군,비봉면,백도리,5,2024-01-18
5271037026,전북특별자치도,완주군,비봉면,이전리,6,2024-01-18
5271037027,전북특별자치도,완주군,비봉면,수선리,7,2024-01-18
5271038000,전북특별자치도,완주군,운주면,,10,2024-01-18
5271038021,전북특별자치도,완주군,운주면,장선리,1,2024-01-18
5271038022,전북특별자치도,완주군,운주면,완창리,2,2024-01-18
5271038023,전북특별자치도,완주군,운주면,산북리,3,2024-01-18
5271038026,전북특별자치도,완주군,운주면,구제리,4,2024-01-18
5271038027,전북특별자치도,완주군,운주면,고당리,5,2024-01-18
5271038028,전북특별자치도,완주군,운주면,금당리,6,2024-01-18
5271039000,전북특별자치도,완주군,화산면,,11,2024-01-18
5271039021,전북특별자치도,완주군,화산면,화평리,1,2024-01-18
5271039022,전북특별자치도,완주군,화산면,화월리,2,2024-01-18
5271039023,전북특별자치도,완주군,화산면,춘산리,3,2024-01-18
5271039024,전북특별자치도,완주군,화산면,운곡리,4,2024-01-18
5271039025,전북특별자치도,완주군,화산면,우월리,5,2024-01-18
5271039026,전북특별자치도,완주군,화산면,운산리,6,2024-01-18
5271039027,전북특별자치도,완주군,화산면,와룡리,7,2024-01-18
5271039028,전북특별자치도,완주군,화산면,종리,8,2024-01-18
5271039029,전북특별자치도,완주군,화산면,승치리,9,2024-01-18
5271039030,전북특별자치도,완주군,화산면,성북리,10,2024-01-18
5271039031,전북특별자치도,완주군,화산면,운제리,11,2024-01-18
5271040000,전북특별자치도,완주군,동상면,,12,2024-01-18
5271040021,전북특별자치도,완주군,동상면,신월리,1,2024-01-18
5271040022,전북특별자치도,완주군,동상면,사봉리,2,2024-01-18
5271040023,전북특별자치도,완주군,동상면,수만리,3,2024-01-18
5271040024,전북특별자치도,완주군,동상면,대아리,4,2024-01-18
5271041000,전북특별자치도,완주군,경천면,,13,2024-01-18
5271041021,전북특별자치도,완주군,경천면,용복리,1,2024-01-18
5271041022,전북특별자치도,완주군,경천면,가천리,2,2024-01-18
5271041023,전북특별자치도,완주군,경천면,경천리,3,2024-01-18
5272000000,전북특별자치도,진안군,,,10,2024-01-18
5272025000,전북특별자치도,진안군,진안읍,,1,2024-01-18
5272025021,전북특별자치도,진안군,진안읍,군상리,1,2024-01-18
5272025022,전북특별자치도,진안군,진안읍,군하리,2,2024-01-18
5272025023,전북특별자치도,진안군,진안읍,단양리,3,2024-01-18
5272025024,전북특별자치도,진안군,진안읍,가림리,4,2024-01-18
5272025025,전북특별자치도,진안군,진안읍,반월리,5,2024-01-18
5272025026,전북특별자치도,진안군,진안읍,죽산리,6,2024-01-18
5272025027,전북특별자치도,진안군,진안읍,오천리,7,2024-01-18
5272025028,전북특별자치도,진안군,진안읍,물곡리,8,2024-01-18
5272025029,전북특별자치도,진안군,진안읍,구룡리,9,2024-01-18
5272025030,전북특별자치도,진안군,진안읍,가막리,10,2024-01-18
5272025031,전북특별자치도,진안군,진안읍,정곡리,11,2024-01-18
5272025032,전북특별자치도,진안군,진안읍,연장리,12,2024-01-18
5272025033,전북특별자치도,진안군,진안읍,운산리,13,2024-01-18
5272031000,전북특별자치도,진안군,용담면,,2,2024-01-18
5272031021,전북특별자치도,진안군,용담면,옥거리,1,2024-01-18
5272031022,전북특별자치도,진안군,용담면,수천리,2,2024-01-18
5272031023,전북특별자치도,진안군,용담면,호계리,3,2024-01-18
5272031024,전북특별자치도,진안군,용담면,월계리,4,2024-01-18
5272031025,전북특별자치도,진안군,용담면,송풍리,5,2024-01-18
5272031026,전북특별자치도,진안군,용담면,와룡리,6,2024-01-18
5272032000,전북특별자치도,진안군,안천면,,3,2024-01-18
5272032021,전북특별자치도,진안군,안천면,노성리,1,2024-01-18
5272032022,전북특별자치도,진안군,안천면,백화리,2,2024-01-18
5272032023,전북특별자치도,진안군,안천면,신괴리,3,2024-01-18
5272032024,전북특별자치도,진안군,안천면,삼락리,4,2024-01-18
5272033000,전북특별자치도,진안군,동향면,,4,2024-01-18
5272033021,전북특별자치도,진안군,동향면,대량리,1,2024-01-18
5272033022,전북특별자치도,진안군,동향면,학선리,2,2024-01-18
5272033023,전북특별자치도,진안군,동향면,능금리,3,2024-01-18
5272033024,전북특별자치도,진안군,동향면,자산리,4,2024-01-18
5272033025,전북특별자치도,진안군,동향면,신송리,5,2024-01-18
5272033026,전북특별자치도,진안군,동향면,성산리,6,2024-01-18
5272034000,전북특별자치도,진안군,상전면,,5,2024-01-18
5272034021,전북특별자치도,진안군,상전면,갈현리,1,2024-01-18
5272034022,전북특별자치도,진안군,상전면,주평리,2,2024-01-18
5272034023,전북특별자치도,진안군,상전면,수동리,3,2024-01-18
5272034024,전북특별자치도,진안군,상전면,월포리,4,2024-01-18
5272034025,전북특별자치도,진안군,상전면,구룡리,5,2024-01-18
5272034026,전북특별자치도,진안군,상전면,용평리,6,2024-01-18
5272035000,전북특별자치도,진안군,백운면,,6,2024-01-18
5272035021,전북특별자치도,진안군,백운면,동창리,1,2024-01-18
5272035022,전북특별자치도,진안군,백운면,평장리,2,2024-01-18
5272035023,전북특별자치도,진안군,백운면,덕현리,3,2024-01-18
5272035024,전북특별자치도,진안군,백운면,남계리,4,2024-01-18
5272035025,전북특별자치도,진안군,백운면,반송리,5,2024-01-18
5272035026,전북특별자치도,진안군,백운면,신암리,6,2024-01-18
5272035027,전북특별자치도,진안군,백운면,백암리,7,2024-01-18
5272035028,전북특별자치도,진안군,백운면,노촌리,8,2024-01-18
5272035029,전북특별자치도,진안군,백운면,운교리,9,2024-01-18
5272036000,전북특별자치도,진안군,성수면,,7,2024-01-18
5272036021,전북특별자치도,진안군,성수면,외궁리,1,2024-01-18
5272036022,전북특별자치도,진안군,성수면,좌산리,2,2024-01-18
5272036023,전북특별자치도,진안군,성수면,신기리,3,2024-01-18
5272036024,전북특별자치도,진안군,성수면,구신리,4,2024-01-18
5272036025,전북특별자치도,진안군,성수면,용포리,5,2024-01-18
5272036026,전북특별자치도,진안군,성수면,도통리,6,2024-01-18
5272036027,전북특별자치도,진안군,성수면,좌포리,7,2024-01-18
5272036028,전북특별자치도,진안군,성수면,중길리,8,2024-01-18
5272037000,전북특별자치도,진안군,마령면,,8,2024-01-18
5272037021,전북특별자치도,진안군,마령면,평지리,1,2024-01-18
5272037022,전북특별자치도,진안군,마령면,동촌리,2,2024-01-18
5272037023,전북특별자치도,진안군,마령면,계서리,3,2024-01-18
5272037024,전북특별자치도,진안군,마령면,덕천리,4,2024-01-18
5272037025,전북특별자치도,진안군,마령면,강정리,5,2024-01-18
5272038000,전북특별자치도,진안군,부귀면,,9,2024-01-18
5272038021,전북특별자치도,진안군,부귀면,거석리,1,2024-01-18
5272038022,전북특별자치도,진안군,부귀면,오룡리,2,2024-01-18
5272038023,전북특별자치도,진안군,부귀면,세동리,3,2024-01-18
5272038024,전북특별자치도,진안군,부귀면,신정리,4,2024-01-18
5272038025,전북특별자치도,진안군,부귀면,수항리,5,2024-01-18
5272038026,전북특별자치도,진안군,부귀면,두남리,6,2024-01-18
5272038027,전북특별자치도,진안군,부귀면,황금리,7,2024-01-18
5272038028,전북특별자치도,진안군,부귀면,궁항리,8,2024-01-18
5272038029,전북특별자치도,진안군,부귀면,봉암리,9,2024-01-18
5272039000,전북특별자치도,진안군,정천면,,10,2024-01-18
5272039021,전북특별자치도,진안군,정천면,봉학리,1,2024-01-18
5272039022,전북특별자치도,진안군,정천면,갈용리,2,2024-01-18
5272039023,전북특별자치도,진안군,정천면,모정리,3,2024-01-18
5272039024,전북특별자치도,진안군,정천면,망화리,4,2024-01-18
5272039025,전북특별자치도,진안군,정천면,월평리,5,2024-01-18
5272040000,전북특별자치도,진안군,주천면,,11,2024-01-18
5272040021,전북특별자치도,진안군,주천면,주양리,1,2024-01-18
5272040022,전북특별자치도,진안군,주천면,대불리,2,2024-01-18
5272040023,전북특별자치도,진안군,주천면,운봉리,3,2024-01-18
5272040024,전북특별자치도,진안군,주천면,신양리,4,2024-01-18
5272040025,전북특별자치도,진안군,주천면,용덕리,5,2024-01-18
5272040026,전북특별자치도,진안군,주천면,무릉리,6,2024-01-18
5273000000,전북특별자치도,무주군,,,11,2024-01-18
5273025000,전북특별자치도,무주군,무주읍,,1,2024-01-18
5273025021,전북특별자치도,무주군,무주읍,읍내리,1,2024-01-18
5273025022,전북특별자치도,무주군,무주읍,당산리,2,2024-01-18
5273025023,전북특별자치도,무주군,무주읍,오산리,3,2024-01-18
5273025024,전북특별자치도,무주군,무주읍,장백리,4,2024-01-18
5273025025,전북특별자치도,무주군,무주읍,내도리,5,2024-01-18
5273025026,전북특별자치도,무주군,무주읍,대차리,6,2024-01-18
5273025027,전북특별자치도,무주군,무주읍,용포리,7,2024-01-18
5273025028,전북특별자치도,무주군,무주읍,가옥리,8,2024-01-18
5273031000,전북특별자치도,무주군,무풍면,,2,2024-01-18
5273031021,전북특별자치도,무주군,무풍면,현내리,1,2024-01-18
5273031022,전북특별자치도,무주군,무풍면,금평리,2,2024-01-18
5273031023,전북특별자치도,무주군,무풍면,지성리,3,2024-01-18
5273031024,전북특별자치도,무주군,무풍면,철목리,4,2024-01-18
5273031025,전북특별자치도,무주군,무풍면,증산리,5,2024-01-18
5273031026,전북특별자치도,무주군,무풍면,은산리,6,2024-01-18
5273031027,전북특별자치도,무주군,무풍면,덕지리,7,2024-01-18
5273031028,전북특별자치도,무주군,무풍면,삼거리,8,2024-01-18
5273032000,전북특별자치도,무주군,설천면,,3,2024-01-18
5273032021,전북특별자치도,무주군,설천면,기곡리,1,2024-01-18
5273032022,전북특별자치도,무주군,설천면,길산리,2,2024-01-18
5273032023,전북특별자치도,무주군,설천면,청량리,3,2024-01-18
5273032024,전북특별자치도,무주군,설천면,소천리,4,2024-01-18
5273032025,전북특별자치도,무주군,설천면,대불리,5,2024-01-18
5273032026,전북특별자치도,무주군,설천면,미천리,6,2024-01-18
5273032027,전북특별자치도,무주군,설천면,장덕리,7,2024-01-18
5273032028,전북특별자치도,무주군,설천면,두길리,8,2024-01-18
5273032029,전북특별자치도,무주군,설천면,심곡리,9,2024-01-18
5273032030,전북특별자치도,무주군,설천면,삼공리,10,2024-01-18
5273033000,전북특별자치도,무주군,적상면,,4,2024-01-18
5273033021,전북특별자치도,무주군,적상면,사산리,1,2024-01-18
5273033022,전북특별자치도,무주군,적상면,사천리,2,2024-01-18
5273033023,전북특별자치도,무주군,적상면,삼가리,3,2024-01-18
5273033024,전북특별자치도,무주군,적상면,삼유리,4,2024-01-18
5273033025,전북특별자치도,무주군,적상면,방이리,5,2024-01-18
5273033026,전북특별자치도,무주군,적상면,북창리,6,2024-01-18
5273033027,전북특별자치도,무주군,적상면,포내리,7,2024-01-18
5273033028,전북특별자치도,무주군,적상면,괴목리,8,2024-01-18
5273034000,전북특별자치도,무주군,안성면,,5,2024-01-18
5273034021,전북특별자치도,무주군,안성면,장기리,1,2024-01-18
5273034022,전북특별자치도,무주군,안성면,공진리,2,2024-01-18
5273034023,전북특별자치도,무주군,안성면,죽천리,3,2024-01-18
5273034024,전북특별자치도,무주군,안성면,공정리,4,2024-01-18
5273034025,전북특별자치도,무주군,안성면,덕산리,5,2024-01-18
5273034026,전북특별자치도,무주군,안성면,금평리,6,2024-01-18
5273034027,전북특별자치도,무주군,안성면,사전리,7,2024-01-18
5273034028,전북특별자치도,무주군,안성면,진도리,8,2024-01-18
5273035000,전북특별자치도,무주군,부남면,,6,2024-01-18
5273035021,전북특별자치도,무주군,부남면,대유리,1,2024-01-18
5273035022,전북특별자치도,무주군,부남면,대소리,2,2024-01-18
5273035023,전북특별자치도,무주군,부남면,고창리,3,2024-01-18
5273035024,전북특별자치도,무주군,부남면,장안리,4,2024-01-18
5273035025,전북특별자치도,무주군,부남면,굴암리,5,2024-01-18
5273035026,전북특별자치도,무주군,부남면,가당리,6,2024-01-18
5274000000,전북특별자치도,장수군,,,12,2024-01-18
5274025000,전북특별자치도,장수군,장수읍,,1,2024-01-18
5274025021,전북특별자치도,장수군,장수읍,장수리,1,2024-01-18
5274025022,전북특별자치도,장수군,장수읍,노하리,2,2024-01-18
5274025023,전북특별자치도,장수군,장수읍,선창리,3,2024-01-18
5274025024,전북특별자치도,장수군,장수읍,노곡리,4,2024-01-18
5274025025,전북특별자치도,장수군,장수읍,동촌리,5,2024-01-18
5274025026,전북특별자치도,장수군,장수읍,덕산리,6,2024-01-18
5274025027,전북특별자치도,장수군,장수읍,두산리,7,2024-01-18
5274025028,전북특별자치도,장수군,장수읍,개정리,8,2024-01-18
5274025029,전북특별자치도,장수군,장수읍,수분리,9,2024-01-18
5274025030,전북특별자치도,장수군,장수읍,송천리,10,2024-01-18
5274025031,전북특별자치도,장수군,장수읍,용계리,11,2024-01-18
5274025032,전북특별자치도,장수군,장수읍,대성리,12,2024-01-18
5274025033,전북특별자치도,장수군,장수읍,식천리,13,2024-01-18
5274031000,전북특별자치도,장수군,산서면,,2,2024-01-18
5274031021,전북특별자치도,장수군,산서면,오성리,1,2024-01-18
5274031022,전북특별자치도,장수군,산서면,쌍계리,2,2024-01-18
5274031023,전북특별자치도,장수군,산서면,사계리,3,2024-01-18
5274031024,전북특별자치도,장수군,산서면,봉서리,4,2024-01-18
5274031025,전북특별자치도,장수군,산서면,하월리,5,2024-01-18
5274031026,전북특별자치도,장수군,산서면,사상리,6,2024-01-18
5274031027,전북특별자치도,장수군,산서면,이룡리,7,2024-01-18
5274031028,전북특별자치도,장수군,산서면,신창리,8,2024-01-18
5274031029,전북특별자치도,장수군,산서면,오산리,9,2024-01-18
5274031030,전북특별자치도,장수군,산서면,건지리,10,2024-01-18
5274031031,전북특별자치도,장수군,산서면,마하리,11,2024-01-18
5274031032,전북특별자치도,장수군,산서면,백운리,12,2024-01-18
5274031033,전북특별자치도,장수군,산서면,학선리,13,2024-01-18
5274031034,전북특별자치도,장수군,산서면,동화리,14,2024-01-18
5274032000,전북특별자치도,장수군,번암면,,3,2024-01-18
5274032021,전북특별자치도,장수군,번암면,교동리,1,2024-01-18
5274032022,전북특별자치도,장수군,번암면,국포리,2,2024-01-18
5274032023,전북특별자치도,장수군,번암면,죽산리,3,2024-01-18
5274032024,전북특별자치도,장수군,번암면,사암리,4,2024-01-18
5274032025,전북특별자치도,장수군,번암면,지지리,5,2024-01-18
5274032026,전북특별자치도,장수군,번암면,동화리,6,2024-01-18
5274032027,전북특별자치도,장수군,번암면,죽림리,7,2024-01-18
5274032028,전북특별자치도,장수군,번암면,노단리,8,2024-01-18
5274032029,전북특별자치도,장수군,번암면,논곡리,9,2024-01-18
5274032030,전북특별자치도,장수군,번암면,대론리,10,2024-01-18
5274032031,전북특별자치도,장수군,번암면,유정리,11,2024-01-18
5274033500,전북특별자치도,장수군,장계면,,4,2024-01-18
5274033521,전북특별자치도,장수군,장계면,장계리,1,2024-01-18
5274033522,전북특별자치도,장수군,장계면,금곡리,2,2024-01-18
5274033523,전북특별자치도,장수군,장계면,무농리,3,2024-01-18
5274033524,전북특별자치도,장수군,장계면,금덕리,4,2024-01-18
5274033525,전북특별자치도,장수군,장계면,송천리,5,2024-01-18
5274033526,전북특별자치도,장수군,장계면,월강리,6,2024-01-18
5274033527,전북특별자치도,장수군,장계면,삼봉리,7,2024-01-18
5274033528,전북특별자치도,장수군,장계면,명덕리,8,2024-01-18
5274033529,전북특별자치도,장수군,장계면,오동리,9,2024-01-18
5274033530,전북특별자치도,장수군,장계면,대곡리,10,2024-01-18
5274034000,전북특별자치도,장수군,천천면,,5,2024-01-18
5274034021,전북특별자치도,장수군,천천면,장판리,1,2024-01-18
5274034022,전북특별자치도,장수군,천천면,월곡리,2,2024-01-18
5274034024,전북특별자치도,장수군,천천면,남양리,4,2024-01-18
5274034025,전북특별자치도,장수군,천천면,삼고리,5,2024-01-18
5274034026,전북특별자치도,장수군,천천면,봉덕리,6,2024-01-18
5274034027,전북특별자치도,장수군,천천면,춘송리,7,2024-01-18
5274034028,전북특별자치도,장수군,천천면,용광리,8,2024-01-18
5274034029,전북특별자치도,장수군,천천면,오봉리,9,2024-01-18
5274034030,전북특별자치도,장수군,천천면,연평리,10,2024-01-18
5274034031,전북특별자치도,장수군,천천면,비룡리,0,2024-01-18
5274035000,전북특별자치도,장수군,계남면,,6,2024-01-18
5274035021,전북특별자치도,장수군,계남면,침곡리,1,2024-01-18
5274035022,전북특별자치도,장수군,계남면,화양리,2,2024-01-18
5274035023,전북특별자치도,장수군,계남면,신전리,3,2024-01-18
5274035024,전북특별자치도,장수군,계남면,호덕리,4,2024-01-18
5274035025,전북특별자치도,장수군,계남면,화음리,5,2024-01-18
5274035026,전북특별자치도,장수군,계남면,가곡리,6,2024-01-18
5274035027,전북특별자치도,장수군,계남면,궁양리,7,2024-01-18
5274035028,전북특별자치도,장수군,계남면,장안리,8,2024-01-18
5274036000,전북특별자치도,장수군,계북면,,7,2024-01-18
5274036021,전북특별자치도,장수군,계북면,월현리,1,2024-01-18
5274036022,전북특별자치도,장수군,계북면,매계리,2,2024-01-18
5274036023,전북특별자치도,장수군,계북면,농소리,3,2024-01-18
5274036024,전북특별자치도,장수군,계북면,어전리,4,2024-01-18
5274036025,전북특별자치도,장수군,계북면,임평리,5,2024-01-18
5274036026,전북특별자치도,장수군,계북면,원촌리,6,2024-01-18
5274036027,전북특별자치도,장수군,계북면,양악리,7,2024-01-18
5275000000,전북특별자치도,임실군,,,13,2024-01-18
5275025000,전북특별자치도,임실군,임실읍,,1,2024-01-18
5275025021,전북특별자치도,임실군,임실읍,성가리,1,2024-01-18
5275025022,전북특별자치도,임실군,임실읍,이도리,2,2024-01-18
5275025023,전북특별자치도,임실군,임실읍,오정리,3,2024-01-18
5275025024,전북특별자치도,임실군,임실읍,두곡리,4,2024-01-18
5275025025,전북특별자치도,임실군,임실읍,갈마리,5,2024-01-18
5275025026,전북특별자치도,임실군,임실읍,감성리,6,2024-01-18
5275025027,전북특별자치도,임실군,임실읍,대곡리,7,2024-01-18
5275025028,전북특별자치도,임실군,임실읍,정월리,8,2024-01-18
5275025029,전북특별자치도,임실군,임실읍,이인리,9,2024-01-18
5275025030,전북특별자치도,임실군,임실읍,두만리,10,2024-01-18
5275025031,전북특별자치도,임실군,임실읍,장재리,11,2024-01-18
5275025032,전북특별자치도,임실군,임실읍,신안리,12,2024-01-18
5275025033,전북특별자치도,임실군,임실읍,현곡리,13,2024-01-18
5275025034,전북특별자치도,임실군,임실읍,금성리,14,2024-01-18
5275025035,전북특별자치도,임실군,임실읍,신정리,15,2024-01-18
5275025036,전북특별자치도,임실군,임실읍,망전리,16,2024-01-18
5275031000,전북특별자치도,임실군,청웅면,,2,2024-01-18
5275031021,전북특별자치도,임실군,청웅면,두복리,1,2024-01-18
5275031022,전북특별자치도,임실군,청웅면,구고리,2,2024-01-18
5275031023,전북특별자치도,임실군,청웅면,향교리,3,2024-01-18
5275031024,전북특별자치도,임실군,청웅면,옥전리,4,2024-01-18
5275031025,전북특별자치도,임실군,청웅면,석두리,5,2024-01-18
5275031026,전북특별자치도,임실군,청웅면,청계리,6,2024-01-18
5275031027,전북특별자치도,임실군,청웅면,남산리,7,2024-01-18
5275031028,전북특별자치도,임실군,청웅면,옥석리,8,2024-01-18
5275032000,전북특별자치도,임실군,운암면,,3,2024-01-18
5275032021,전북특별자치도,임실군,운암면,학암리,1,2024-01-18
5275032022,전북특별자치도,임실군,운암면,선거리,2,2024-01-18
5275032023,전북특별자치도,임실군,운암면,월면리,3,2024-01-18
5275032024,전북특별자치도,임실군,운암면,지천리,4,2024-01-18
5275032025,전북특별자치도,임실군,운암면,사양리,5,2024-01-18
5275032026,전북특별자치도,임실군,운암면,쌍암리,6,2024-01-18
5275032027,전북특별자치도,임실군,운암면,입석리,7,2024-01-18
5275032028,전북특별자치도,임실군,운암면,용운리,8,2024-01-18
5275032029,전북특별자치도,임실군,운암면,청운리,9,2024-01-18
5275032030,전북특별자치도,임실군,운암면,마암리,10,2024-01-18
5275032031,전북특별자치도,임실군,운암면,운종리,11,2024-01-18
5275032032,전북특별자치도,임실군,운암면,운암리,12,2024-01-18
5275032033,전북특별자치도,임실군,운암면,금기리,13,2024-01-18
5275032034,전북특별자치도,임실군,운암면,운정리,14,2024-01-18
5275033000,전북특별자치도,임실군,신평면,,4,2024-01-18
5275033021,전북특별자치도,임실군,신평면,창인리,1,2024-01-18
5275033022,전북특별자치도,임실군,신평면,대리,2,2024-01-18
5275033023,전북특별자치도,임실군,신평면,호암리,3,2024-01-18
5275033024,전북특별자치도,임실군,신평면,원천리,4,2024-01-18
5275033025,전북특별자치도,임실군,신평면,가덕리,5,2024-01-18
5275033026,전북특별자치도,임실군,신평면,덕암리,6,2024-01-18
5275033027,전북특별자치도,임실군,신평면,용암리,7,2024-01-18
5275034000,전북특별자치도,임실군,성수면,,5,2024-01-18
5275034021,전북특별자치도,임실군,성수면,도인리,1,2024-01-18
5275034022,전북특별자치도,임실군,성수면,양지리,2,2024-01-18
5275034023,전북특별자치도,임실군,성수면,삼봉리,3,2024-01-18
5275034024,전북특별자치도,임실군,성수면,태평리,4,2024-01-18
5275034025,전북특별자치도,임실군,성수면,성수리,5,2024-01-18
5275034026,전북특별자치도,임실군,성수면,왕방리,6,2024-01-18
5275034027,전북특별자치도,임실군,성수면,오봉리,7,2024-01-18
5275034028,전북특별자치도,임실군,성수면,삼청리,8,2024-01-18
5275034029,전북특별자치도,임실군,성수면,월평리,9,2024-01-18
5275034030,전북특별자치도,임실군,성수면,봉강리,10,2024-01-18
5275034031,전북특별자치도,임실군,성수면,오류리,11,2024-01-18
5275035500,전북특별자치도,임실군,오수면,,6,2024-01-18
5275035521,전북특별자치도,임실군,오수면,오수리,1,2024-01-18
5275035522,전북특별자치도,임실군,오수면,용정리,2,2024-01-18
5275035523,전북특별자치도,임실군,오수면,신기리,3,2024-01-18
5275035524,전북특별자치도,임실군,오수면,둔덕리,4,2024-01-18
5275035525,전북특별자치도,임실군,오수면,용두리,5,2024-01-18
5275035526,전북특별자치도,임실군,오수면,둔기리,6,2024-01-18
5275035527,전북특별자치도,임실군,오수면,대정리,7,2024-01-18
5275035528,전북특별자치도,임실군,오수면,대명리,8,2024-01-18
5275035529,전북특별자치도,임실군,오수면,오산리,9,2024-01-18
5275035530,전북특별자치도,임실군,오수면,주천리,10,2024-01-18
5275035531,전북특별자치도,임실군,오수면,오암리,11,2024-01-18
5275035532,전북특별자치도,임실군,오수면,봉천리,12,2024-01-18
5275035533,전북특별자치도,임실군,오수면,군평리,13,2024-01-18
5275035534,전북특별자치도,임실군,오수면,금암리,14,2024-01-18
5275036000,전북특별자치도,임실군,신덕면,,7,2024-01-18
5275036021,전북특별자치도,임실군,신덕면,수천리,1,2024-01-18
5275036022,전북특별자치도,임실군,신덕면,삼길리,2,2024-01-18
5275036023,전북특별자치도,임실군,신덕면,신흥리,3,2024-01-18
5275036024,전북특별자치도,임실군,신덕면,신덕리,4,2024-01-18
5275036025,전북특별자치도,임실군,신덕면,조월리,5,2024-01-18
5275036026,전북특별자치도,임실군,신덕면,월성리,6,2024-01-18
5275036027,전북특별자치도,임실군,신덕면,지장리,7,2024-01-18
5275036028,전북특별자치도,임실군,신덕면,금정리,8,2024-01-18
5275036029,전북특별자치도,임실군,신덕면,오궁리,9,2024-01-18
5275037000,전북특별자치도,임실군,삼계면,,8,2024-01-18
5275037021,전북특별자치도,임실군,삼계면,후천리,1,2024-01-18
5275037022,전북특별자치도,임실군,삼계면,봉현리,2,2024-01-18
5275037023,전북특별자치도,임실군,삼계면,세심리,3,2024-01-18
5275037024,전북특별자치도,임실군,삼계면,학정리,4,2024-01-18
5275037025,전북특별자치도,임실군,삼계면,죽계리,5,2024-01-18
5275037026,전북특별자치도,임실군,삼계면,홍곡리,6,2024-01-18
5275037027,전북특별자치도,임실군,삼계면,산수리,7,2024-01-18
5275037028,전북특별자치도,임실군,삼계면,삼계리,8,2024-01-18
5275037031,전북특별자치도,임실군,삼계면,오지리,9,2024-01-18
5275037032,전북특별자치도,임실군,삼계면,덕계리,10,2024-01-18
5275037033,전북특별자치도,임실군,삼계면,두월리,11,2024-01-18
5275037034,전북특별자치도,임실군,삼계면,뇌천리,12,2024-01-18
5275037035,전북특별자치도,임실군,삼계면,삼은리,13,2024-01-18
5275037036,전북특별자치도,임실군,삼계면,어은리,14,2024-01-18
5275038000,전북특별자치도,임실군,관촌면,,9,2024-01-18
5275038022,전북특별자치도,임실군,관촌면,용산리,1,2024-01-18
5275038023,전북특별자치도,임실군,관촌면,도봉리,2,2024-01-18
5275038024,전북특별자치도,임실군,관촌면,병암리,3,2024-01-18
5275038025,전북특별자치도,임실군,관촌면,덕천리,4,2024-01-18
5275038026,전북특별자치도,임실군,관촌면,관촌리,5,2024-01-18
5275038027,전북특별자치도,임실군,관촌면,슬치리,6,2024-01-18
5275038028,전북특별자치도,임실군,관촌면,방현리,7,2024-01-18
5275038029,전북특별자치도,임실군,관촌면,신전리,8,2024-01-18
5275038030,전북특별자치도,임실군,관촌면,상월리,9,2024-01-18
5275038031,전북특별자치도,임실군,관촌면,회봉리,10,2024-01-18
5275038032,전북특별자치도,임실군,관촌면,방수리,11,2024-01-18
5275038033,전북특별자치도,임실군,관촌면,복흥리,12,2024-01-18
5275038034,전북특별자치도,임실군,관촌면,운수리,13,2024-01-18
5275039000,전북특별자치도,임실군,강진면,,10,2024-01-18
5275039021,전북특별자치도,임실군,강진면,백련리,1,2024-01-18
5275039022,전북특별자치도,임실군,강진면,부흥리,2,2024-01-18
5275039023,전북특별자치도,임실군,강진면,갈담리,3,2024-01-18
5275039024,전북특별자치도,임실군,강진면,회진리,4,2024-01-18
5275039025,전북특별자치도,임실군,강진면,용수리,5,2024-01-18
5275039026,전북특별자치도,임실군,강진면,옥정리,6,2024-01-18
5275039027,전북특별자치도,임실군,강진면,문방리,7,2024-01-18
5275039028,전북특별자치도,임실군,강진면,필봉리,8,2024-01-18
5275039029,전북특별자치도,임실군,강진면,학석리,9,2024-01-18
5275039030,전북특별자치도,임실군,강진면,방현리,10,2024-01-18
5275040000,전북특별자치도,임실군,덕치면,,11,2024-01-18
5275040021,전북특별자치도,임실군,덕치면,두지리,1,2024-01-18
5275040022,전북특별자치도,임실군,덕치면,사곡리,2,2024-01-18
5275040023,전북특별자치도,임실군,덕치면,가곡리,3,2024-01-18
5275040024,전북특별자치도,임실군,덕치면,천담리,4,2024-01-18
5275040025,전북특별자치도,임실군,덕치면,장암리,5,2024-01-18
5275040026,전북특별자치도,임실군,덕치면,일중리,6,2024-01-18
5275040027,전북특별자치도,임실군,덕치면,물우리,7,2024-01-18
5275040028,전북특별자치도,임실군,덕치면,회문리,8,2024-01-18
5275041000,전북특별자치도,임실군,지사면,,12,2024-01-18
5275041021,전북특별자치도,임실군,지사면,관기리,1,2024-01-18
5275041022,전북특별자치도,임실군,지사면,원산리,2,2024-01-18
5275041023,전북특별자치도,임실군,지사면,안하리,3,2024-01-18
5275041024,전북특별자치도,임실군,지사면,금평리,4,2024-01-18
5275041025,전북특별자치도,임실군,지사면,영천리,5,2024-01-18
5275041026,전북특별자치도,임실군,지사면,방계리,6,2024-01-18
5275041027,전북특별자치도,임실군,지사면,계산리,7,2024-01-18
5277000000,전북특별자치도,순창군,,,14,2024-01-18
5277025000,전북특별자치도,순창군,순창읍,,1,2024-01-18
5277025021,전북특별자치도,순창군,순창읍,순화리,1,2024-01-18
5277025022,전북특별자치도,순창군,순창읍,남계리,2,2024-01-18
5277025023,전북특별자치도,순창군,순창읍,장덕리,3,2024-01-18
5277025024,전북특별자치도,순창군,순창읍,복실리,4,2024-01-18
5277025025,전북특별자치도,순창군,순창읍,백산리,5,2024-01-18
5277025026,전북특별자치도,순창군,순창읍,교성리,6,2024-01-18
5277025027,전북특별자치도,순창군,순창읍,가남리,7,2024-01-18
5277025028,전북특별자치도,순창군,순창읍,신남리,8,2024-01-18
5277031000,전북특별자치도,순창군,인계면,,2,2024-01-18
5277031021,전북특별자치도,순창군,인계면,갑동리,1,2024-01-18
5277031022,전북특별자치도,순창군,인계면,도룡리,2,2024-01-18
5277031023,전북특별자치도,순창군,인계면,쌍암리,3,2024-01-18
5277031024,전북특별자치도,순창군,인계면,탑리,4,2024-01-18
5277031025,전북특별자치도,순창군,인계면,심초리,5,2024-01-18
5277031026,전북특별자치도,순창군,인계면,세룡리,6,2024-01-18
5277031027,전북특별자치도,순창군,인계면,마흘리,7,2024-01-18
5277031028,전북특별자치도,순창군,인계면,가성리,8,2024-01-18
5277031029,전북특별자치도,순창군,인계면,중산리,9,2024-01-18
5277031030,전북특별자치도,순창군,인계면,지산리,10,2024-01-18
5277031031,전북특별자치도,순창군,인계면,노동리,11,2024-01-18
5277032000,전북특별자치도,순창군,동계면,,3,2024-01-18
5277032021,전북특별자치도,순창군,동계면,현포리,1,2024-01-18
5277032022,전북특별자치도,순창군,동계면,서호리,2,2024-01-18
5277032023,전북특별자치도,순창군,동계면,어치리,3,2024-01-18
5277032024,전북특별자치도,순창군,동계면,구미리,4,2024-01-18
5277032025,전북특별자치도,순창군,동계면,동심리,5,2024-01-18
5277032026,전북특별자치도,순창군,동계면,관전리,6,2024-01-18
5277032027,전북특별자치도,순창군,동계면,신흥리,7,2024-01-18
5277032028,전북특별자치도,순창군,동계면,유산리,8,2024-01-18
5277032029,전북특별자치도,순창군,동계면,이동리,9,2024-01-18
5277032030,전북특별자치도,순창군,동계면,수정리,10,2024-01-18
5277032031,전북특별자치도,순창군,동계면,주월리,11,2024-01-18
5277032032,전북특별자치도,순창군,동계면,내령리,12,2024-01-18
5277032033,전북특별자치도,순창군,동계면,수장리,13,2024-01-18
5277033000,전북특별자치도,순창군,풍산면,,4,2024-01-18
5277033021,전북특별자치도,순창군,풍산면,반월리,1,2024-01-18
5277033022,전북특별자치도,순창군,풍산면,유정리,2,2024-01-18
5277033023,전북특별자치도,순창군,풍산면,삼촌리,3,2024-01-18
5277033024,전북특별자치도,순창군,풍산면,금곡리,4,2024-01-18
5277033025,전북특별자치도,순창군,풍산면,죽전리,5,2024-01-18
5277033026,전북특별자치도,순창군,풍산면,우곡리,6,2024-01-18
5277033027,전북특별자치도,순창군,풍산면,한내리,7,2024-01-18
5277033028,전북특별자치도,순창군,풍산면,대가리,8,2024-01-18
5277033029,전북특별자치도,순창군,풍산면,두승리,9,2024-01-18
5277033030,전북특별자치도,순창군,풍산면,상촌리,10,2024-01-18
5277033031,전북특별자치도,순창군,풍산면,용내리,11,2024-01-18
5277033032,전북특별자치도,순창군,풍산면,죽곡리,12,2024-01-18
5277034000,전북특별자치도,순창군,금과면,,5,2024-01-18
5277034021,전북특별자치도,순창군,금과면,수양리,1,2024-01-18
5277034022,전북특별자치도,순창군,금과면,발산리,2,2024-01-18
5277034023,전북특별자치도,순창군,금과면,내동리,3,2024-01-18
5277034024,전북특별자치도,순창군,금과면,동전리,4,2024-01-18
5277034025,전북특별자치도,순창군,금과면,대성리,5,2024-01-18
5277034026,전북특별자치도,순창군,금과면,청용리,6,2024-01-18
5277034027,전북특별자치도,순창군,금과면,방성리,7,2024-01-18
5277034028,전북특별자치도,순창군,금과면,남계리,8,2024-01-18
5277034030,전북특별자치도,순창군,금과면,목동리,10,2024-01-18
5277034032,전북특별자치도,순창군,금과면,방축리,12,2024-01-18
5277034033,전북특별자치도,순창군,금과면,고례리,13,2024-01-18
5277034034,전북특별자치도,순창군,금과면,장장리,0,2024-01-18
5277034035,전북특별자치도,순창군,금과면,매우리,0,2024-01-18
5277035000,전북특별자치도,순창군,팔덕면,,6,2024-01-18
5277035021,전북특별자치도,순창군,팔덕면,구룡리,1,2024-01-18
5277035022,전북특별자치도,순창군,팔덕면,용산리,2,2024-01-18
5277035023,전북특별자치도,순창군,팔덕면,월곡리,3,2024-01-18
5277035024,전북특별자치도,순창군,팔덕면,광암리,4,2024-01-18
5277035025,전북특별자치도,순창군,팔덕면,청계리,5,2024-01-18
5277035026,전북특별자치도,순창군,팔덕면,서흥리,6,2024-01-18
5277035027,전북특별자치도,순창군,팔덕면,산동리,7,2024-01-18
5277035028,전북특별자치도,순창군,팔덕면,장안리,8,2024-01-18
5277035029,전북특별자치도,순창군,팔덕면,창덕리,9,2024-01-18
5277035030,전북특별자치도,순창군,팔덕면,덕천리,10,2024-01-18
5277036000,전북특별자치도,순창군,쌍치면,,7,2024-01-18
5277036021,전북특별자치도,순창군,쌍치면,방산리,1,2024-01-18
5277036023,전북특별자치도,순창군,쌍치면,신성리,2,2024-01-18
5277036024,전북특별자치도,순창군,쌍치면,탕곡리,3,2024-01-18
5277036025,전북특별자치도,순창군,쌍치면,중안리,4,2024-01-18
5277036026,전북특별자치도,순창군,쌍치면,둔전리,5,2024-01-18
5277036027,전북특별자치도,순창군,쌍치면,시산리,6,2024-01-18
5277036028,전북특별자치도,순창군,쌍치면,옥산리,7,2024-01-18
5277036029,전북특별자치도,순창군,쌍치면,종암리,8,2024-01-18
5277036030,전북특별자치도,순창군,쌍치면,학선리,9,2024-01-18
5277036031,전북특별자치도,순창군,쌍치면,도고리,10,2024-01-18
5277036032,전북특별자치도,순창군,쌍치면,금평리,11,2024-01-18
5277036033,전북특별자치도,순창군,쌍치면,쌍계리,12,2024-01-18
5277036034,전북특별자치도,순창군,쌍치면,전암리,13,2024-01-18
5277036035,전북특별자치도,순창군,쌍치면,양신리,14,2024-01-18
5277036036,전북특별자치도,순창군,쌍치면,운암리,15,2024-01-18
5277036037,전북특별자치도,순창군,쌍치면,용전리,16,2024-01-18
5277036038,전북특별자치도,순창군,쌍치면,금성리,17,2024-01-18
5277036039,전북특별자치도,순창군,쌍치면,오봉리,18,2024-01-18
5277036040,전북특별자치도,순창군,쌍치면,종곡리,19,2024-01-18
5277037000,전북특별자치도,순창군,복흥면,,8,2024-01-18
5277037021,전북특별자치도,순창군,복흥면,서마리,1,2024-01-18
5277037022,전북특별자치도,순창군,복흥면,동산리,2,2024-01-18
5277037023,전북특별자치도,순창군,복흥면,화양리,3,2024-01-18
5277037024,전북특별자치도,순창군,복흥면,반월리,4,2024-01-18
5277037025,전북특별자치도,순창군,복흥면,봉덕리,5,2024-01-18
5277037026,전북특별자치도,순창군,복흥면,농암리,6,2024-01-18
5277037027,전북특별자치도,순창군,복흥면,지선리,7,2024-01-18
5277037028,전북특별자치도,순창군,복흥면,금월리,8,2024-01-18
5277037029,전북특별자치도,순창군,복흥면,어은리,9,2024-01-18
5277037030,전북특별자치도,순창군,복흥면,대방리,10,2024-01-18
5277037031,전북특별자치도,순창군,복흥면,정산리,11,2024-01-18
5277037032,전북특별자치도,순창군,복흥면,산정리,12,2024-01-18
5277037033,전북특별자치도,순창군,복흥면,주평리,13,2024-01-18
5277037034,전북특별자치도,순창군,복흥면,상송리,14,2024-01-18
5277037035,전북특별자치도,순창군,복흥면,하리,15,2024-01-18
5277037036,전북특별자치도,순창군,복흥면,답동리,16,2024-01-18
5277037037,전북특별자치도,순창군,복흥면,석보리,17,2024-01-18
5277038000,전북특별자치도,순창군,적성면,,9,2024-01-18
5277038021,전북특별자치도,순창군,적성면,지북리,1,2024-01-18
5277038022,전북특별자치도,순창군,적성면,대산리,2,2024-01-18
5277038023,전북특별자치도,순창군,적성면,운림리,3,2024-01-18
5277038024,전북특별자치도,순창군,적성면,고원리,4,2024-01-18
5277038025,전북특별자치도,순창군,적성면,내월리,5,2024-01-18
5277038026,전북특별자치도,순창군,적성면,평남리,6,2024-01-18
5277038027,전북특별자치도,순창군,적성면,괴정리,7,2024-01-18
5277038028,전북특별자치도,순창군,적성면,석산리,8,2024-01-18
5277039000,전북특별자치도,순창군,유등면,,10,2024-01-18
5277039021,전북특별자치도,순창군,유등면,창신리,1,2024-01-18
5277039022,전북특별자치도,순창군,유등면,건곡리,2,2024-01-18
5277039023,전북특별자치도,순창군,유등면,외이리,3,2024-01-18
5277039024,전북특별자치도,순창군,유등면,오교리,4,2024-01-18
5277039025,전북특별자치도,순창군,유등면,유촌리,5,2024-01-18
5277039026,전북특별자치도,순창군,유등면,무수리,6,2024-01-18
5277040000,전북특별자치도,순창군,구림면,,11,2024-01-18
5277040021,전북특별자치도,순창군,구림면,운남리,1,2024-01-18
5277040022,전북특별자치도,순창군,구림면,구암리,2,2024-01-18
5277040023,전북특별자치도,순창군,구림면,구산리,3,2024-01-18
5277040024,전북특별자치도,순창군,구림면,성곡리,4,2024-01-18
5277040025,전북특별자치도,순창군,구림면,율북리,5,2024-01-18
5277040026,전북특별자치도,순창군,구림면,안정리,6,2024-01-18
5277040027,전북특별자치도,순창군,구림면,금천리,7,2024-01-18
5277040028,전북특별자치도,순창군,구림면,금창리,8,2024-01-18
5277040029,전북특별자치도,순창군,구림면,방화리,9,2024-01-18
5277040030,전북특별자치도,순창군,구림면,운북리,10,2024-01-18
5277040031,전북특별자치도,순창군,구림면,월정리,11,2024-01-18
5277040032,전북특별자치도,순창군,구림면,자양리,12,2024-01-18
5277040033,전북특별자치도,순창군,구림면,구곡리,13,2024-01-18
5277040034,전북특별자치도,순창군,구림면,화암리,14,2024-01-18
5279000000,전북특별자치도,고창군,,,15,2024-01-18
5279025000,전북특별자치도,고창군,고창읍,,1,2024-01-18
5279025021,전북특별자치도,고창군,고창읍,읍내리,1,2024-01-18
5279025022,전북특별자치도,고창군,고창읍,교촌리,2,2024-01-18
5279025023,전북특별자치도,고창군,고창읍,월곡리,3,2024-01-18
5279025024,전북특별자치도,고창군,고창읍,월암리,4,2024-01-18
5279025025,전북특별자치도,고창군,고창읍,석정리,5,2024-01-18
5279025026,전북특별자치도,고창군,고창읍,월산리,6,2024-01-18
5279025027,전북특별자치도,고창군,고창읍,노동리,7,2024-01-18
5279025028,전북특별자치도,고창군,고창읍,화산리,8,2024-01-18
5279025029,전북특별자치도,고창군,고창읍,내동리,9,2024-01-18
5279025030,전북특별자치도,고창군,고창읍,덕산리,10,2024-01-18
5279025031,전북특별자치도,고창군,고창읍,주곡리,11,2024-01-18
5279025032,전북특별자치도,고창군,고창읍,도산리,12,2024-01-18
5279025033,전북특별자치도,고창군,고창읍,죽림리,13,2024-01-18
5279025034,전북특별자치도,고창군,고창읍,신월리,14,2024-01-18
5279025035,전북특별자치도,고창군,고창읍,덕정리,15,2024-01-18
5279025036,전북특별자치도,고창군,고창읍,율계리,16,2024-01-18
5279025037,전북특별자치도,고창군,고창읍,석교리,17,2024-01-18
5279025038,전북특별자치도,고창군,고창읍,성두리,18,2024-01-18
5279031000,전북특별자치도,고창군,고수면,,2,2024-01-18
5279031021,전북특별자치도,고창군,고수면,와촌리,1,2024-01-18
5279031022,전북특별자치도,고창군,고수면,황산리,2,2024-01-18
5279031023,전북특별자치도,고창군,고수면,봉산리,3,2024-01-18
5279031024,전북특별자치도,고창군,고수면,우평리,4,2024-01-18
5279031025,전북특별자치도,고창군,고수면,남산리,5,2024-01-18
5279031026,전북특별자치도,고창군,고수면,예지리,6,2024-01-18
5279031027,전북특별자치도,고창군,고수면,인성리,7,2024-01-18
5279031028,전북특별자치도,고창군,고수면,장두리,8,2024-01-18
5279031029,전북특별자치도,고창군,고수면,초내리,9,2024-01-18
5279031030,전북특별자치도,고창군,고수면,평지리,10,2024-01-18
5279031031,전북특별자치도,고창군,고수면,부곡리,11,2024-01-18
5279031032,전북특별자치도,고창군,고수면,상평리,12,2024-01-18
5279031033,전북특별자치도,고창군,고수면,두평리,13,2024-01-18
5279031034,전북특별자치도,고창군,고수면,은사리,14,2024-01-18
5279032000,전북특별자치도,고창군,아산면,,3,2024-01-18
5279032021,전북특별자치도,고창군,아산면,봉덕리,1,2024-01-18
5279032022,전북특별자치도,고창군,아산면,중월리,2,2024-01-18
5279032023,전북특별자치도,고창군,아산면,목동리,3,2024-01-18
5279032024,전북특별자치도,고창군,아산면,상갑리,4,2024-01-18
5279032025,전북특별자치도,고창군,아산면,하갑리,5,2024-01-18
5279032026,전북특별자치도,고창군,아산면,대동리,6,2024-01-18
5279032027,전북특별자치도,고창군,아산면,주진리,7,2024-01-18
5279032028,전북특별자치도,고창군,아산면,남산리,8,2024-01-18
5279032029,전북특별자치도,고창군,아산면,성산리,9,2024-01-18
5279032030,전북특별자치도,고창군,아산면,학전리,10,2024-01-18
5279032031,전북특별자치도,고창군,아산면,운곡리,0,2024-01-18
5279032032,전북특별자치도,고창군,아산면,용계리,11,2024-01-18
5279032033,전북특별자치도,고창군,아산면,계산리,12,2024-01-18
5279032034,전북특별자치도,고창군,아산면,구암리,13,2024-01-18
5279032035,전북특별자치도,고창군,아산면,반암리,14,2024-01-18
5279032036,전북특별자치도,고창군,아산면,삼인리,15,2024-01-18
5279033000,전북특별자치도,고창군,무장면,,4,2024-01-18
5279033021,전북특별자치도,고창군,무장면,무장리,1,2024-01-18
5279033022,전북특별자치도,고창군,무장면,성내리,2,2024-01-18
5279033023,전북특별자치도,고창군,무장면,교흥리,3,2024-01-18
5279033024,전북특별자치도,고창군,무장면,송현리,4,2024-01-18
5279033025,전북특별자치도,고창군,무장면,원촌리,5,2024-01-18
5279033026,전북특별자치도,고창군,무장면,강남리,6,2024-01-18
5279033027,전북특별자치도,고창군,무장면,목우리,7,2024-01-18
5279033028,전북특별자치도,고창군,무장면,덕림리,8,2024-01-18
5279033029,전북특별자치도,고창군,무장면,옥산리,9,2024-01-18
5279033030,전북특별자치도,고창군,무장면,고라리,10,2024-01-18
5279033031,전북특별자치도,고창군,무장면,백양리,11,2024-01-18
5279033032,전북특별자치도,고창군,무장면,신촌리,12,2024-01-18
5279033033,전북특별자치도,고창군,무장면,만화리,13,2024-01-18
5279033034,전북특별자치도,고창군,무장면,월림리,14,2024-01-18
5279033035,전북특별자치도,고창군,무장면,도곡리,15,2024-01-18
5279033036,전북특별자치도,고창군,무장면,송계리,16,2024-01-18
5279034000,전북특별자치도,고창군,공음면,,5,2024-01-18
5279034021,전북특별자치도,고창군,공음면,두암리,1,2024-01-18
5279034022,전북특별자치도,고창군,공음면,신대리,2,2024-01-18
5279034023,전북특별자치도,고창군,공음면,구암리,3,2024-01-18
5279034024,전북특별자치도,고창군,공음면,석교리,4,2024-01-18
5279034025,전북특별자치도,고창군,공음면,장곡리,5,2024-01-18
5279034026,전북특별자치도,고창군,공음면,칠암리,6,2024-01-18
5279034027,전북특별자치도,고창군,공음면,용수리,7,2024-01-18
5279034028,전북특별자치도,고창군,공음면,선동리,8,2024-01-18
5279034029,전북특별자치도,고창군,공음면,건동리,9,2024-01-18
5279034030,전북특별자치도,고창군,공음면,군유리,10,2024-01-18
5279034031,전북특별자치도,고창군,공음면,예전리,11,2024-01-18
5279034032,전북특별자치도,고창군,공음면,덕암리,12,2024-01-18
5279035000,전북특별자치도,고창군,상하면,,6,2024-01-18
5279035021,전북특별자치도,고창군,상하면,장산리,1,2024-01-18
5279035022,전북특별자치도,고창군,상하면,장호리,2,2024-01-18
5279035023,전북특별자치도,고창군,상하면,용정리,3,2024-01-18
5279035024,전북특별자치도,고창군,상하면,자룡리,4,2024-01-18
5279035025,전북특별자치도,고창군,상하면,석남리,5,2024-01-18
5279035026,전북특별자치도,고창군,상하면,하장리,6,2024-01-18
5279035027,전북특별자치도,고창군,상하면,용대리,7,2024-01-18
5279035028,전북특별자치도,고창군,상하면,검산리,8,2024-01-18
5279035029,전북특별자치도,고창군,상하면,송곡리,9,2024-01-18
5279036000,전북특별자치도,고창군,해리면,,7,2024-01-18
5279036021,전북특별자치도,고창군,해리면,하련리,1,2024-01-18
5279036022,전북특별자치도,고창군,해리면,평지리,2,2024-01-18
5279036023,전북특별자치도,고창군,해리면,고성리,3,2024-01-18
5279036024,전북특별자치도,고창군,해리면,송산리,4,2024-01-18
5279036025,전북특별자치도,고창군,해리면,안산리,5,2024-01-18
5279036026,전북특별자치도,고창군,해리면,왕촌리,6,2024-01-18
5279036027,전북특별자치도,고창군,해리면,라성리,7,2024-01-18
5279036028,전북특별자치도,고창군,해리면,사반리,8,2024-01-18
5279036029,전북특별자치도,고창군,해리면,방축리,9,2024-01-18
5279036030,전북특별자치도,고창군,해리면,금평리,10,2024-01-18
5279036031,전북특별자치도,고창군,해리면,광승리,11,2024-01-18
5279036032,전북특별자치도,고창군,해리면,동호리,12,2024-01-18
5279037000,전북특별자치도,고창군,성송면,,8,2024-01-18
5279037021,전북특별자치도,고창군,성송면,산수리,1,2024-01-18
5279037022,전북특별자치도,고창군,성송면,하고리,2,2024-01-18
5279037023,전북특별자치도,고창군,성송면,무송리,3,2024-01-18
5279037024,전북특별자치도,고창군,성송면,암치리,4,2024-01-18
5279037025,전북특별자치도,고창군,성송면,계당리,5,2024-01-18
5279037026,전북특별자치도,고창군,성송면,판정리,6,2024-01-18
5279037027,전북특별자치도,고창군,성송면,괴치리,7,2024-01-18
5279037028,전북특별자치도,고창군,성송면,향산리,8,2024-01-18
5279037029,전북특별자치도,고창군,성송면,학천리,9,2024-01-18
5279037030,전북특별자치도,고창군,성송면,사내리,10,2024-01-18
5279037031,전북특별자치도,고창군,성송면,낙양리,11,2024-01-18
5279038000,전북특별자치도,고창군,대산면,,9,2024-01-18
5279038021,전북특별자치도,고창군,대산면,성남리,1,2024-01-18
5279038022,전북특별자치도,고창군,대산면,광대리,2,2024-01-18
5279038023,전북특별자치도,고창군,대산면,덕천리,3,2024-01-18
5279038024,전북특별자치도,고창군,대산면,중산리,4,2024-01-18
5279038025,전북특별자치도,고창군,대산면,매산리,5,2024-01-18
5279038026,전북특별자치도,고창군,대산면,산정리,6,2024-01-18
5279038027,전북특별자치도,고창군,대산면,율촌리,7,2024-01-18
5279038028,전북특별자치도,고창군,대산면,춘산리,8,2024-01-18
5279038029,전북특별자치도,고창군,대산면,연동리,9,2024-01-18
5279038030,전북특별자치도,고창군,대산면,갈마리,10,2024-01-18
5279038031,전북특별자치도,고창군,대산면,해룡리,11,2024-01-18
5279038032,전북특별자치도,고창군,대산면,대장리,12,2024-01-18
5279038033,전북특별자치도,고창군,대산면,회룡리,13,2024-01-18
5279038034,전북특별자치도,고창군,대산면,지석리,14,2024-01-18
5279038035,전북특별자치도,고창군,대산면,상금리,15,2024-01-18
5279039000,전북특별자치도,고창군,심원면,,10,2024-01-18
5279039021,전북특별자치도,고창군,심원면,궁산리,1,2024-01-18
5279039022,전북특별자치도,고창군,심원면,주산리,2,2024-01-18
5279039023,전북특별자치도,고창군,심원면,고전리,3,2024-01-18
5279039024,전북특별자치도,고창군,심원면,만돌리,4,2024-01-18
5279039025,전북특별자치도,고창군,심원면,두어리,5,2024-01-18
5279039026,전북특별자치도,고창군,심원면,도천리,6,2024-01-18
5279039027,전북특별자치도,고창군,심원면,연화리,7,2024-01-18
5279039028,전북특별자치도,고창군,심원면,월산리,8,2024-01-18
5279039029,전북특별자치도,고창군,심원면,하전리,9,2024-01-18
5279039030,전북특별자치도,고창군,심원면,용기리,10,2024-01-18
5279040000,전북특별자치도,고창군,흥덕면,,11,2024-01-18
5279040021,전북특별자치도,고창군,흥덕면,흥덕리,1,2024-01-18
5279040022,전북특별자치도,고창군,흥덕면,동사리,2,2024-01-18
5279040023,전북특별자치도,고창군,흥덕면,치룡리,3,2024-01-18
5279040024,전북특별자치도,고창군,흥덕면,신송리,4,2024-01-18
5279040025,전북특별자치도,고창군,흥덕면,하남리,5,2024-01-18
5279040026,전북특별자치도,고창군,흥덕면,용반리,6,2024-01-18
5279040027,전북특별자치도,고창군,흥덕면,신덕리,7,2024-01-18
5279040028,전북특별자치도,고창군,흥덕면,후포리,8,2024-01-18
5279040029,전북특별자치도,고창군,흥덕면,사포리,9,2024-01-18
5279040030,전북특별자치도,고창군,흥덕면,교운리,10,2024-01-18
5279040031,전북특별자치도,고창군,흥덕면,석우리,11,2024-01-18
5279040032,전북특별자치도,고창군,흥덕면,오호리,12,2024-01-18
5279040033,전북특별자치도,고창군,흥덕면,석교리,13,2024-01-18
5279040034,전북특별자치도,고창군,흥덕면,사천리,14,2024-01-18
5279040035,전북특별자치도,고창군,흥덕면,제하리,15,2024-01-18
5279040036,전북특별자치도,고창군,흥덕면,송암리,16,2024-01-18
5279041000,전북특별자치도,고창군,성내면,,12,2024-01-18
5279041021,전북특별자치도,고창군,성내면,양계리,1,2024-01-18
5279041022,전북특별자치도,고창군,성내면,월성리,2,2024-01-18
5279041023,전북특별자치도,고창군,성내면,조동리,3,2024-01-18
5279041024,전북특별자치도,고창군,성내면,부덕리,4,2024-01-18
5279041025,전북특별자치도,고창군,성내면,덕산리,5,2024-01-18
5279041026,전북특별자치도,고창군,성내면,신성리,6,2024-01-18
5279041027,전북특별자치도,고창군,성내면,동산리,7,2024-01-18
5279041028,전북특별자치도,고창군,성내면,월산리,8,2024-01-18
5279041029,전북특별자치도,고창군,성내면,옥제리,9,2024-01-18
5279041030,전북특별자치도,고창군,성내면,대흥리,10,2024-01-18
5279041031,전북특별자치도,고창군,성내면,신대리,11,2024-01-18
5279041032,전북특별자치도,고창군,성내면,용교리,12,2024-01-18
5279041033,전북특별자치도,고창군,성내면,산림리,13,2024-01-18
5279042000,전북특별자치도,고창군,신림면,,13,2024-01-18
5279042021,전북특별자치도,고창군,신림면,무림리,1,2024-01-18
5279042022,전북특별자치도,고창군,신림면,외화리,2,2024-01-18
5279042023,전북특별자치도,고창군,신림면,도림리,3,2024-01-18
5279042024,전북특별자치도,고창군,신림면,덕화리,4,2024-01-18
5279042025,전북특별자치도,고창군,신림면,가평리,5,2024-01-18
5279042026,전북특별자치도,고창군,신림면,신평리,6,2024-01-18
5279042027,전북특별자치도,고창군,신림면,반룡리,7,2024-01-18
5279042028,전북특별자치도,고창군,신림면,세곡리,8,2024-01-18
5279042029,전북특별자치도,고창군,신림면,자포리,9,2024-01-18
5279042030,전북특별자치도,고창군,신림면,송용리,10,2024-01-18
5279042031,전북특별자치도,고창군,신림면,법지리,11,2024-01-18
5279042032,전북특별자치도,고창군,신림면,벽송리,12,2024-01-18
5279042033,전북특별자치도,고창군,신림면,부송리,13,2024-01-18
5279043000,전북특별자치도,고창군,부안면,,14,2024-01-18
5279043021,전북특별자치도,고창군,부안면,중흥리,1,2024-01-18
5279043022,전북특별자치도,고창군,부안면,오산리,2,2024-01-18
5279043023,전북특별자치도,고창군,부안면,수남리,3,2024-01-18
5279043024,전북특별자치도,고창군,부안면,검산리,4,2024-01-18
5279043025,전북특별자치도,고창군,부안면,수동리,5,2024-01-18
5279043026,전북특별자치도,고창군,부안면,수앙리,6,2024-01-18
5279043027,전북특별자치도,고창군,부안면,상암리,7,2024-01-18
5279043028,전북특별자치도,고창군,부안면,봉암리,8,2024-01-18
5279043029,전북특별자치도,고창군,부안면,송현리,9,2024-01-18
5279043030,전북특별자치도,고창군,부안면,선운리,10,2024-01-18
5279043031,전북특별자치도,고창군,부안면,용산리,11,2024-01-18
5279043032,전북특별자치도,고창군,부안면,상등리,12,2024-01-18
5279043033,전북특별자치도,고창군,부안면,사창리,13,2024-01-18
5279043034,전북특별자치도,고창군,부안면,운양리,14,2024-01-18
5280000000,전북특별자치도,부안군,,,16,2024-01-18
5280025000,전북특별자치도,부안군,부안읍,,1,2024-01-18
5280025021,전북특별자치도,부안군,부안읍,동중리,1,2024-01-18
5280025022,전북특별자치도,부안군,부안읍,서외리,2,2024-01-18
5280025023,전북특별자치도,부안군,부안읍,선은리,3,2024-01-18
5280025024,전북특별자치도,부안군,부안읍,봉덕리,4,2024-01-18
5280025025,전북특별자치도,부안군,부안읍,신운리,5,2024-01-18
5280025026,전북특별자치도,부안군,부안읍,모산리,6,2024-01-18
5280025027,전북특별자치도,부안군,부안읍,행중리,7,2024-01-18
5280025028,전북특별자치도,부안군,부안읍,연곡리,8,2024-01-18
5280025029,전북특별자치도,부안군,부안읍,옹중리,9,2024-01-18
5280025030,전북특별자치도,부안군,부안읍,내요리,10,2024-01-18
5280025031,전북특별자치도,부안군,부안읍,외하리,11,2024-01-18
5280025032,전북특별자치도,부안군,부안읍,신흥리,12,2024-01-18
5280031000,전북특별자치도,부안군,주산면,,2,2024-01-18
5280031021,전북특별자치도,부안군,주산면,소주리,1,2024-01-18
5280031022,전북특별자치도,부안군,주산면,덕림리,2,2024-01-18
5280031023,전북특별자치도,부안군,주산면,동정리,3,2024-01-18
5280031024,전북특별자치도,부안군,주산면,소산리,4,2024-01-18
5280031025,전북특별자치도,부안군,주산면,갈촌리,5,2024-01-18
5280031026,전북특별자치도,부안군,주산면,사산리,6,2024-01-18
5280031027,전북특별자치도,부안군,주산면,돈계리,7,2024-01-18
5280031028,전북특별자치도,부안군,주산면,백석리,8,2024-01-18
5280032000,전북특별자치도,부안군,동진면,,3,2024-01-18
5280032021,전북특별자치도,부안군,동진면,봉황리,1,2024-01-18
5280032022,전북특별자치도,부안군,동진면,내기리,2,2024-01-18
5280032023,전북특별자치도,부안군,동진면,하장리,3,2024-01-18
5280032024,전북특별자치도,부안군,동진면,장등리,4,2024-01-18
5280032025,전북특별자치도,부안군,동진면,동전리,5,2024-01-18
5280032026,전북특별자치도,부안군,동진면,안성리,6,2024-01-18
5280032027,전북특별자치도,부안군,동진면,본덕리,7,2024-01-18
5280032028,전북특별자치도,부안군,동진면,증산리,8,2024-01-18
5280032029,전북특별자치도,부안군,동진면,당상리,9,2024-01-18
5280033000,전북특별자치도,부안군,행안면,,4,2024-01-18
5280033021,전북특별자치도,부안군,행안면,역리,1,2024-01-18
5280033022,전북특별자치도,부안군,행안면,삼간리,2,2024-01-18
5280033023,전북특별자치도,부안군,행안면,진동리,3,2024-01-18
5280033024,전북특별자치도,부안군,행안면,대초리,4,2024-01-18
5280033025,전북특별자치도,부안군,행안면,신기리,5,2024-01-18
5280034000,전북특별자치도,부안군,계화면,,5,2024-01-18
5280034021,전북특별자치도,부안군,계화면,계화리,1,2024-01-18
5280034022,전북특별자치도,부안군,계화면,창북리,2,2024-01-18
5280034023,전북특별자치도,부안군,계화면,양산리,3,2024-01-18
5280034024,전북특별자치도,부안군,계화면,궁안리,4,2024-01-18
5280034025,전북특별자치도,부안군,계화면,의복리,5,2024-01-18
5280035000,전북특별자치도,부안군,보안면,,6,2024-01-18
5280035021,전북특별자치도,부안군,보안면,영전리,1,2024-01-18
5280035022,전북특별자치도,부안군,보안면,상입석리,2,2024-01-18
5280035023,전북특별자치도,부안군,보안면,남포리,3,2024-01-18
5280035024,전북특별자치도,부안군,보안면,우동리,4,2024-01-18
5280035025,전북특별자치도,부안군,보안면,신복리,5,2024-01-18
5280035026,전북특별자치도,부안군,보안면,유천리,6,2024-01-18
5280035027,전북특별자치도,부안군,보안면,하입석리,7,2024-01-18
5280035028,전북특별자치도,부안군,보안면,상림리,8,2024-01-18
5280035029,전북특별자치도,부안군,보안면,월천리,9,2024-01-18
5280035030,전북특별자치도,부안군,보안면,부곡리,10,2024-01-18
5280036000,전북특별자치도,부안군,변산면,,7,2024-01-18
5280036021,전북특별자치도,부안군,변산면,도청리,1,2024-01-18
5280036022,전북특별자치도,부안군,변산면,격포리,2,2024-01-18
5280036023,전북특별자치도,부안군,변산면,마포리,3,2024-01-18
5280036024,전북특별자치도,부안군,변산면,운산리,4,2024-01-18
5280036025,전북특별자치도,부안군,변산면,지서리,5,2024-01-18
5280036026,전북특별자치도,부안군,변산면,대항리,6,2024-01-18
5280036027,전북특별자치도,부안군,변산면,중계리,7,2024-01-18
5280037000,전북특별자치도,부안군,진서면,,8,2024-01-18
5280037021,전북특별자치도,부안군,진서면,진서리,1,2024-01-18
5280037022,전북특별자치도,부안군,진서면,석포리,2,2024-01-18
5280037023,전북특별자치도,부안군,진서면,운호리,3,2024-01-18
5280037024,전북특별자치도,부안군,진서면,곰소리,0,2024-01-18
5280038000,전북특별자치도,부안군,백산면,,9,2024-01-18
5280038021,전북특별자치도,부안군,백산면,금판리,1,2024-01-18
5280038022,전북특별자치도,부안군,백산면,용계리,2,2024-01-18
5280038023,전북특별자치도,부안군,백산면,원천리,3,2024-01-18
5280038024,전북특별자치도,부안군,백산면,대수리,4,2024-01-18
5280038025,전북특별자치도,부안군,백산면,하청리,5,2024-01-18
5280038026,전북특별자치도,부안군,백산면,거룡리,6,2024-01-18
5280038027,전북특별자치도,부안군,백산면,대죽리,7,2024-01-18
5280038028,전북특별자치도,부안군,백산면,평교리,8,2024-01-18
5280038029,전북특별자치도,부안군,백산면,오곡리,9,2024-01-18
5280038030,전북특별자치도,부안군,백산면,덕신리,10,2024-01-18
5280038031,전북특별자치도,부안군,백산면,신평리,11,2024-01-18
5280038032,전북특별자치도,부안군,백산면,죽림리,12,2024-01-18
5280039000,전북특별자치도,부안군,상서면,,10,2024-01-18
5280039021,전북특별자치도,부안군,상서면,감교리,1,2024-01-18
5280039022,전북특별자치도,부안군,상서면,가오리,2,2024-01-18
5280039023,전북특별자치도,부안군,상서면,고잔리,3,2024-01-18
5280039024,전북특별자치도,부안군,상서면,용서리,4,2024-01-18
5280039025,전북특별자치도,부안군,상서면,장동리,5,2024-01-18
5280039026,전북특별자치도,부안군,상서면,통정리,6,2024-01-18
5280039027,전북특별자치도,부안군,상서면,청림리,7,2024-01-18
5280040000,전북특별자치도,부안군,하서면,,11,2024-01-18
5280040021,전북특별자치도,부안군,하서면,청호리,1,2024-01-18
5280040022,전북특별자치도,부안군,하서면,언독리,2,2024-01-18
5280040023,전북특별자치도,부안군,하서면,석상리,3,2024-01-18
5280040024,전북특별자치도,부안군,하서면,백련리,4,2024-01-18
5280040025,전북특별자치도,부안군,하서면,장신리,5,2024-01-18
5280041000,전북특별자치도,부안군,줄포면,,12,2024-01-18
5280041021,전북특별자치도,부안군,줄포면,줄포리,1,2024-01-18
5280041022,전북특별자치도,부안군,줄포면,장동리,2,2024-01-18
5280041023,전북특별자치도,부안군,줄포면,우포리,3,2024-01-18
5280041024,전북특별자치도,부안군,줄포면,신리,4,2024-01-18
5280041025,전북특별자치도,부안군,줄포면,난산리,5,2024-01-18
5280041026,전북특별자치도,부안군,줄포면,파산리,6,2024-01-18
5280041027,전북특별자치도,부안군,줄포면,대동리,7,2024-01-18
5280042000,전북특별자치도,부안군,위도면,,13,2024-01-18
5280042021,전북특별자치도,부안군,위도면,진리,1,2024-01-18
5280042022,전북특별자치도,부안군,위도면,정금리,2,2024-01-18
5280042023,전북특별자치도,부안군,위도면,치도리,3,2024-01-18
5280042024,전북특별자치도,부안군,위도면,대리,4,2024-01-18
5280042025,전북특별자치도,부안군,위도면,거륜리,5,2024-01-18
5280042026,전북특별자치도,부안군,위도면,식도리,6,2024-01-18
5280042027,전북특별자치도,부안군,위도면,상왕등리,7,2024-01-18
5280042028,전북특별자치도,부안군,위도면,하왕등리,8,2024-01-18